size,440,441,442,443,444,456,457,458,459,460,484,485,486,487,488,446,447,448,449,450,451,452,453,454,455,461,462,463,464,465,466,467,468,469,470,471,472,476,477,478,479,480,481,482,490,491,492,493,494,VC-BER-20,VC-BER-21,VC-BER-31,VC-BER-22,VC-BER-23,VC-BER-24,VC-BER-25,VC-BER-26,VC-BER-28,VC-BER-29,VC-BER-27,VC-BER-30,95,96,97,98,100,105,106,107,108,109,111,112,114,GS
0.37,0.0008,0.00089,0.00083,0.00068,0.00077,0.00077,0.00075,0.00066,0.00064,0.00072,0.00081,0.00068,0.00047,0.00054,0.00069,0.00065,0.00087,0.00105,0.0008,0.00092,0.00075,0.00063,0.00072,0.00075,0.00053,0.00053,0.00068,0.00068,0.00064,0.00061,0.00057,0.0005,0.00045,0.00069,0.00062,0.0007,0.00065,0.00064,0.00058,0.00064,0.00067,0.00063,0.00069,0.00062,0.00061,0.00075,0.0007,0.00065,0.00057,0.001501801,0.001872626,0.001983153,0.001424741,0.001575825,0.001412669,0.000695191,0.000951027,0.001494435,0.001910535,0.001347709,0.001189726,0.000415831,0.000472048,0.000534171,0.000563043,0.000696537,0.000661654,0.000983284,0.001162301,0.001200447,0.001234425,0.001364901,0.001198518,0.000484008,0.000652703
0.44,0.00084,0.00094,0.00088,0.00071,0.00083,0.00082,0.00081,0.00071,0.0007,0.00079,0.0009,0.00074,0.0005,0.00058,0.00075,0.00071,0.00094,0.00114,0.00087,0.00101,0.00082,0.00067,0.0008,0.00084,0.00056,0.00057,0.00075,0.00074,0.0007,0.00067,0.00062,0.00054,0.00047,0.00075,0.00066,0.00077,0.00072,0.00067,0.00061,0.00069,0.00071,0.00067,0.00074,0.00067,0.00067,0.00075,0.00085,0.0007,0.00063,0.001680337,0.002021386,0.002140234,0.001484105,0.001506303,0.001469176,0.000684329,0.000992831,0.001617112,0.002007271,0.001363024,0.001049759,0.000430336,0.000491716,0.000565593,0.000599368,0.000726821,0.000695962,0.001021103,0.001162301,0.001173165,0.001234425,0.001259909,0.00114404,0.000484008,0.000664537
0.52,0.00091,0.00103,0.00096,0.00075,0.00092,0.0009,0.00091,0.00079,0.00079,0.00089,0.00103,0.00084,0.00058,0.00063,0.00085,0.00078,0.00104,0.00129,0.00098,0.00116,0.00093,0.00076,0.0009,0.001,0.00061,0.00064,0.00084,0.00084,0.00078,0.00077,0.00069,0.0006,0.00053,0.00084,0.00075,0.00087,0.00081,0.00073,0.00067,0.00076,0.00079,0.00074,0.00082,0.00075,0.00075,0.00089,0.00085,0.00078,0.00071,0.001953392,0.002240151,0.002375857,0.001573152,0.001413608,0.001525682,0.000673467,0.001055536,0.001817857,0.002160437,0.001378339,0.000886463,0.000454512,0.000524497,0.000597015,0.000653856,0.000772248,0.000740073,0.001077831,0.00117683,0.001145882,0.001195849,0.00110242,0.001035084,0.000497089,0.000696189
0.61,0.00101,0.00114,0.00108,0.00081,0.00105,0.00101,0.00105,0.00091,0.00092,0.00105,0.00123,0.00096,0.00067,0.00073,0.00098,0.00088,0.00118,0.00151,0.00114,0.00138,0.00109,0.00086,0.00108,0.00123,0.00066,0.00074,0.00098,0.001,0.0009,0.00089,0.00079,0.00069,0.0006,0.00096,0.00087,0.00101,0.00095,0.0008,0.00074,0.00087,0.00089,0.00083,0.00094,0.00087,0.00087,0.00102,0.001,0.0009,0.00082,0.002362974,0.002572674,0.002709655,0.00169188,0.001274564,0.001582189,0.000651742,0.001149593,0.002107822,0.002378093,0.001408968,0.000699839,0.000478689,0.000557278,0.000659859,0.000726507,0.000832816,0.000798886,0.001153468,0.00117683,0.001118599,0.001157273,0.000892435,0.00087165,0.000510171,0.000713249
0.72,0.00113,0.00128,0.00121,0.00088,0.00121,0.00114,0.00122,0.00105,0.00108,0.00126,0.00147,0.00112,0.00079,0.00083,0.00118,0.00101,0.00136,0.00178,0.00134,0.00166,0.0013,0.001,0.00132,0.00154,0.00073,0.00086,0.00116,0.0012,0.00107,0.00108,0.00091,0.00079,0.00068,0.00114,0.00103,0.0012,0.00114,0.00089,0.00082,0.00099,0.00101,0.00094,0.0011,0.00102,0.00102,0.00115,0.00129,0.00105,0.00098,0.002888079,0.003010203,0.003141629,0.001830396,0.001158695,0.001695203,0.000662604,0.001264553,0.00249816,0.002652178,0.001454913,0.000559871,0.0005077,0.000603172,0.000754124,0.000799157,0.000893384,0.000867502,0.001229105,0.00117683,0.00103675,0.001080122,0.000734947,0.000762693,0.000523252,0.000759147
0.85,0.00127,0.00145,0.00137,0.00097,0.00139,0.00131,0.00143,0.00122,0.00126,0.00149,0.00177,0.00132,0.00093,0.00095,0.00141,0.00116,0.00156,0.0021,0.00157,0.00198,0.00153,0.00116,0.00157,0.00187,0.00082,0.00098,0.00137,0.00143,0.00126,0.00128,0.00103,0.00089,0.00077,0.00135,0.00121,0.00141,0.00136,0.00099,0.00092,0.00114,0.00116,0.00108,0.00125,0.0012,0.00118,0.00141,0.00144,0.00124,0.00116,0.003434189,0.003535239,0.003632508,0.002028277,0.001181869,0.001864723,0.000727778,0.001452668,0.002955412,0.003006876,0.001562117,0.000559871,0.000546382,0.000655622,0.000816968,0.000871808,0.000969095,0.000950822,0.001323652,0.001205887,0.000982184,0.001041546,0.000629954,0.000653737,0.000549415,0.000830805
1.01,0.00153,0.00175,0.00164,0.00116,0.00167,0.00158,0.00173,0.00146,0.00152,0.00182,0.00216,0.00161,0.00114,0.00116,0.00173,0.00138,0.00188,0.00255,0.0019,0.00242,0.00185,0.00142,0.00194,0.00229,0.00098,0.00118,0.00166,0.00172,0.00155,0.00154,0.00121,0.00106,0.00091,0.00165,0.00144,0.00173,0.00167,0.00118,0.0011,0.00137,0.0014,0.0013,0.00151,0.00146,0.00146,0.00167,0.00187,0.00149,0.00141,0.004074817,0.004322792,0.004280469,0.002424039,0.001483129,0.002316777,0.000934163,0.001828899,0.003602257,0.003619537,0.001883729,0.000723167,0.000643087,0.00078019,0.000974077,0.000998947,0.001135658,0.001137065,0.001531654,0.001380232,0.001091316,0.001157273,0.000734947,0.000762693,0.000667146,0.001002437
1.19,0.00214,0.00245,0.00229,0.0016,0.00233,0.00221,0.00243,0.00202,0.00212,0.00252,0.00305,0.00231,0.00158,0.00161,0.00247,0.00192,0.00264,0.00358,0.00268,0.00339,0.00258,0.00197,0.00268,0.0032,0.00136,0.00161,0.0023,0.00238,0.00214,0.00211,0.00163,0.00143,0.00122,0.00231,0.00199,0.00239,0.00233,0.00164,0.00152,0.0019,0.00196,0.00179,0.0021,0.00202,0.00204,0.00242,0.00258,0.00207,0.00196,0.005566116,0.005950402,0.005713837,0.003324396,0.002224694,0.003333898,0.00137952,0.002654516,0.00499632,0.004957718,0.002649473,0.001119742,0.000899354,0.001088332,0.001319717,0.001380363,0.001544495,0.001592872,0.002080024,0.001888739,0.001500559,0.001581607,0.00110242,0.001089562,0.000941854,0.001369604
1.4,0.00321,0.00368,0.00343,0.00235,0.00352,0.00331,0.00368,0.00304,0.00319,0.00379,0.0047,0.00363,0.00243,0.00243,0.00382,0.00289,0.004,0.00549,0.00411,0.00521,0.00393,0.00298,0.00407,0.00498,0.00199,0.00239,0.00349,0.00363,0.00317,0.00312,0.00238,0.0021,0.00173,0.00344,0.00299,0.00358,0.00347,0.00245,0.00227,0.00287,0.00295,0.00267,0.00314,0.00302,0.00314,0.00369,0.00399,0.00314,0.00303,0.008569718,0.008750591,0.008207505,0.004818395,0.003337041,0.005029101,0.002009537,0.004044479,0.007483327,0.007190707,0.003874663,0.001562974,0.001334526,0.001619385,0.001916732,0.002034218,0.002271316,0.002381956,0.002987671,0.002687821,0.002128066,0.002275971,0.001679878,0.001634343,0.00141278,0.001952382
1.65,0.00409,0.00471,0.00435,0.00291,0.00451,0.00421,0.00472,0.00386,0.00407,0.00484,0.00619,0.00485,0.00316,0.0031,0.00499,0.00369,0.00513,0.0071,0.00532,0.00678,0.00507,0.00381,0.00526,0.00655,0.00249,0.00306,0.00448,0.00467,0.00405,0.00396,0.00295,0.00261,0.00211,0.0044,0.00379,0.00453,0.00442,0.0031,0.00289,0.00368,0.00379,0.00342,0.00403,0.00388,0.00411,0.00492,0.00524,0.00401,0.00394,0.011132232,0.01095574,0.009994306,0.006005679,0.004426214,0.006385263,0.002606967,0.005309032,0.009501929,0.00890777,0.004946704,0.001982877,0.001668158,0.002025871,0.002419482,0.002542773,0.002816432,0.003004401,0.003640042,0.003312557,0.002619158,0.002816032,0.00220484,0.00201569,0.001792138,0.00238736
1.95,0.00493,0.0057,0.00522,0.00342,0.00544,0.00508,0.00575,0.00465,0.00495,0.00589,0.00761,0.00608,0.00382,0.00374,0.00612,0.00447,0.00624,0.00865,0.00651,0.00827,0.00619,0.00466,0.00641,0.00815,0.003,0.00372,0.00547,0.0057,0.0049,0.00479,0.00352,0.00314,0.00251,0.00537,0.00457,0.00548,0.00533,0.00374,0.00349,0.00446,0.00462,0.00413,0.00488,0.00468,0.00504,0.00603,0.00634,0.00481,0.00481,0.013337674,0.012697107,0.011290228,0.007103917,0.005839822,0.008023959,0.003313021,0.006584035,0.011197109,0.010302381,0.00603406,0.002612732,0.001992119,0.002393019,0.002796544,0.002978677,0.003285838,0.003582736,0.004197867,0.003879179,0.00311025,0.003394669,0.002729802,0.002560471,0.002197658,0.002824591
2.3,0.00597,0.00688,0.00625,0.00404,0.0066,0.00613,0.00703,0.00563,0.00607,0.00721,0.00966,0.00783,0.00486,0.0047,0.00779,0.00547,0.00754,0.0105,0.00795,0.01009,0.00758,0.00576,0.00795,0.01039,0.00368,0.00455,0.00676,0.00706,0.006,0.00581,0.00431,0.00385,0.00304,0.00657,0.00559,0.00668,0.00654,0.00453,0.00431,0.00551,0.00572,0.00511,0.00607,0.00582,0.00634,0.00754,0.00803,0.00601,0.00623,0.016036715,0.014429724,0.012841407,0.008330777,0.007531516,0.010114709,0.004192872,0.008109859,0.013070729,0.011705052,0.007305195,0.003452539,0.002369267,0.002819173,0.003330715,0.00354172,0.003861238,0.004190478,0.004774601,0.0044458,0.003655908,0.004011881,0.00330726,0.003105252,0.002655504,0.003569553
2.72,0.00695,0.008,0.00725,0.00457,0.0077,0.00709,0.00821,0.00651,0.00708,0.00834,0.0113,0.00924,0.00697,0.00538,0.00894,0.00636,0.00878,0.01221,0.00928,0.01172,0.00886,0.00667,0.00914,0.0122,0.0042,0.00536,0.00793,0.00824,0.00692,0.00665,0.00497,0.00443,0.00341,0.00757,0.00643,0.00765,0.00747,0.00525,0.00499,0.00638,0.0066,0.00588,0.00699,0.00777,0.00736,0.00876,0.00941,0.00691,0.00723,0.018399689,0.015689809,0.013783895,0.009290499,0.008875603,0.011301351,0.004942375,0.009447568,0.014542859,0.012736902,0.008285347,0.00412905,0.00273191,0.003212546,0.003802042,0.004050274,0.004421496,0.004808022,0.005322971,0.004997893,0.004228849,0.004706245,0.003989711,0.003704511,0.003139512,0.003907708
3.2,0.00806,0.00922,0.00838,0.00524,0.00905,0.00817,0.00956,0.0076,0.00829,0.00972,0.01345,0.01105,0.01214,0.00642,0.01049,0.0074,0.01011,0.01404,0.01076,0.01348,0.01037,0.00782,0.01068,0.01448,0.00491,0.0063,0.00932,0.00967,0.00813,0.00769,0.00588,0.00528,0.00396,0.00887,0.00751,0.00888,0.00869,0.00613,0.00588,0.00752,0.00775,0.00693,0.00826,0.0123,0.0087,0.01042,0.0114,0.00827,0.00882,0.02050011,0.016783633,0.014942371,0.010359055,0.010613645,0.013335594,0.005865676,0.011130155,0.016037294,0.013736507,0.009495222,0.005132153,0.003152576,0.003697706,0.004461901,0.004685968,0.005042322,0.005454973,0.005871341,0.005564515,0.004856356,0.005477761,0.004724657,0.004412726,0.003688927,0.004752269
3.78,0.00951,0.01078,0.00987,0.00607,0.01081,0.00955,0.01127,0.00896,0.00974,0.01135,0.01578,0.01302,0.01592,0.00753,0.01198,0.0087,0.01185,0.01642,0.01265,0.01572,0.01229,0.00915,0.01238,0.01692,0.00566,0.00748,0.011,0.01133,0.0095,0.00888,0.00689,0.00624,0.00458,0.01034,0.00877,0.01029,0.01008,0.00725,0.00686,0.00883,0.009,0.00809,0.00958,0.01557,0.01015,0.01206,0.01353,0.00975,0.01044,0.023104632,0.018192478,0.016159752,0.011526551,0.012212644,0.014861276,0.006832426,0.013209874,0.017922066,0.014953768,0.010705097,0.005925304,0.003727969,0.004399221,0.005310291,0.005503287,0.005905422,0.006400894,0.006608804,0.006290953,0.005674842,0.006365004,0.005564597,0.005175419,0.004356073,0.005432442
4.46,0.01156,0.01297,0.012,0.00734,0.01341,0.01152,0.01377,0.011,0.01184,0.01374,0.019,0.01575,0.01419,0.00918,0.01403,0.01053,0.01428,0.01973,0.01529,0.01882,0.01509,0.01112,0.0149,0.02034,0.00678,0.00919,0.01339,0.01371,0.01151,0.01064,0.0084,0.0077,0.00556,0.01255,0.01066,0.0124,0.0122,0.00889,0.0083,0.01077,0.01083,0.0098,0.01156,0.01467,0.0122,0.0145,0.01655,0.01201,0.01281,0.026580829,0.020231366,0.018083999,0.013178854,0.014483686,0.017460587,0.008255396,0.016324227,0.020632124,0.016711138,0.012466307,0.007138358,0.004603148,0.005461328,0.006535742,0.006702023,0.007162217,0.007773214,0.007658271,0.007293437,0.00687529,0.007676581,0.006719513,0.006373938,0.005311008,0.006585812
5.27,0.01401,0.01557,0.01455,0.00891,0.01652,0.01381,0.01673,0.01346,0.01433,0.01652,0.02273,0.019,0.01398,0.01124,0.01627,0.01266,0.01712,0.02351,0.01829,0.02223,0.01835,0.01343,0.01775,0.024,0.00809,0.01112,0.01618,0.01644,0.01387,0.01266,0.01014,0.00933,0.00672,0.01509,0.01289,0.01487,0.01469,0.01088,0.01002,0.01312,0.01299,0.01185,0.01385,0.01514,0.01455,0.01734,0.02044,0.01493,0.01565,0.030445604,0.022550272,0.020479491,0.015068615,0.016662032,0.020116404,0.009906475,0.020076082,0.023699061,0.018629735,0.014457241,0.00849138,0.005720088,0.00679224,0.007949725,0.008191362,0.008782423,0.009508219,0.008972468,0.008557439,0.008266718,0.009296763,0.008031918,0.007681412,0.006475244,0.008001737
6.21,0.01657,0.01834,0.01724,0.0107,0.01966,0.01616,0.01976,0.016,0.01693,0.01936,0.02638,0.02234,0.01709,0.01358,0.01842,0.0148,0.02002,0.02714,0.02114,0.02534,0.02157,0.01583,0.02059,0.02719,0.00952,0.01294,0.01902,0.01913,0.01625,0.01466,0.01197,0.01088,0.00792,0.01768,0.01528,0.01744,0.01735,0.01295,0.01186,0.01562,0.01525,0.01407,0.01619,0.01816,0.01689,0.0203,0.02447,0.01823,0.01853,0.034152848,0.025149198,0.023562214,0.017195833,0.018423248,0.022602701,0.011644453,0.023775683,0.026721388,0.0205967,0.016540064,0.009797747,0.006962744,0.008208383,0.009332286,0.00995314,0.010811466,0.011551996,0.010579759,0.010097488,0.009903691,0.011109825,0.009449315,0.009043365,0.007783374,0.00953284
7.33,0.01908,0.02105,0.01988,0.01263,0.02256,0.01834,0.02252,0.01842,0.01939,0.02197,0.02939,0.02543,0.02249,0.01599,0.02038,0.01674,0.02266,0.03014,0.02349,0.02789,0.02442,0.0181,0.0231,0.02953,0.01097,0.01452,0.02161,0.02143,0.01843,0.01647,0.01377,0.01218,0.00911,0.02014,0.01759,0.01987,0.01991,0.01497,0.01365,0.01801,0.01744,0.01628,0.01834,0.02271,0.01906,0.023,0.02808,0.02164,0.02123,0.037040927,0.028036892,0.027312533,0.019530825,0.019929551,0.024862971,0.013382431,0.027046799,0.029476056,0.022571726,0.018607572,0.011010801,0.008234412,0.009611413,0.010557738,0.011823895,0.013113066,0.013884941,0.012423417,0.011913583,0.011786211,0.01307719,0.011024201,0.010405317,0.009143829,0.011104789
8.65,0.02213,0.02422,0.02309,0.01504,0.02612,0.02088,0.02565,0.02135,0.02237,0.02513,0.03255,0.02898,0.02509,0.01887,0.02281,0.019,0.0257,0.03347,0.02612,0.03087,0.02775,0.02084,0.02604,0.03221,0.01275,0.01653,0.02472,0.0241,0.02101,0.0187,0.0161,0.01375,0.01063,0.02314,0.02042,0.02273,0.02289,0.0174,0.01576,0.02082,0.02004,0.01893,0.02089,0.02494,0.02166,0.02626,0.03216,0.0256,0.02454,0.039781976,0.03155463,0.032142787,0.022419883,0.021806637,0.027631802,0.015457143,0.030694145,0.032609908,0.024740224,0.021012007,0.012317167,0.009733337,0.011375035,0.012191673,0.014203204,0.016035493,0.016855034,0.014635807,0.014121954,0.014214389,0.015430313,0.012914064,0.012094138,0.010818235,0.012974742
10.21,0.02546,0.02761,0.0265,0.01798,0.02965,0.02358,0.02885,0.0245,0.02585,0.02881,0.03568,0.03274,0.02821,0.02234,0.02591,0.02147,0.02889,0.03674,0.02876,0.03364,0.03105,0.02399,0.02928,0.03499,0.01495,0.01869,0.02833,0.02713,0.02406,0.0215,0.01902,0.01564,0.01256,0.02666,0.02376,0.02601,0.02619,0.02008,0.01824,0.02404,0.02307,0.02204,0.02384,0.02744,0.02464,0.03033,0.0366,0.03001,0.02856,0.042439009,0.035597403,0.038504585,0.026130146,0.024170374,0.030909194,0.017901174,0.033975712,0.03578837,0.026860354,0.023814629,0.013903469,0.011372483,0.013407462,0.014265515,0.017127393,0.01945761,0.020109394,0.01728311,0.016708074,0.016915396,0.017899163,0.014908919,0.013891915,0.012924325,0.015276244
12.05,0.02883,0.03107,0.03,0.02155,0.03295,0.02635,0.03201,0.02761,0.02927,0.03253,0.03795,0.036,0.03364,0.02611,0.02956,0.02406,0.03198,0.0396,0.03117,0.03619,0.03437,0.027,0.03211,0.03713,0.01743,0.02091,0.03197,0.03015,0.02735,0.02459,0.02255,0.0178,0.01471,0.03028,0.02729,0.02923,0.02939,0.02287,0.02079,0.02731,0.02607,0.02523,0.02665,0.03118,0.02764,0.03439,0.0403,0.03396,0.03274,0.044770476,0.039902693,0.045749966,0.030325217,0.026649981,0.034130079,0.020258307,0.036567523,0.038543037,0.02902079,0.026601936,0.01572305,0.013224379,0.015774256,0.016622152,0.020396673,0.023000863,0.023574502,0.020242417,0.019497595,0.019643685,0.02048374,0.016903774,0.015853127,0.015370528,0.017767904
14.22,0.0338,0.03623,0.03528,0.02703,0.03797,0.03054,0.03666,0.03212,0.03407,0.03781,0.04119,0.04032,0.038,0.03168,0.03511,0.02806,0.03654,0.04391,0.03484,0.04036,0.03953,0.03109,0.03594,0.0404,0.02111,0.0244,0.03722,0.03485,0.03254,0.02949,0.028,0.02124,0.01798,0.03549,0.03232,0.0336,0.03379,0.02702,0.02443,0.03182,0.03021,0.0297,0.03071,0.03424,0.03202,0.0401,0.04556,0.03901,0.03858,0.048719268,0.045879347,0.055194486,0.036152803,0.030334631,0.038537605,0.02358219,0.040423886,0.04243526,0.032245322,0.030507229,0.018382439,0.015985301,0.019301501,0.020109976,0.024937339,0.027755485,0.028652087,0.024336283,0.023507533,0.023654271,0.024379894,0.020106042,0.019448682,0.019164105,0.021382073
16.78,0.03936,0.04206,0.04118,0.03425,0.04308,0.03522,0.04125,0.03691,0.03915,0.04332,0.04478,0.04493,0.04484,0.03882,0.04219,0.0329,0.04138,0.04808,0.03854,0.04431,0.04492,0.03528,0.03965,0.04359,0.02569,0.02828,0.04297,0.04038,0.03893,0.03545,0.03511,0.02551,0.02194,0.04107,0.03805,0.0382,0.03826,0.03176,0.02887,0.03682,0.03479,0.0348,0.03543,0.03899,0.0374,0.04677,0.05157,0.04458,0.04531,0.053098646,0.052416038,0.065286968,0.043078628,0.034204672,0.043171159,0.02753609,0.043674101,0.046684362,0.035703633,0.035009802,0.021648354,0.019336122,0.023307349,0.023912019,0.030004722,0.033115792,0.034484449,0.029413433,0.028737887,0.028701607,0.029626201,0.024673211,0.025495751,0.024475113,0.026084593
19.81,0.04585,0.04861,0.04789,0.0436,0.04846,0.04068,0.04605,0.04226,0.04431,0.04842,0.04924,0.05026,0.05299,0.04749,0.05043,0.03883,0.04655,0.05207,0.04243,0.04808,0.05045,0.03936,0.04306,0.04663,0.031,0.03256,0.04854,0.0461,0.04579,0.04195,0.04308,0.03018,0.02644,0.04619,0.04421,0.04283,0.0424,0.03728,0.03419,0.04236,0.03975,0.0405,0.04088,0.04469,0.0441,0.05459,0.05839,0.05113,0.05309,0.05800313,0.058838972,0.074142434,0.050647565,0.03812106,0.047691699,0.032250356,0.047154234,0.051067294,0.039556949,0.039971821,0.025637437,0.023528274,0.028329411,0.028216811,0.035616986,0.039157493,0.041203917,0.035473867,0.035174127,0.035276785,0.037032751,0.030867762,0.033776422,0.031238145,0.032723861
23.37,0.05224,0.0548,0.05415,0.05404,0.05261,0.04622,0.04968,0.04737,0.04886,0.05167,0.05511,0.05677,0.06033,0.05724,0.05894,0.04517,0.05082,0.05454,0.04542,0.05024,0.05385,0.04301,0.04577,0.04914,0.03646,0.03619,0.05255,0.05027,0.05099,0.04724,0.05028,0.03452,0.03083,0.04936,0.04995,0.04687,0.04524,0.04286,0.04044,0.04797,0.0448,0.0465,0.04672,0.04971,0.05257,0.06311,0.06596,0.05926,0.06217,0.061825896,0.063345526,0.079404661,0.057949362,0.041550797,0.05255128,0.037920509,0.049777397,0.054234604,0.042862095,0.045209507,0.03053631,0.028232962,0.034059544,0.033369992,0.04184678,0.045820021,0.047722438,0.042196127,0.042438507,0.042970562,0.045750878,0.037534779,0.042983221,0.038812218,0.042863062
27.58,0.05919,0.06143,0.06058,0.06562,0.0564,0.05265,0.0536,0.053,0.05325,0.05365,0.06195,0.06414,0.06757,0.06712,0.06676,0.05265,0.05538,0.05677,0.04889,0.05213,0.05644,0.04683,0.04829,0.0515,0.04227,0.04016,0.05511,0.05275,0.05402,0.05117,0.05571,0.03881,0.03569,0.05096,0.05543,0.05088,0.04748,0.04934,0.04764,0.05407,0.05019,0.05295,0.05272,0.05452,0.06247,0.07139,0.07291,0.06865,0.07198,0.065512135,0.066425734,0.079836635,0.064152922,0.044632925,0.058201955,0.044883284,0.052933553,0.057546896,0.04670735,0.051013845,0.036788205,0.034344704,0.041382837,0.040188531,0.049420611,0.053557638,0.055162375,0.049722033,0.05048744,0.051319128,0.054739035,0.044464276,0.05104598,0.046412453,0.057232868
32.55,0.06513,0.06662,0.06575,0.07525,0.05925,0.05834,0.05704,0.05836,0.05737,0.05561,0.06649,0.06929,0.07271,0.07558,0.0726,0.0593,0.05908,0.05781,0.0523,0.05366,0.05857,0.05064,0.05039,0.05314,0.04879,0.04441,0.05695,0.05436,0.0563,0.0552,0.06102,0.04463,0.04284,0.05299,0.06074,0.0551,0.05042,0.05562,0.05452,0.05974,0.05522,0.05899,0.05742,0.0574,0.07058,0.07512,0.07507,0.07554,0.07868,0.066478329,0.065646931,0.073042864,0.066388974,0.046556359,0.062609482,0.05212848,0.05522229,0.059186314,0.04998025,0.055853345,0.0436233,0.041587893,0.049984593,0.048955224,0.057975226,0.061492103,0.061744611,0.056898117,0.058129567,0.059313017,0.062724222,0.053021156,0.058291567,0.053737982,0.071051502
38.41,0.0699,0.0705,0.0694,0.08199,0.06106,0.06364,0.06048,0.06363,0.06227,0.05885,0.06821,0.07171,0.07693,0.08245,0.07652,0.06508,0.06225,0.0581,0.05612,0.05535,0.0609,0.05532,0.05294,0.05477,0.0573,0.04949,0.0595,0.05696,0.05986,0.06132,0.06826,0.05341,0.05441,0.05701,0.06685,0.06045,0.05531,0.06178,0.06151,0.06515,0.06042,0.06503,0.0612,0.05992,0.07597,0.07475,0.07277,0.07922,0.08164,0.065627658,0.062479217,0.063009287,0.066111941,0.049337227,0.066621461,0.060546811,0.05743787,0.059398211,0.052979065,0.06067753,0.051718105,0.05043638,0.059904148,0.060549882,0.068073668,0.069986826,0.067640687,0.064471296,0.065858868,0.067688866,0.06978359,0.064307838,0.066354326,0.062842567,0.081902018
45.32,0.07262,0.07158,0.07047,0.08434,0.06161,0.0677,0.06196,0.06662,0.06454,0.05909,0.06783,0.07148,0.0761,0.08517,0.07643,0.06852,0.06345,0.05638,0.05877,0.05512,0.06039,0.05784,0.05426,0.05439,0.06519,0.05345,0.05958,0.05791,0.06134,0.06512,0.0708,0.06026,0.06427,0.05814,0.06904,0.0631,0.05758,0.06718,0.0683,0.06886,0.06448,0.06916,0.06421,0.06158,0.0784,0.07183,0.06802,0.07922,0.0802,0.06199393,0.057272616,0.051326356,0.06309426,0.053554876,0.069559812,0.068986867,0.059078653,0.058048759,0.055486139,0.064490934,0.059766254,0.06064357,0.070951373,0.071861744,0.07661012,0.076210233,0.071419469,0.070588458,0.071263566,0.074236761,0.073178259,0.071079847,0.067879712,0.070809078,0.090658384
53.48,0.07124,0.06816,0.0681,0.0809,0.06075,0.06831,0.06058,0.06669,0.06443,0.05784,0.06323,0.06679,0.07194,0.08256,0.07235,0.06776,0.06145,0.0519,0.05917,0.05274,0.05759,0.0585,0.05418,0.05214,0.07231,0.05631,0.05814,0.05766,0.06184,0.06675,0.07236,0.06783,0.0737,0.05824,0.06848,0.0637,0.05903,0.07021,0.07303,0.06985,0.06661,0.0707,0.06486,0.06172,0.07589,0.06508,0.0595,0.07378,0.07326,0.05172287,0.048977056,0.038936559,0.057227098,0.058884872,0.068599198,0.074309425,0.057406517,0.053197422,0.055897266,0.065149473,0.065294982,0.070715374,0.080661129,0.082105263,0.082186058,0.079359792,0.071194017,0.074351411,0.073820628,0.080266281,0.075685685,0.08220904,0.071311833,0.078029956,0.09120638
63.11,0.06751,0.0626,0.06334,0.0733,0.0584,0.0676,0.0594,0.06608,0.06463,0.05748,0.05567,0.05903,0.06275,0.07374,0.06407,0.0653,0.05892,0.04726,0.05982,0.05035,0.05429,0.06027,0.05498,0.05066,0.0783,0.05999,0.05653,0.05687,0.06146,0.06834,0.0707,0.0756,0.08674,0.05894,0.06725,0.06499,0.06205,0.0717,0.07527,0.06865,0.0674,0.07014,0.06403,0.0595,0.06947,0.05559,0.04871,0.0648,0.0632,0.038689757,0.040734,0.028844077,0.051033432,0.066022432,0.064700232,0.077361749,0.054657944,0.047052394,0.055268483,0.064031487,0.068817505,0.079979692,0.088102434,0.092788688,0.085745941,0.080540876,0.069125734,0.075523788,0.073457409,0.084767959,0.076534352,0.094283164,0.070167793,0.080750867,0.085539374
74.48,0.05905,0.0536,0.05518,0.06264,0.05276,0.06269,0.05406,0.06102,0.05939,0.05263,0.04624,0.04922,0.05148,0.06204,0.05396,0.05976,0.053,0.04048,0.0562,0.04514,0.04826,0.05783,0.05277,0.04563,0.07937,0.06106,0.05202,0.0533,0.05806,0.06304,0.06543,0.07811,0.08724,0.0553,0.06062,0.06018,0.05949,0.0686,0.07372,0.0629,0.06417,0.06529,0.06038,0.0549,0.06037,0.04617,0.03854,0.05303,0.05043,0.023031118,0.031598383,0.020283139,0.043474389,0.070240082,0.053681415,0.073820619,0.047781285,0.03846497,0.051503841,0.058441558,0.069260737,0.083257984,0.087092777,0.092505892,0.080260816,0.074060054,0.062293539,0.07065464,0.06700664,0.079475077,0.070246499,0.086933697,0.062813249,0.077742168,0.073749878
87.89,0.04906,0.04453,0.04607,0.05124,0.04563,0.05622,0.0489,0.05519,0.05406,0.04912,0.03546,0.03833,0.04052,0.04904,0.0432,0.05392,0.04704,0.03458,0.05226,0.04068,0.0433,0.05572,0.05053,0.0407,0.07874,0.06327,0.04833,0.05032,0.05535,0.05847,0.0604,0.07999,0.08733,0.05312,0.05397,0.05511,0.05767,0.06266,0.06843,0.05517,0.05914,0.05863,0.05509,0.04921,0.04899,0.03605,0.02853,0.04006,0.03728,0.01092219,0.024081626,0.014608573,0.036924538,0.070240082,0.040458835,0.068226502,0.040779215,0.030569001,0.047263581,0.051611125,0.071243614,0.080264971,0.078307447,0.086692852,0.071215809,0.064868794,0.054446808,0.062949096,0.058667132,0.068343655,0.060834008,0.069557457,0.054641534,0.071894826,0.057755547
103.72,0.03788,0.03432,0.03617,0.0394,0.03753,0.04678,0.04107,0.04671,0.04536,0.04201,0.0251,0.02793,0.02913,0.03493,0.03107,0.04654,0.03891,0.02774,0.04493,0.03436,0.03613,0.05121,0.04544,0.03442,0.06975,0.0617,0.04135,0.04318,0.0474,0.04783,0.05067,0.07284,0.07664,0.04633,0.04462,0.0467,0.05127,0.05369,0.05844,0.04507,0.05031,0.04871,0.04695,0.04119,0.03704,0.02642,0.01964,0.02775,0.02527,0.003602222,0.017151158,0.010249563,0.030058078,0.059672785,0.027575295,0.057994156,0.032334929,0.022717641,0.04034696,0.042284367,0.071383582,0.071817808,0.064768861,0.072772977,0.057139744,0.051740585,0.044531794,0.051707511,0.047901321,0.053938286,0.048451182,0.051971232,0.044944432,0.059846949,0.041876012
122.39,0.02905,0.02567,0.02843,0.03076,0.03166,0.03769,0.03339,0.03804,0.03649,0.03447,0.01674,0.01945,0.01975,0.02396,0.02113,0.03999,0.03125,0.02185,0.03713,0.02829,0.02932,0.04583,0.03939,0.02814,0.05836,0.05846,0.03431,0.03653,0.03969,0.03847,0.04081,0.06056,0.06204,0.03866,0.03537,0.03755,0.04275,0.04542,0.04799,0.03581,0.04129,0.03898,0.03921,0.03386,0.02672,0.01872,0.01313,0.01782,0.01605,0.000850671,0.012172072,0.007539909,0.025120955,0.045304968,0.018421201,0.047294728,0.025635934,0.016851426,0.03338197,0.034642245,0.070777055,0.063114378,0.052515292,0.054076984,0.042137382,0.038354961,0.035587206,0.041316844,0.038675558,0.040214989,0.037418509,0.037849756,0.038243626,0.049630453,0.030231447
144.43,0.02099,0.01815,0.02101,0.02242,0.02479,0.02859,0.0258,0.02943,0.0282,0.02722,0.00985,0.01235,0.01218,0.01473,0.01256,0.03303,0.02385,0.01652,0.0289,0.02225,0.02244,0.0403,0.03262,0.0223,0.04467,0.05249,0.02701,0.0288,0.03049,0.02954,0.03044,0.04704,0.04814,0.03092,0.02712,0.02915,0.03448,0.0359,0.03664,0.02701,0.03214,0.02971,0.03082,0.02624,0.01759,0.01195,0.00774,0.01011,0.00907,0.000126025,0.008286809,0.005556755,0.020925884,0.030404153,0.012205459,0.035400441,0.01931317,0.012067004,0.025901055,0.027612717,0.061889099,0.051712883,0.039547097,0.037297722,0.029550656,0.02707409,0.027863003,0.031692005,0.030931729,0.028865304,0.028121745,0.028400441,0.030943561,0.03813199,0.021667502
170.44,0.01418,0.01211,0.01444,0.01566,0.01724,0.02026,0.01807,0.02079,0.02027,0.02004,0.00507,0.00704,0.00686,0.00854,0.00674,0.02588,0.01686,0.01161,0.02008,0.01566,0.01566,0.03277,0.02496,0.01624,0.03169,0.04269,0.02045,0.02256,0.02303,0.02266,0.02189,0.03377,0.03435,0.02351,0.01952,0.02072,0.02523,0.02584,0.02656,0.0191,0.0236,0.02143,0.02334,0.01982,0.01058,0.00705,0.00413,0.00499,0.00444,1.05E-05,0.005442867,0.004280469,0.017957673,0.019906377,0.007515398,0.025722076,0.013878728,0.008018647,0.018887698,0.022084048,0.047215807,0.039682808,0.027359091,0.022435192,0.019088961,0.017761693,0.021417999,0.024203918,0.025280042,0.020680435,0.021370983,0.022520867,0.026639791,0.029890771,0.015842816
201.13,0.00867,0.0073,0.00903,0.00991,0.01078,0.01272,0.01101,0.01299,0.01311,0.01323,0.00209,0.00336,0.00323,0.00426,0.00293,0.01795,0.01055,0.00722,0.012,0.00953,0.00944,0.02367,0.01725,0.0106,0.01997,0.03005,0.01409,0.01612,0.01563,0.01611,0.01453,0.02225,0.02202,0.01633,0.01275,0.01328,0.01658,0.01669,0.01744,0.0124,0.0158,0.01419,0.01592,0.01351,0.00549,0.00346,0.00179,0.00199,0.00176,0,0.003298973,0.003161264,0.014702536,0.012722469,0.003672939,0.017640478,0.009071337,0.004784422,0.012406388,0.016953565,0.030909557,0.028745497,0.017754234,0.012065986,0.011496967,0.010826608,0.015673858,0.017746388,0.020398379,0.014050692,0.015661768,0.018111187,0.023262149,0.022225129,0.011256608
237.35,0.00547,0.00448,0.00573,0.0064,0.00694,0.00813,0.00723,0.0083,0.00821,0.00827,0.0007,0.00139,0.00135,0.00187,0.00104,0.0125,0.00673,0.00477,0.00757,0.00643,0.00625,0.01578,0.01145,0.00662,0.01198,0.02149,0.00928,0.01122,0.01004,0.01168,0.00898,0.01385,0.01434,0.01086,0.00802,0.00827,0.0104,0.0108,0.01108,0.00793,0.01026,0.00914,0.0106,0.00908,0.00256,0.00147,0.00067,0.00067,0.00059,0,0.002345158,0.002336586,0.011961888,0.008782907,0.001525682,0.012480855,0.006970717,0.003535342,0.009343082,0.013002328,0.019525509,0.021284723,0.012004432,0.00615868,0.006738349,0.006359686,0.012414598,0.013217608,0.016998649,0.009439882,0.011842765,0.014856423,0.022336021,0.01660017,0.00911761
280.09,0.0038,0.00295,0.00408,0.00456,0.00565,0.00548,0.00573,0.00581,0.00485,0.00489,0.00019,0.00049,0.00048,0.00074,0.00032,0.00894,0.00464,0.0037,0.00558,0.00575,0.00559,0.0096,0.0073,0.00381,0.00703,0.01705,0.006,0.00781,0.00638,0.0086,0.00555,0.00868,0.00895,0.00706,0.00479,0.00486,0.0062,0.00764,0.00692,0.00519,0.00654,0.0058,0.00691,0.00597,0.00108,0.00053,0.0002,0.00019,0.00017,0,0.002205149,0.001590449,0.009062936,0.006048387,0.000508561,0.008907138,0.00750371,0.003947985,0.009165733,0.009020461,0.01136072,0.017329497,0.009440951,0.002953653,0.003832322,0.003573538,0.010836429,0.009445201,0.013453631,0.005811257,0.008255217,0.010866712,0.021355415,0.012047878,0.007877404
330.52,0.00263,0.00191,0.00286,0.00324,0.00458,0.00362,0.00451,0.00402,0.00271,0.00267,0.00004,0.00015,0.00015,0.00027,0.00008,0.0061,0.00309,0.00276,0.00398,0.0051,0.00494,0.00542,0.00438,0.00198,0.00402,0.01275,0.00364,0.00516,0.00378,0.00621,0.00318,0.00515,0.00548,0.00427,0.00269,0.00268,0.00345,0.0053,0.00423,0.0034,0.00408,0.0036,0.00445,0.00386,0.00041,0.00017,0.00004,0.00005,0.00004,0,0.002213899,0.001021029,0.006599321,0.003615128,0.00016952,0.006951912,0.00897728,0.004884795,0.009625229,0.006080005,0.006438519,0.014510553,0.007874016,0.001508248,0.002306658,0.002059327,0.00981209,0.006845171,0.010489764,0.003519494,0.005747792,0.008399391,0.020701678,0.00885604,0.007096486
390.04,0.00156,0.00109,0.0017,0.00202,0.00289,0.00202,0.00262,0.00225,0.00139,0.00132,0.00001,0.00004,0.00004,0.00009,0.00002,0.00345,0.0017,0.00155,0.00213,0.00314,0.00295,0.00276,0.00244,0.00095,0.00215,0.00709,0.00199,0.00299,0.00198,0.00398,0.00169,0.00285,0.00293,0.0023,0.0014,0.00136,0.00175,0.0031,0.0025,0.00211,0.00249,0.00221,0.00282,0.00248,0.00016,0.00005,0.00003,0.00001,0.00001,0,0.001828873,0.000706866,0.005085534,0.001992955,5.65E-05,0.006180685,0.007764981,0.004394085,0.008270925,0.004487258,0.003965755,0.01182216,0.006228405,0.000911233,0.001652802,0.001393074,0.008454473,0.005502609,0.008601026,0.00226448,0.004397639,0.007139482,0.019721072,0.007194715,0.005615793
460.27,0.00082,0.00056,0.00088,0.00114,0.00133,0.001,0.00105,0.00101,0.00072,0.00064,0,0.00002,0.00001,0.00003,0.00001,0.00166,0.00078,0.00064,0.00084,0.00117,0.00103,0.00134,0.00136,0.00047,0.00117,0.00281,0.00103,0.00154,0.00094,0.00232,0.00085,0.00151,0.0015,0.00115,0.00073,0.00069,0.00086,0.00157,0.00155,0.0013,0.00159,0.00144,0.00189,0.00169,0.00007,0.00003,0,0,0,0,0.001321339,0.000647961,0.005233944,0.001089173,0,0.006854151,0.00455657,0.002576227,0.005852526,0.004686351,0.003802459,0.010473128,0.005153186,0.00084839,0.001779941,0.001408216,0.00779772,0.006183345,0.009007831,0.002128066,0.004551942,0.008819361,0.02206363,0.007927268,0.004509739
