lab_ID,334,229,226,225,234,227,242,245,214,191,252,244,240,-,-,-,-,-,-,338,339,335,342,341,328,-,-,-,-,-,309,343,345,344,350,-,356,351,346,323,324,327,253,237,219,310,269,220,291,192,193,207,222,190,206,205,250,216,215,213
sample,UP68,D11,D8,D7,D16,D9,UP22,UP25,UP8,UP2,UP32,UP24,UP20,GSUT,GSUB,GSLT,GSLB,GSBEDLOAD,GSSIDE,UP77,UP78,UP69,UP84,UP82,UP62,UP71,UP74,UP79,UP81,UP76,UP56,D55,D57,D56,D65,D71,D70,D64,D58,D50,D51,D54,UP33,UP17,UP13,UP57,UP34,UP14,UP48,UP3,UP4,D4,D3,UP1,D2,D1,UP30,UP10,UP9,UP7
sediment (mg),0.0016,0.0007,0.003,0.0046,0.001,0.002,0.001,0.0012,0.0021,-,-,0.0008,0.0025,-,-,-,-,-,-,0.0001,0.0008,0.0039,-,0.0001,0.003,-,-,-,-,-,0.0019,0.0031,0.0009,0.0015,0.0031,-,0.001,0.0019,0.0027,0.0063,0.0027,0.0009,0.0024,0.0007,0.0006,0.0063,0.001,0.0008,0.001,-,-,0.0019,0.0017,-,0.003,0.0044,0.0013,0.0013,0.0036,0.0043
SSC (mg/L),10.667,3.5,15,23,6.25,10,6.67,8,11.053,-,-,5.333,17.857,-,-,-,-,-,-,0.714,5.714,24.375,-,0.667,20,-,-,-,-,-,12.667,22.143,6.429,10,20.667,-,7.143,11.875,18,42,17.419,6,15,4.667,6,45,7.143,8.889,6.667,-,-,9.5,8.947,-,15,23.158,8.667,6.5,18,21.5
D50,54.92,57.345,78.83,47.095,49.8,68.87,80.92,59.21,66.14,51.72,59.13,65.03,75.8,74.30333333,62.445,78.205,62.12,77.5475,67.07,30.57,26.82,49.95,50.42,44.19,87.02,36.2,133.34,113.11,93.39,79.66,79.88,102.87,76.46,68.71,86.67,86.2,50.79,71.05,78.58,74.05,79.16,58.66,48.05,58.21,38.82,53.17,25.35,52.1,47.98,91.46,58.71,66.54,68.435,81.8,45.328,74.67,69.81,47.14,57.16,56.03
datetime,5/3/2023 14:00,4/19/2023 12:30,4/18/2023 21:30,4/18/2023 16:30,4/21/2023 9:30,4/19/2023 2:30,4/22/2023 5:30,4/22/2023 20:30,4/18/2023 21:30,4/17/2023 20:30,4/24/2023 12:00,4/22/2023 15:30,4/21/2023 19:30,4/13/2023 18:40,4/13/2023 18:40,4/13/2023 18:40,4/13/2023 18:40,4/17/2023 17:30,4/17/2023 17:30,5/4/2023 20:00,5/4/2023 23:00,5/3/2023 20:00,5/5/2023 17:00,5/5/2023 11:00,5/1/2023 20:00,5/4/2023 2:00,5/4/2023 11:00,5/5/2023 2:00,5/5/2023 8:00,5/4/2023 17:00,4/30/2023 13:00,5/1/2023 20:00,5/2/2023 10:00,5/2/2023 3:00,5/3/2023 20:00,5/5/2023 2:00,5/4/2023 23:00,5/4/2023 2:00,5/2/2023 17:00,4/30/2023 18:00,4/30/2023 23:00,5/1/2023 14:00,4/24/2023 17:00,4/20/2023 23:30,4/19/2023 22:30,4/30/2023 18:00,4/24/2023 22:00,4/20/2023 3:30,4/28/2023 16:00,4/18/2023 0:30,4/18/2023 4:30,4/18/2023 4:30,4/18/2023 0:30,4/17/2023 16:30,4/17/2023 20:30,4/17/2023 16:30,4/24/2023 2:00,4/19/2023 7:30,4/19/2023 2:30,4/18/2023 16:30
volconc (uL/L),39.62,56.59,45.42,78.71,36.31,74.76,51.68,63.53,53.79,79.55,46.75,57.56,67.12,106.31,115.21,118.68,73.11,110.62,109.99,25.17,22.78,87.1,30.81,25.61,64.14,26.28,35.26,99.55,40.12,72.78,43.66,44.99,31.62,35.73,68.76,77.49,33.08,50.92,25.42,63.56,85.89,50.13,27.12,24.91,22.36,85.5,14.59,30.84,74.69,73.67,48.9,48.47,59.16,116.8,51.23,106.21,66.59,40.96,47.58,93.48
0.37,0.000479556,0.000295989,0.000264201,0.00044467,0.000302947,0.00024077,0.000135449,0.000236109,0.000390407,0.000276556,0.000213904,0.000243224,0.000238379,0.000253974,0.000329832,0.000286485,0.000355629,0.000289279,0.00020911,0.000675407,0.000746269,0.000585534,0.00064914,0.000624756,0.000249454,0.000799087,0.000340329,0.000140633,0.000274177,0.000261061,0.000137426,0.000222272,0.000347881,0.000195914,0.000363583,0.000361337,0,0.000235664,0.000275374,0.000424795,0.00029107,0.00031917,0.000589971,0.000521879,0.000581395,0.000549708,0.001028101,0.00042153,0.000107109,8.14E-05,0.000184049,0.000185682,0.00015213,0.000222603,0.000195198,0.000244798,6.01E-05,0.000244141,0.00023119,0.000310227
0.44,0.000530035,0.000309242,0.000286218,0.00047008,0.000302947,0.000254147,0.000154799,0.000236109,0.000408998,0.000289126,0.000256684,0.000243224,0.000253278,0.000263381,0.000338512,0.000294911,0.000369307,0.000298319,0.000218202,0.000715137,0.000746269,0.000619977,0.000681597,0.00070285,0.000296227,0.00087519,0.00036869,0.000160723,0.000324028,0.000288541,0.00016033,0.000266726,0.000411132,0.000223901,0.00039267,0.000387147,0,0.000255302,0.000314713,0.000456262,0.000314356,0.000359066,0.000663717,0.000562023,0.000626118,0.000608187,0.001165182,0.000453956,0.000107109,9.50E-05,0.000204499,0.000206313,0.000185936,0.000239726,0.000214718,0.000263629,7.51E-05,0.000244141,0.000252207,0.000342319
0.52,0.000580515,0.000318077,0.000308234,0.000508195,0.000330487,0.000267523,0.000174149,0.00026759,0.000427589,0.000314268,0.000299465,0.000260598,0.000283075,0.000263381,0.000355872,0.000303337,0.000410341,0.000316398,0.000236385,0.000834327,0.000834065,0.000677382,0.000746511,0.000780945,0.000343,0.001065449,0.000453772,0.000200904,0.000398804,0.000329761,0.000229043,0.000333407,0.000506009,0.000307865,0.000450844,0.000425861,0,0.000314218,0.000354052,0.000503461,0.000360927,0.000418911,0.000737463,0.000642312,0.000670841,0.000701754,0.001370802,0.000486381,0.000133887,0.000108592,0.000224949,0.000226945,0.000219743,0.000273973,0.000253758,0.000282459,0.000105121,0.000268555,0.000273224,0.000374412
0.61,0.000656234,0.000335748,0.000374284,0.000546309,0.000385569,0.000280899,0.000212848,0.000299071,0.00046477,0.00035198,0.000363636,0.000277971,0.000327771,0.000272787,0.000364552,0.000320189,0.000451375,0.000343518,0.000254569,0.000993246,0.000877963,0.000769231,0.000843882,0.000859039,0.000436545,0.001331811,0.000567215,0.00025113,0.000548355,0.000398461,0.000297755,0.000422316,0.000664137,0.000391828,0.000538104,0.000490386,0,0.000392773,0.000472069,0.000566394,0.000419141,0.0005386,0.000884956,0.000762746,0.000760286,0.000842105,0.001713502,0.000583658,0.000160664,0.00013574,0.000286299,0.000288838,0.000270453,0.000316781,0.000312317,0.000310705,0.000135155,0.000292969,0.000294241,0.000406504
0.72,0.000757193,0.000362255,0.000418318,0.000609834,0.00044065,0.000307651,0.000270898,0.000346293,0.000520543,0.000389692,0.000427807,0.000312717,0.000387366,0.000282194,0.000390591,0.000345467,0.000506087,0.000370638,0.000281844,0.001191895,0.001009658,0.000861079,0.000941253,0.001015228,0.000561272,0.001674277,0.000737379,0.000341537,0.000772682,0.000494641,0.000435181,0.000577906,0.000885515,0.000587741,0.000639907,0.00055491,0,0.000510605,0.000629426,0.00064506,0.00050064,0.000678237,0.001106195,0.000883179,0.000894454,0.00102924,0.002124743,0.000648508,0.00020083,0.000176463,0.000347648,0.000371364,0.000321163,0.000376712,0.000409916,0.000357782,0.000195225,0.000341797,0.000336276,0.000470689
0.85,0.000883392,0.000406432,0.000484368,0.000686063,0.000523272,0.000361156,0.000348297,0.000393515,0.000594906,0.000452546,0.000534759,0.000364837,0.000461859,0.000301006,0.00042531,0.000387597,0.000588155,0.000415838,0.000327302,0.001430274,0.001141352,0.000998852,0.001135995,0.001210465,0.00070159,0.002016743,0.000935905,0.000431944,0.000997009,0.000604562,0.000572607,0.000755723,0.00113852,0.000839631,0.000756254,0.000645245,0,0.000648075,0.000826121,0.000723726,0.000593783,0.000817874,0.001327434,0.001043758,0.001028623,0.00122807,0.002604524,0.000745785,0.000240996,0.000217185,0.000429448,0.000433258,0.000388776,0.000436644,0.000527035,0.000404858,0.000270311,0.000390625,0.000399327,0.000524176
1.01,0.00108531,0.000512458,0.000594452,0.000863931,0.000660975,0.000441413,0.000445046,0.000503699,0.000743633,0.000578253,0.000663102,0.000469076,0.000581049,0.000366852,0.000520788,0.000505561,0.000752291,0.000515278,0.000409128,0.001787843,0.001448639,0.001216992,0.001428108,0.001522843,0.000841908,0.002359209,0.001077708,0.000512305,0.001196411,0.000728222,0.000710032,0.000866859,0.001391524,0.001147495,0.000901687,0.000774293,0,0.000785546,0.001022817,0.000865324,0.000710211,0.00095751,0.001622419,0.001204336,0.001252236,0.001497076,0.003015764,0.000875486,0.000267773,0.000257907,0.000511247,0.000515783,0.000456389,0.000530822,0.000702713,0.000489596,0.00033038,0.000488281,0.000483396,0.000631151
1.19,0.001539626,0.000759852,0.000814619,0.001295896,0.000936381,0.000642055,0.000638545,0.000739808,0.001078267,0.000829667,0.000919786,0.000660181,0.000789631,0.000545574,0.000772502,0.000775194,0.001080564,0.000759356,0.000600055,0.002582439,0.002063213,0.001733639,0.002012334,0.00226474,0.001075772,0.00304414,0.001304594,0.000673029,0.001470588,0.000948063,0.00091617,0.001044677,0.001834282,0.001623286,0.001207097,0.001058201,0,0.00102121,0.001258851,0.001195721,0.000908138,0.001236784,0.002249263,0.001645925,0.001788909,0.002070175,0.004043866,0.001232166,0.000348106,0.000352925,0.000715746,0.000742727,0.000625423,0.000761986,0.00109311,0.000706148,0.000435501,0.000708008,0.000672551,0.000877193
1.4,0.00232206,0.001183955,0.001232937,0.002083598,0.001404572,0.00100321,0.000986842,0.001164804,0.001673173,0.001307354,0.001368984,0.000955525,0.001191895,0.000846581,0.001215172,0.001255477,0.001641362,0.001202314,0.000945541,0.004012714,0.003160667,0.002663605,0.002986043,0.003592347,0.001527908,0.004414003,0.001843449,0.000974385,0.002043868,0.001305304,0.001351351,0.001400311,0.002688172,0.002490904,0.001803374,0.001587302,0,0.001472899,0.001730921,0.001809314,0.001269065,0.001835228,0.00350295,0.002609394,0.002862254,0.003181287,0.006168609,0.001977951,0.000522158,0.000542962,0.001145194,0.001196616,0.000963489,0.001181507,0.001971501,0.001082761,0.000675777,0.001098633,0.001071879,0.001315789
1.65,0.002902574,0.001568298,0.001607221,0.002795071,0.00179014,0.001324238,0.001315789,0.0015898,0.002230898,0.001747329,0.00173262,0.001198749,0.001504768,0.001138181,0.001623123,0.001718908,0.002092737,0.001618152,0.001272843,0.005284068,0.003994732,0.003455798,0.003797468,0.004646622,0.001855316,0.0054414,0.002297221,0.001185334,0.002492522,0.001552624,0.001740724,0.00164481,0.003289058,0.003246572,0.002341478,0.002090592,0,0.001904949,0.002242329,0.002391441,0.001548492,0.002373828,0.004646018,0.003532718,0.004025045,0.004187135,0.007813571,0.002756161,0.000656045,0.000692276,0.001492843,0.001650505,0.001233942,0.001566781,0.002927972,0.001393466,0.000840967,0.001464844,0.001429172,0.001690201
1.95,0.003483089,0.001992401,0.001959489,0.003608182,0.002148169,0.001698769,0.001644737,0.002062018,0.002807213,0.002187304,0.002032086,0.0014246,0.00181764,0.00148622,0.002100512,0.002207617,0.002544112,0.00205207,0.001618329,0.006515693,0.004872695,0.004247991,0.004608893,0.005544709,0.002182725,0.006430746,0.002694271,0.001336012,0.003015952,0.001758725,0.002153,0.001822627,0.003826692,0.004086202,0.002894124,0.002632598,0,0.002376277,0.002714398,0.003099434,0.001816277,0.002972272,0.005899705,0.004456042,0.005545617,0.005192982,0.009527073,0.003761349,0.00080332,0.000868739,0.001881391,0.002248814,0.001538201,0.002011986,0.004040601,0.001751248,0.001006157,0.001855469,0.001807482,0.002043218
2.3,0.004215043,0.00265948,0.002575958,0.004738915,0.002946847,0.002340824,0.002321981,0.002880529,0.0036438,0.002853551,0.002652406,0.001893676,0.002324195,0.002031794,0.002803576,0.002864847,0.003228013,0.002684867,0.00214565,0.008184346,0.006101844,0.005269805,0.005582603,0.006794221,0.002775179,0.008066971,0.003488372,0.001627323,0.004012961,0.002088486,0.003000458,0.002289398,0.004807084,0.005429611,0.003723095,0.003393986,0.000181378,0.003220738,0.003737215,0.004059157,0.002200489,0.003909834,0.007522124,0.005740666,0.00773703,0.006409357,0.011446196,0.005058366,0.000963984,0.001180942,0.002535787,0.003218486,0.001994591,0.002619863,0.005602186,0.002212598,0.00132152,0.002636719,0.002437999,0.002567394
2.72,0.004745078,0.003057077,0.002862175,0.005628256,0.00311209,0.002742108,0.00249613,0.003368487,0.00410857,0.003218102,0.002780749,0.002032662,0.002577473,0.002483304,0.003385123,0.003294574,0.003679387,0.003136865,0.002527503,0.009376242,0.006848112,0.006142365,0.006231743,0.007692308,0.003227315,0.009360731,0.003942144,0.001757911,0.004985045,0.002294586,0.003618873,0.002489442,0.005249842,0.006269242,0.004319372,0.004026326,0.003355502,0.003809898,0.004130606,0.004955947,0.002503202,0.004847397,0.00899705,0.006784424,0.009794275,0.007578947,0.013228239,0.006420233,0.001071094,0.001384553,0.003087935,0.004085001,0.002366464,0.003236301,0.006910014,0.002636287,0.001501727,0.00300293,0.00273224,0.002920411
3.2,0.005451792,0.003808093,0.003544694,0.006860628,0.00399339,0.003517924,0.003270124,0.004328664,0.004926566,0.003909491,0.003465241,0.002588603,0.003158522,0.003198194,0.004209704,0.003892821,0.004472712,0.003814862,0.003145741,0.010885975,0.008121159,0.007118255,0.007205453,0.008863725,0.003991269,0.011605784,0.00490641,0.002059267,0.006555334,0.002706788,0.004970224,0.003067348,0.00626186,0.007668626,0.005221059,0.004826429,0.014721886,0.004850746,0.005428796,0.006057269,0.002945628,0.006124077,0.010840708,0.008269771,0.012388193,0.008736842,0.015078821,0.007846952,0.001218369,0.00171033,0.003865031,0.005219724,0.002873563,0.003938356,0.008374,0.003116467,0.001847124,0.003930664,0.003446826,0.003508772
3.78,0.006208985,0.004448666,0.004051079,0.00806759,0.004461581,0.004093098,0.003599071,0.004974028,0.005595836,0.004437461,0.003935829,0.002918694,0.003575685,0.003856646,0.005016926,0.004373104,0.005238681,0.004420539,0.003700336,0.012435439,0.009218613,0.008254879,0.008114249,0.010035143,0.004755223,0.014003044,0.00570051,0.002290306,0.008150548,0.003077769,0.006252863,0.003534119,0.007084124,0.008676182,0.006050029,0.005626532,0.025876663,0.005695208,0.006294256,0.007268722,0.003376412,0.007640136,0.012868732,0.01003613,0.015161002,0.010152047,0.017751885,0.009565499,0.001392422,0.001954663,0.004621677,0.006148133,0.003296146,0.004700342,0.009701347,0.003624894,0.002027331,0.004638672,0.00395124,0.004172015
4.46,0.007395255,0.005517759,0.004909731,0.009795452,0.005425503,0.005002675,0.004334365,0.006044388,0.006767057,0.005342552,0.004962567,0.003596247,0.004290822,0.004787884,0.0061453,0.005114594,0.006456025,0.005324534,0.004536776,0.01466031,0.010974539,0.009816303,0.00960727,0.011831316,0.005799813,0.017465753,0.007090187,0.002712205,0.010343968,0.00368233,0.008337151,0.004312069,0.008380772,0.010131542,0.007198953,0.006697638,0.018984281,0.006952082,0.007710464,0.008842039,0.004016766,0.009674845,0.015671091,0.012605379,0.018783542,0.011964912,0.02138451,0.011608301,0.001673584,0.002334736,0.005746421,0.007324118,0.003955375,0.00567637,0.011399571,0.004312212,0.002387746,0.005859375,0.004875998,0.005241763
5.27,0.008707723,0.006798904,0.005834434,0.011688477,0.006609749,0.005979133,0.005166409,0.00714623,0.008105596,0.006423633,0.006331551,0.004447533,0.00511025,0.005794375,0.007377832,0.005974048,0.007974285,0.006400289,0.005491408,0.017401669,0.013081651,0.011618829,0.01123012,0.013822725,0.00696913,0.021118721,0.008763471,0.00320442,0.012437687,0.004383072,0.01053596,0.005312292,0.009803922,0.011390988,0.008435137,0.007768744,0.012394196,0.008169678,0.009166011,0.010352423,0.004773548,0.011849192,0.018731563,0.015535929,0.022406082,0.014023392,0.025428376,0.013683528,0.002102022,0.002714809,0.007014315,0.008335053,0.004716024,0.006652397,0.013078274,0.005103098,0.002823247,0.007202148,0.00592686,0.00665383
6.21,0.010070671,0.008208164,0.006825187,0.013492568,0.007876618,0.006942215,0.005998452,0.008185109,0.009555679,0.007668133,0.007957219,0.005385685,0.005974374,0.006716207,0.008523566,0.00694304,0.009656682,0.007539324,0.006536958,0.020500596,0.015452151,0.013513203,0.01285297,0.015736041,0.007966947,0.023972603,0.010521838,0.003766951,0.013783649,0.005166254,0.012047641,0.006468104,0.011132195,0.012202631,0.009511344,0.008723706,0.014842805,0.009112333,0.010385523,0.011375079,0.005611829,0.013564732,0.021349558,0.017944601,0.024821109,0.016105263,0.029472241,0.015402075,0.002784844,0.003094883,0.008179959,0.008871467,0.005527383,0.007431507,0.014386102,0.00592223,0.003318817,0.00847168,0.007124842,0.008386821
7.33,0.011509339,0.00978088,0.00788199,0.015207725,0.00928119,0.007918673,0.006849845,0.009239729,0.011098717,0.009101194,0.009647059,0.006514941,0.006912992,0.007600414,0.009591181,0.008038423,0.01139379,0.008696438,0.007691608,0.023718713,0.017954346,0.015361653,0.014378449,0.017415072,0.008652947,0.025799087,0.0121384,0.004379709,0.01440678,0.006018137,0.01252863,0.007646144,0.012460468,0.012874335,0.010398487,0.009575429,0.021886336,0.009819324,0.011369001,0.011925739,0.006508325,0.014741672,0.023193215,0.01926937,0.025849732,0.018070175,0.033173406,0.016828794,0.003882715,0.003474956,0.009161554,0.009098411,0.006389452,0.008030822,0.015420652,0.006788438,0.003829404,0.009741211,0.00851198,0.010355156
8.65,0.013377082,0.011879307,0.009335095,0.017469191,0.011126411,0.009242911,0.007914087,0.010687864,0.012920617,0.010999371,0.011636364,0.007991661,0.008224076,0.008860879,0.010997309,0.009395012,0.013527561,0.010088592,0.009300846,0.027850616,0.021115013,0.017623421,0.016228497,0.019523624,0.009463673,0.028500761,0.013981849,0.005183325,0.01560319,0.00721352,0.01316995,0.009090909,0.014073371,0.014077806,0.011576498,0.010749774,0.021342201,0.010860173,0.012745869,0.012759597,0.007579462,0.016517056,0.025184366,0.020313127,0.027057245,0.020385965,0.037971213,0.018871595,0.005623243,0.004017918,0.010449898,0.00969672,0.007555781,0.008878425,0.016884638,0.007890029,0.004445112,0.011621094,0.010445565,0.01292255
10.21,0.01595154,0.014622725,0.011074417,0.020378605,0.01327458,0.010861423,0.009055728,0.012466551,0.01479829,0.013526084,0.014096257,0.009815844,0.00999702,0.010572853,0.012785348,0.01102966,0.016016961,0.011697704,0.011555596,0.033094954,0.025021949,0.020378875,0.018597858,0.022100742,0.010352354,0.031544901,0.015626773,0.006268207,0.016999003,0.008862325,0.013994503,0.010802401,0.015370019,0.015757067,0.013074462,0.012182217,0.020979444,0.012234878,0.014358773,0.013845186,0.008906741,0.018491921,0.02699115,0.020915295,0.027996422,0.022725146,0.04276902,0.021044099,0.008448253,0.004859509,0.012126789,0.010707654,0.009093982,0.009982877,0.018875659,0.009349402,0.005256044,0.01394043,0.012904582,0.016089003
12.05,0.019156991,0.017856512,0.012791722,0.023643756,0.015367667,0.01253344,0.010139319,0.014371163,0.016322737,0.01646763,0.016877005,0.011865879,0.012202026,0.01259524,0.014833782,0.01280755,0.018479004,0.013415296,0.014428584,0.038259833,0.029104478,0.023249139,0.021194417,0.024795002,0.011225444,0.033599696,0.016080545,0.007433451,0.018020937,0.010992031,0.014796152,0.012536119,0.016129032,0.017856143,0.014557882,0.013511421,0.024455865,0.013864886,0.015656963,0.015040906,0.010455233,0.020127668,0.028244838,0.020915295,0.028398927,0.02451462,0.045990404,0.022762646,0.012545187,0.006121895,0.014314928,0.012316897,0.011088573,0.011318493,0.021432754,0.011251295,0.006412374,0.016381836,0.015825977,0.019587077
14.22,0.023927309,0.022344937,0.014773228,0.02843349,0.01814927,0.014941145,0.011861455,0.017314654,0.018144637,0.020565682,0.020919786,0.014993051,0.015464839,0.015727589,0.018158146,0.015293225,0.021871153,0.015991683,0.018919902,0.044974176,0.034635645,0.027301952,0.025024343,0.028894963,0.012846897,0.036453577,0.016080545,0.008859869,0.02003988,0.01423468,0.016491067,0.014914425,0.017773561,0.020850826,0.016826643,0.015201962,0.024334946,0.016653574,0.017387884,0.017353682,0.012748865,0.022940355,0.030530973,0.021678041,0.030232558,0.026830409,0.048732008,0.024902724,0.018221984,0.008470205,0.018609407,0.015886115,0.014790399,0.013818493,0.026234628,0.014508992,0.008890224,0.019799805,0.019714166,0.024186992
16.78,0.030212014,0.027487189,0.016468516,0.034023631,0.02170201,0.018057785,0.014531734,0.02142295,0.020059491,0.025769956,0.026032086,0.019423211,0.019561979,0.019725332,0.022628244,0.018495113,0.025947203,0.019354547,0.024765888,0.051489869,0.040737489,0.032078071,0.029600779,0.033932058,0.015076395,0.038964992,0.01551333,0.010607735,0.022058824,0.018356691,0.018323408,0.017626139,0.019924099,0.023761545,0.019328098,0.016608595,0.026632406,0.020384918,0.0193155,0.020531781,0.015845849,0.026291642,0.033148968,0.023123244,0.032871199,0.029052632,0.048457848,0.026459144,0.023925559,0.01237953,0.025603272,0.021972354,0.020977011,0.017568493,0.033671677,0.019414368,0.013981078,0.02331543,0.024043716,0.029107831
19.81,0.03750631,0.033420216,0.018405989,0.040376064,0.026769485,0.0226458,0.018672601,0.027498819,0.022922476,0.032281584,0.032235294,0.025747047,0.024508343,0.02479541,0.028565229,0.022665993,0.031090138,0.023757006,0.031557414,0.057489074,0.047102722,0.037600459,0.03498864,0.039789145,0.018194574,0.041818874,0.015598412,0.012777499,0.024302094,0.022849684,0.020705451,0.02067126,0.023055028,0.026392387,0.022018615,0.017937798,0.031076179,0.024980361,0.021793863,0.024528005,0.019850972,0.03048075,0.036135693,0.026134083,0.037298748,0.031789474,0.047087046,0.0288262,0.028772259,0.017863445,0.035092025,0.030575614,0.029783638,0.022619863,0.043529182,0.025976838,0.022480853,0.027441406,0.029319042,0.034477963
23.37,0.044220091,0.040311893,0.021730515,0.04736374,0.0345084,0.030016051,0.025290248,0.03650244,0.028165086,0.040251414,0.039550802,0.034885337,0.03022944,0.030966043,0.036220814,0.028185035,0.03777869,0.029298499,0.038567142,0.062336114,0.053292362,0.043559127,0.041317754,0.046192893,0.022528843,0.045585997,0.017838911,0.015680563,0.026595214,0.026573234,0.023408154,0.024005335,0.027672359,0.028379513,0.025029087,0.019770293,0.035822249,0.02994894,0.025137687,0.028980491,0.024799162,0.035647317,0.039159292,0.031834605,0.044543828,0.035684211,0.046538725,0.034176394,0.034100951,0.023713859,0.044621677,0.03911698,0.03902975,0.028210616,0.053230529,0.032972413,0.033263253,0.032958984,0.036738125,0.040703894
27.58,0.049545684,0.049195971,0.027873184,0.055024774,0.044367943,0.040636704,0.034210526,0.04841807,0.037107269,0.049402891,0.048042781,0.046473245,0.036889154,0.038209011,0.045386685,0.035085945,0.045903433,0.035933828,0.045567779,0.066468017,0.059482002,0.049804822,0.048977605,0.053533776,0.028157156,0.049771689,0.023170732,0.019839277,0.028988036,0.030076944,0.026729272,0.027806179,0.033554712,0.031010355,0.028752182,0.023370758,0.042986699,0.035271013,0.029858379,0.033668974,0.030981488,0.042050668,0.041666667,0.039943798,0.053443649,0.041438596,0.048457848,0.044422827,0.042174321,0.028871997,0.051247444,0.044563648,0.045655849,0.033416096,0.059906305,0.039064118,0.04257396,0.04140625,0.048045397,0.048609328
32.55,0.054038364,0.058084467,0.036217525,0.061135815,0.051087855,0.050200642,0.041602167,0.058775382,0.046886038,0.056907605,0.055807487,0.05628909,0.043682956,0.045245038,0.053675896,0.0413212,0.051743947,0.042044838,0.051322848,0.067302344,0.062949956,0.055040184,0.056669912,0.059781335,0.033863424,0.051331811,0.028360749,0.025002511,0.030633101,0.035421819,0.031630783,0.031340298,0.038583175,0.0359082,0.03262071,0.028829526,0.050483676,0.041064415,0.035326515,0.038310258,0.038246594,0.048414123,0.041887906,0.046166198,0.057423971,0.04671345,0.05023989,0.055479896,0.053246753,0.03515678,0.056625767,0.048421704,0.051081812,0.038330479,0.063048995,0.044619151,0.051329028,0.051171875,0.060907945,0.056514763
38.41,0.060878344,0.067056901,0.04682959,0.066459154,0.055163867,0.057932049,0.047368421,0.067432709,0.05603272,0.063595223,0.063935829,0.064471855,0.051400477,0.052741981,0.061548477,0.047455342,0.055819997,0.048128729,0.057014274,0.066030989,0.06523266,0.059977038,0.064556962,0.065872706,0.040333645,0.05129376,0.031990925,0.032014063,0.032303091,0.045328387,0.040242785,0.035563459,0.043105629,0.04497621,0.037812682,0.036959608,0.061819831,0.049332286,0.042171518,0.044210195,0.047572476,0.055316178,0.040707965,0.049618627,0.055366726,0.051497076,0.050651131,0.063391699,0.067492302,0.044835075,0.063742331,0.05382711,0.057860041,0.044434932,0.065567051,0.051464081,0.062066376,0.062060547,0.074211854,0.064548567
45.32,0.066355376,0.073378689,0.058190225,0.070118155,0.063095566,0.06758962,0.057043344,0.078120573,0.065885852,0.070182275,0.072534759,0.074843641,0.059296782,0.060220111,0.069577294,0.055468487,0.061031323,0.055179895,0.062451132,0.063885578,0.066242318,0.064202067,0.072281727,0.071300273,0.049095728,0.050114155,0.036443562,0.040552486,0.034197408,0.055729596,0.048694457,0.040297844,0.048703352,0.052392947,0.044604421,0.046431798,0.069437727,0.058641005,0.049685287,0.051211454,0.058702992,0.061679633,0.039417404,0.055359293,0.053398927,0.057239766,0.049485949,0.070363165,0.082420672,0.055192073,0.070245399,0.060037136,0.064114266,0.051318493,0.067967988,0.058817437,0.074891125,0.071459961,0.084510298,0.07084938
53.48,0.070545179,0.075627319,0.068009687,0.070308728,0.069182044,0.074264312,0.066660217,0.085534393,0.072597137,0.073689503,0.078053476,0.082123002,0.066060787,0.066578873,0.075028209,0.062883384,0.064314047,0.061227626,0.066769706,0.057767183,0.064091308,0.066165327,0.07591691,0.072745021,0.058309947,0.047260274,0.038145207,0.049563034,0.036291127,0.06768343,0.058268438,0.045276728,0.053320683,0.060481388,0.05091623,0.056033037,0.078839178,0.06875491,0.057199056,0.058889239,0.070369077,0.066706563,0.036910029,0.058410277,0.048479428,0.061076023,0.046333105,0.07266537,0.094698085,0.069078322,0.078507157,0.069135548,0.072785666,0.059888699,0.070544603,0.067931457,0.092731641,0.077270508,0.088272383,0.073577236
63.11,0.072337203,0.077668316,0.082364597,0.068809554,0.072266593,0.079106474,0.073568111,0.087344562,0.080423871,0.074116908,0.081048128,0.084068798,0.072452324,0.072044022,0.077554032,0.069413549,0.067035973,0.066380401,0.07035185,0.053118792,0.062028095,0.066406429,0.078286271,0.072666927,0.066666667,0.044596651,0.041038003,0.059628327,0.040902293,0.08200055,0.070797068,0.05121138,0.057179001,0.074503219,0.058551483,0.071312427,0.087212817,0.078908091,0.066089693,0.065465702,0.081092095,0.070616397,0.033923304,0.057125652,0.042128801,0.064584795,0.044893763,0.073800259,0.102490293,0.080969187,0.0800409,0.071487518,0.076369168,0.067140411,0.067850869,0.074211468,0.096636132,0.084667969,0.091761244,0.075834403
74.48,0.06935891,0.073458208,0.088199031,0.063791132,0.077499311,0.08164794,0.083339783,0.085471431,0.08131623,0.071929604,0.079786096,0.084781098,0.075879023,0.074997648,0.076564534,0.074747219,0.068417453,0.070547821,0.071161015,0.044735797,0.055926251,0.063513203,0.073190523,0.066146037,0.074103524,0.040943683,0.039421441,0.067403315,0.046236291,0.090052212,0.077530921,0.05614581,0.059424415,0.080128743,0.062434555,0.07868112,0.082527207,0.085526316,0.07147915,0.069902454,0.087472348,0.070795931,0.030825959,0.055158571,0.037075134,0.063602339,0.039067855,0.06770428,0.098420137,0.088557079,0.078343558,0.073034867,0.07745098,0.073082192,0.063302752,0.078184728,0.097732392,0.083276367,0.08442623,0.072443303
87.89,0.06595154,0.068086234,0.089542052,0.057603862,0.077251446,0.07794275,0.08630031,0.075885408,0.076389664,0.067140163,0.075229947,0.079603892,0.078009535,0.075994732,0.072111796,0.076558814,0.066625633,0.072536612,0.070570052,0.037346047,0.049473222,0.058874856,0.065887699,0.05716517,0.077782975,0.037557078,0.034004538,0.072787544,0.050747757,0.098406156,0.08575355,0.061169149,0.058349146,0.088553037,0.064368819,0.084875468,0.074788392,0.089257659,0.075413061,0.072498427,0.088799627,0.068501895,0.027654867,0.047812124,0.030769231,0.059204678,0.034132968,0.057619974,0.086169501,0.096267137,0.075480573,0.074375903,0.078566599,0.078150685,0.05727113,0.080962245,0.093527557,0.078588867,0.073076923,0.066923406
103.72,0.055073195,0.059657183,0.087142228,0.048583407,0.072294134,0.071428571,0.084171827,0.062505903,0.070310467,0.058881207,0.064663102,0.069318972,0.074061383,0.071667764,0.062841767,0.073592855,0.061592121,0.070267583,0.064914992,0.028645213,0.040781387,0.050700344,0.053846154,0.04369387,0.075771749,0.033599696,0.031990925,0.073299849,0.050224327,0.09274526,0.082020156,0.063347411,0.055344719,0.085838231,0.060427574,0.08466899,0.062152358,0.082678712,0.074272227,0.068234739,0.081371522,0.06118093,0.024963127,0.041188278,0.027191413,0.052421053,0.030089102,0.05042153,0.068041237,0.08775621,0.060817996,0.06354446,0.067866802,0.073784247,0.044680851,0.072874494,0.072413275,0.070263672,0.06063472,0.058664955
122.39,0.045709238,0.049933734,0.074218406,0.039982213,0.066538144,0.062948101,0.079798762,0.050543051,0.060085518,0.051213074,0.053647059,0.0595205,0.068057211,0.065374847,0.053806093,0.068832154,0.056093558,0.067076478,0.058814438,0.021692491,0.033625988,0.042870264,0.043005518,0.031745412,0.072450889,0.03085997,0.030119115,0.069964842,0.045139581,0.080791426,0.070774164,0.065281174,0.053194181,0.071536524,0.055890052,0.07635824,0.042714631,0.072172035,0.070416994,0.062020138,0.070124578,0.052164373,0.024225664,0.036973103,0.025805009,0.045099415,0.025496916,0.042185473,0.049738921,0.077942175,0.049141104,0.056137817,0.058941853,0.068544521,0.0353699,0.064711421,0.057996696,0.057055664,0.046090794,0.048716303
144.43,0.035436648,0.040625552,0.063870542,0.03127938,0.053428807,0.051631889,0.066002322,0.037179285,0.050808701,0.041998743,0.040898396,0.046177901,0.058492253,0.055855517,0.043043139,0.059411864,0.047325947,0.059067076,0.049968179,0.015295987,0.026338894,0.034362801,0.032262253,0.02155408,0.063797942,0.028614916,0.03218945,0.064580613,0.039531406,0.063973619,0.058772332,0.064792176,0.048608476,0.057962497,0.049403723,0.069028262,0.028174123,0.056598586,0.063532651,0.052438641,0.056060077,0.041891083,0.02359882,0.031995183,0.024150268,0.037707602,0.022892392,0.036964981,0.03511849,0.062413465,0.035296524,0.043593976,0.045875592,0.057739726,0.025102479,0.051624141,0.039570506,0.045654297,0.035119798,0.039773214
170.44,0.028167592,0.030813748,0.046543373,0.023580231,0.040732581,0.040315677,0.051799536,0.026759011,0.037962447,0.033827781,0.029647059,0.034642113,0.048227056,0.046110432,0.034042184,0.049519717,0.038722473,0.050515278,0.041658333,0.009853,0.020193152,0.027405281,0.023076923,0.015501757,0.054443405,0.027054795,0.032643222,0.058392767,0.038908275,0.046977192,0.04644984,0.062902867,0.044086022,0.039014833,0.044109948,0.054768357,0.014026602,0.040907306,0.053973249,0.044257395,0.043334498,0.03219629,0.025036873,0.029586511,0.023211091,0.030175439,0.015490062,0.027885863,0.023938948,0.049979639,0.026993865,0.037136373,0.037322515,0.04932363,0.019500293,0.042124094,0.029448866,0.03215332,0.023833544,0.030412923
201.13,0.021024735,0.021390705,0.031373844,0.016300343,0.026934729,0.028491172,0.035642415,0.017235952,0.025878416,0.025091138,0.019294118,0.023245309,0.036114422,0.034907346,0.024746116,0.037546343,0.028983723,0.039260532,0.031684699,0.005244338,0.013959614,0.020551091,0.014216164,0.01120656,0.043155597,0.024695586,0.03712422,0.052204922,0.042921236,0.029994504,0.03499771,0.057034897,0.038614801,0.022502099,0.038365329,0.040043877,0.005471584,0.025255302,0.041463415,0.035509755,0.031633485,0.023219629,0.027617994,0.027980731,0.022584973,0.023169591,0.009389993,0.020363165,0.015704914,0.037518664,0.019631902,0.029812255,0.028600406,0.039229452,0.014444661,0.032068543,0.020979126,0.02043457,0.01481715,0.021854942
237.35,0.015572943,0.01439742,0.020761779,0.01086266,0.016882402,0.020144462,0.023393963,0.010861011,0.01753114,0.018265242,0.011828877,0.014923558,0.026102503,0.025811307,0.01797587,0.028041793,0.021447134,0.029868017,0.023565779,0.00246325,0.009350307,0.015028703,0.008244077,0.008785631,0.03397256,0.022412481,0.051985252,0.049231542,0.048504487,0.017559769,0.026202474,0.051389198,0.036084756,0.011279037,0.036503781,0.030287779,0.001813785,0.013904163,0.030369788,0.027847703,0.023192455,0.016696589,0.033259587,0.028904055,0.023881932,0.018538012,0.005346127,0.015402075,0.010536886,0.027718203,0.013885481,0.022942026,0.021348884,0.030736301,0.010716377,0.024112607,0.015152425,0.012524414,0.008995376,0.015404365
280.09,0.01130742,0.008853154,0.012241303,0.006644645,0.009639218,0.013255752,0.014241486,0.006311979,0.010522402,0.01255814,0.006609626,0.008773454,0.017669845,0.018239112,0.012429477,0.020045501,0.014909041,0.021704936,0.0165015,0.000913786,0.005618964,0.01053961,0.004219409,0.006872316,0.02613034,0.018721461,0.072404991,0.047674535,0.056480558,0.009247046,0.019812185,0.044921094,0.034313725,0.004701931,0.035863874,0.021176926,0.000423216,0.006716418,0.020338316,0.021648836,0.016916987,0.011849192,0.042441003,0.030951425,0.025715564,0.014421053,0.002330363,0.010343709,0.006921944,0.02049681,0.01,0.017907984,0.016041244,0.024075342,0.008061683,0.0182657,0.011458177,0.006713867,0.004791929,0.010205392
330.52,0.008253407,0.005363138,0.007265522,0.003951213,0.005260259,0.008788122,0.008494582,0.003620337,0.006190742,0.008573224,0.003593583,0.005055594,0.011844458,0.012868027,0.008645083,0.014391641,0.010244837,0.015657205,0.01141922,0.000278109,0.003072871,0.007347876,0.002044791,0.005349473,0.020252572,0.013013699,0.100652297,0.047152185,0.063983051,0.004424292,0.014841961,0.038030673,0.03257432,0.001651273,0.037187318,0.014918054,9.07E-05,0.002886881,0.0122738,0.016976086,0.012842007,0.008657491,0.050811209,0.03259735,0.026162791,0.011426901,0.000822481,0.006841764,0.004819922,0.015501561,0.007157464,0.013719827,0.012068966,0.018964041,0.006090182,0.014198286,0.009025379,0.003491211,0.002543085,0.006750107
390.04,0.006360424,0.003379572,0.00444738,0.002490154,0.002781603,0.005751739,0.005069659,0.002172202,0.003457892,0.00602137,0.002010695,0.00295344,0.007881406,0.009350014,0.006101901,0.01041456,0.006921078,0.011381305,0.008100736,7.95E-05,0.00166813,0.005442021,0.001006167,0.003631394,0.015357031,0.007191781,0.096908678,0.041778001,0.050947159,0.001772465,0.009825928,0.028984219,0.027545857,0.000447803,0.036401978,0.009226997,3.02E-05,0.001139042,0.006254917,0.013735053,0.010350448,0.006642729,0.050516224,0.028984344,0.022182469,0.008853801,0.00020562,0.004085603,0.003748828,0.012026605,0.005378323,0.010521972,0.009465855,0.015265411,0.004743314,0.011467847,0.007328428,0.001904297,0.001450189,0.004781772
460.27,0.006183746,0.002739,0.003500661,0.002096303,0.001624897,0.004266988,0.003560372,0.001699984,0.002137944,0.00512885,0.001454545,0.002171647,0.006108462,0.008014298,0.00525996,0.008586114,0.005334428,0.009464835,0.007009728,3.97E-05,0.001097454,0.005086108,0.000681597,0.002303788,0.012472716,0.003767123,0.061514464,0.03407333,0.031206381,0.000673262,0.005771874,0.020315626,0.021283997,0.000111951,0.036256545,0.005432959,0,0.000549882,0.003225806,0.012649465,0.010071021,0.006064233,0.042809735,0.022240064,0.016144902,0.007707602,0,0.002529183,0.004029991,0.011062848,0.005092025,0.009222199,0.008958756,0.014092466,0.004567636,0.010950005,0.007223307,0.001464844,0.001219,0.00436457
