DateTime,Turbidity FNU,fDOM QSU,fDOM RFU
7/12/2022 14:30,8.47,10.49,5.49
7/12/2022 14:35,4.49,19.7,10.28
7/12/2022 14:40,4.48,20.88,10.9
7/12/2022 14:45,3.66,21.2,11.07
7/12/2022 14:50,3.43,21.26,11.1
7/12/2022 14:55,3.37,21.28,11.11
7/12/2022 15:00,3.38,21.28,11.11
7/12/2022 15:15,3.47,21.24,11.09
7/12/2022 15:30,3.39,21.19,11.06
7/12/2022 15:45,3.4,21.08,11
7/12/2022 16:00,3.37,21.03,10.98
7/12/2022 16:15,3.4,21.01,10.96
7/12/2022 16:30,3.37,21.03,10.98
7/12/2022 16:45,3.38,21.05,10.99
7/12/2022 17:00,3.37,21.09,11
7/12/2022 17:15,3.37,21.13,11.03
7/12/2022 17:30,3.37,21.19,11.06
7/12/2022 17:45,3.38,21.28,11.1
7/12/2022 18:00,3.39,21.32,11.13
7/12/2022 18:15,3.35,21.36,11.15
7/12/2022 18:30,3.37,21.38,11.16
7/12/2022 18:45,3.33,21.41,11.17
7/12/2022 19:00,3.31,21.44,11.19
7/12/2022 19:15,3.35,21.46,11.2
7/12/2022 19:30,3.34,21.47,11.21
7/12/2022 19:45,3.36,21.48,11.21
7/12/2022 20:00,3.31,21.51,11.22
7/12/2022 20:15,3.33,21.52,11.23
7/12/2022 20:30,3.3,21.51,11.23
7/12/2022 20:45,3.3,21.52,11.23
7/12/2022 21:00,3.33,21.52,11.23
7/12/2022 21:15,3.32,21.53,11.24
7/12/2022 21:30,3.33,21.54,11.24
7/12/2022 21:45,3.31,21.57,11.26
7/12/2022 22:00,3.33,21.58,11.26
7/12/2022 22:15,3.34,21.6,11.27
7/12/2022 22:30,3.32,21.6,11.27
7/12/2022 22:45,3.32,21.59,11.26
7/12/2022 23:00,3.32,21.59,11.26
7/12/2022 23:15,3.36,21.58,11.26
7/12/2022 23:30,3.31,21.54,11.24
7/12/2022 23:45,3.34,21.52,11.23
7/13/2022 0:00,3.31,21.5,11.22
7/13/2022 0:15,3.3,21.49,11.21
7/13/2022 0:30,3.3,21.47,11.21
7/13/2022 0:45,3.31,21.45,11.2
7/13/2022 1:00,3.29,21.44,11.19
7/13/2022 1:15,3.34,21.43,11.19
7/13/2022 1:30,3.31,21.44,11.19
7/13/2022 1:45,3.28,21.42,11.18
7/13/2022 2:00,3.31,21.4,11.17
7/13/2022 2:15,3.32,21.38,11.16
7/13/2022 2:30,3.29,21.38,11.16
7/13/2022 2:45,3.31,21.37,11.15
7/13/2022 3:00,3.29,21.35,11.14
7/13/2022 3:15,3.29,21.34,11.14
7/13/2022 3:30,3.28,21.33,11.13
7/13/2022 3:45,3.27,21.32,11.13
7/13/2022 4:00,3.24,21.3,11.12
7/13/2022 4:15,3.25,21.29,11.11
7/13/2022 4:30,3.26,21.28,11.1
7/13/2022 4:45,3.26,21.27,11.1
7/13/2022 5:00,3.25,21.25,11.09
7/13/2022 5:15,3.26,21.23,11.08
7/13/2022 5:30,3.26,21.22,11.08
7/13/2022 5:45,3.29,21.21,11.07
7/13/2022 6:00,3.28,21.2,11.06
7/13/2022 6:15,3.3,21.19,11.06
7/13/2022 6:30,3.3,21.2,11.06
7/13/2022 6:45,3.28,21.21,11.07
7/13/2022 7:00,3.26,21.24,11.09
7/13/2022 7:15,3.26,21.26,11.09
7/13/2022 7:30,3.26,21.25,11.09
7/13/2022 7:45,3.25,21.23,11.08
7/13/2022 8:00,3.23,21.22,11.07
7/13/2022 8:15,3.21,21.2,11.07
7/13/2022 8:30,3.23,21.16,11.04
7/13/2022 8:45,3.23,21.1,11.01
7/13/2022 9:00,3.22,21.04,10.98
7/13/2022 9:15,3.2,20.94,10.93
7/13/2022 9:30,3.19,20.8,10.86
7/13/2022 9:45,3.2,20.7,10.8
7/13/2022 10:00,3.22,20.74,10.83
7/13/2022 10:15,3.22,20.62,10.76
7/13/2022 10:30,3.24,20.49,10.7
7/13/2022 10:45,3.24,20.32,10.61
7/13/2022 11:00,3.27,20.19,10.54
7/13/2022 11:15,3.26,20.05,10.46
7/13/2022 11:30,3.27,19.92,10.4
7/13/2022 11:45,3.28,19.85,10.36
7/13/2022 12:00,3.28,19.74,10.3
7/13/2022 12:15,3.26,19.79,10.33
7/13/2022 12:30,3.29,19.69,10.28
7/13/2022 12:45,3.28,19.67,10.27
7/13/2022 13:00,3.29,19.86,10.37
7/13/2022 13:15,3.24,19.98,10.43
7/13/2022 13:30,3.23,20.08,10.48
7/13/2022 13:45,3.21,20.13,10.51
7/13/2022 14:00,3.22,20.12,10.5
7/13/2022 14:15,3.22,20.07,10.48
7/13/2022 14:30,3.21,20.15,10.52
7/13/2022 14:45,3.18,20.21,10.55
7/13/2022 15:00,3.2,20.26,10.58
7/13/2022 15:15,3.2,20.14,10.51
7/13/2022 15:30,3.23,19.98,10.43
7/13/2022 15:45,3.24,19.94,10.41
7/13/2022 16:00,3.28,19.88,10.38
7/13/2022 16:15,3.29,19.86,10.37
7/13/2022 16:30,3.28,19.88,10.38
7/13/2022 16:45,3.28,19.93,10.4
7/13/2022 17:00,3.3,19.99,10.44
7/13/2022 17:15,3.26,20.05,10.46
7/13/2022 17:30,3.26,20.16,10.52
7/13/2022 17:45,3.23,20.22,10.55
7/13/2022 18:00,3.24,20.29,10.59
7/13/2022 18:15,3.21,20.33,10.61
7/13/2022 18:30,3.22,20.36,10.62
7/13/2022 18:45,3.21,20.37,10.63
7/13/2022 19:00,3.22,20.38,10.64
7/13/2022 19:15,3.2,20.39,10.64
7/13/2022 19:30,3.206,20.22,10.55
7/13/2022 19:45,3.42,20.36,10.63
7/13/2022 20:00,3.25,20.4,10.65
7/13/2022 20:15,3.22,20.41,10.65
7/13/2022 20:30,3.23,20.43,10.66
7/13/2022 20:45,3.24,20.42,10.66
7/13/2022 21:00,3.25,20.44,10.67
7/13/2022 21:15,3.27,20.45,10.67
7/13/2022 21:30,3.27,20.47,10.68
7/13/2022 21:45,3.23,20.5,10.7
7/13/2022 22:00,3.25,20.52,10.71
7/13/2022 22:15,3.25,20.53,10.71
7/13/2022 22:30,3.26,20.54,10.72
7/13/2022 22:45,3.23,20.54,10.72
7/13/2022 23:00,3.27,20.53,10.72
7/13/2022 23:15,3.25,20.53,10.71
7/13/2022 23:30,3.26,20.52,10.71
7/13/2022 23:45,3.24,20.52,10.71
7/14/2022 0:00,3.25,20.52,10.71
7/14/2022 0:15,3.21,20.53,10.71
7/14/2022 0:30,3.22,20.51,10.71
7/14/2022 0:45,3.22,20.5,10.7
7/14/2022 1:00,3.26,20.47,10.69
7/14/2022 1:15,3.23,20.46,10.68
7/14/2022 1:30,3.24,20.46,10.68
7/14/2022 1:45,3.21,20.44,10.67
7/14/2022 2:00,3.23,20.42,10.66
7/14/2022 2:15,3.2,20.4,10.65
7/14/2022 2:30,3.23,20.38,10.64
7/14/2022 2:45,3.21,20.39,10.64
7/14/2022 3:00,3.23,20.39,10.64
7/14/2022 3:15,3.2,20.38,10.64
7/14/2022 3:30,3.2,20.38,10.64
7/14/2022 3:45,3.18,20.38,10.64
7/14/2022 4:00,3.17,20.36,10.63
7/14/2022 4:15,3.16,20.36,10.62
7/14/2022 4:30,3.15,20.35,10.62
7/14/2022 4:45,3.14,20.33,10.61
7/14/2022 5:00,3.14,20.32,10.61
7/14/2022 5:15,3.13,20.29,10.59
7/14/2022 5:30,3.17,20.29,10.59
7/14/2022 5:45,3.18,20.28,10.58
7/14/2022 6:00,3.17,20.28,10.58
7/14/2022 6:15,3.17,20.26,10.57
7/14/2022 6:30,3.18,20.29,10.59
7/14/2022 6:45,3.16,20.3,10.6
7/14/2022 7:00,3.17,20.33,10.61
7/14/2022 7:15,3.17,20.34,10.61
7/14/2022 7:30,3.17,20.34,10.62
7/14/2022 7:45,3.16,20.32,10.61
7/14/2022 8:00,3.16,20.32,10.61
7/14/2022 8:15,3.11,20.29,10.59
7/14/2022 8:30,3.1,20.27,10.58
7/14/2022 8:45,3.06,20.24,10.56
7/14/2022 9:00,3.08,20.13,10.51
7/14/2022 9:15,3.07,20.1,10.49
7/14/2022 9:30,3.07,19.96,10.42
7/14/2022 9:45,3.05,19.87,10.37
7/14/2022 10:00,3.07,19.87,10.37
7/14/2022 10:15,3.08,19.77,10.32
7/14/2022 10:30,3.1,19.65,10.26
7/14/2022 10:45,3.08,19.52,10.19
7/14/2022 11:00,3.1,19.36,10.11
7/14/2022 11:15,3.12,19.22,10.03
7/14/2022 11:30,3.12,19.07,9.95
7/14/2022 11:45,3.14,18.99,9.91
7/14/2022 12:00,3.14,18.93,9.88
7/14/2022 12:15,3.17,18.84,9.83
7/14/2022 12:30,3.18,18.92,9.88
7/14/2022 12:45,3.14,19.1,9.97
7/14/2022 13:00,3.11,19.21,10.03
7/14/2022 13:15,3.07,19.3,10.07
7/14/2022 13:30,3.06,19.34,10.1
7/14/2022 13:45,3.05,19.34,10.1
7/14/2022 14:00,3.03,19.38,10.12
7/14/2022 14:15,3.15,19.43,10.14
7/14/2022 14:30,3.07,19.48,10.17
7/14/2022 14:45,3.05,19.54,10.2
7/14/2022 15:00,3.04,19.56,10.21
7/14/2022 15:15,3.06,19.6,10.23
7/14/2022 15:30,3.07,19.56,10.21
7/14/2022 15:45,3.1,19.52,10.19
7/14/2022 16:00,3.08,19.43,10.14
7/14/2022 16:15,3.11,19.37,10.11
7/14/2022 16:30,3.1,19.34,10.1
7/14/2022 16:45,3.09,19.36,10.11
7/14/2022 17:00,3.12,19.37,10.11
7/14/2022 17:15,3.08,19.42,10.14
7/14/2022 17:30,3.1,19.46,10.16
7/14/2022 17:45,3.06,19.51,10.19
7/14/2022 18:00,3.1,19.55,10.2
7/14/2022 18:15,3.06,19.57,10.22
7/14/2022 18:30,3.04,19.59,10.23
7/14/2022 18:45,3.03,19.6,10.23
7/14/2022 19:00,3.04,19.61,10.24
7/14/2022 19:15,3.03,19.62,10.24
7/14/2022 19:30,3.04,19.64,10.25
7/14/2022 19:45,3.01,19.66,10.26
7/14/2022 20:00,3.03,19.68,10.27
7/14/2022 20:15,3,19.69,10.28
7/14/2022 20:30,3.01,19.69,10.28
7/14/2022 20:45,3.03,19.68,10.27
7/14/2022 21:00,3.04,19.68,10.27
7/14/2022 21:15,3.05,19.69,10.28
7/14/2022 21:30,3.09,19.68,10.27
7/14/2022 21:45,3.07,19.7,10.28
7/14/2022 22:00,3.04,19.71,10.29
7/14/2022 22:15,3.05,19.72,10.29
7/14/2022 22:30,3.01,19.73,10.3
7/14/2022 22:45,3.05,19.73,10.3
7/14/2022 23:00,3.01,19.73,10.3
7/14/2022 23:15,3.01,19.72,10.29
7/14/2022 23:30,2.99,19.71,10.29
7/14/2022 23:45,3.03,19.69,10.28
7/15/2022 0:00,3,19.68,10.27
7/15/2022 0:15,3,19.68,10.27
7/15/2022 0:30,3,19.67,10.27
7/15/2022 0:45,3.02,19.65,10.26
7/15/2022 1:00,3.2,19.65,10.26
7/15/2022 1:15,3.69,20.16,10.52
7/15/2022 1:30,3.93,20.79,10.85
7/15/2022 1:45,3.51,21.25,11.09
7/15/2022 2:00,3.4,21.1,11.01
7/15/2022 2:15,3.33,21.33,11.13
7/15/2022 2:30,3.29,21.26,11.09
7/15/2022 2:45,3.42,21.42,11.18
7/15/2022 3:00,3.72,21.66,11.3
7/15/2022 3:15,4.4,22.13,11.55
7/15/2022 3:30,4.4,23.15,12.08
7/15/2022 3:45,4.22,24.16,12.61
7/15/2022 4:00,4.08,24.9,12.99
7/15/2022 4:15,3.88,25.55,13.33
7/15/2022 4:30,3.74,25.78,13.45
7/15/2022 4:45,3.62,25.77,13.45
7/15/2022 5:00,3.53,25.82,13.47
7/15/2022 5:15,3.51,25.84,13.48
7/15/2022 5:30,3.44,25.81,13.46
7/15/2022 5:45,3.4,25.71,13.41
7/15/2022 6:00,3.35,25.56,13.34
7/15/2022 6:15,3.31,25.43,13.27
7/15/2022 6:30,3.27,25.36,13.23
7/15/2022 6:45,3.24,25.32,13.21
7/15/2022 7:00,3.21,25.29,13.2
7/15/2022 7:15,3.17,25.25,13.18
7/15/2022 7:30,3.13,25.19,13.14
7/15/2022 7:45,3.11,25.11,13.1
7/15/2022 8:00,3.07,24.99,13.04
7/15/2022 8:15,3.06,24.87,12.97
7/15/2022 8:30,3,24.72,12.89
7/15/2022 8:45,3.02,24.55,12.81
7/15/2022 9:00,3,24.29,12.67
7/15/2022 9:15,2.97,24.12,12.58
7/15/2022 9:30,2.94,23.86,12.45
7/15/2022 9:45,2.94,23.58,12.3
7/15/2022 10:00,2.93,23.48,12.25
7/15/2022 10:15,2.96,23.25,12.13
7/15/2022 10:30,2.94,22.97,11.98
7/15/2022 10:45,2.99,22.69,11.84
7/15/2022 11:00,2.97,22.42,11.7
7/15/2022 11:15,2.99,22.15,11.56
7/15/2022 11:30,2.97,21.87,11.41
7/15/2022 11:45,2.96,21.73,11.34
7/15/2022 12:00,2.97,21.49,11.22
7/15/2022 12:15,2.98,21.3,11.12
7/15/2022 12:30,2.98,21.17,11.05
7/15/2022 12:45,3.01,21.05,10.99
7/15/2022 13:00,2.98,20.92,10.92
7/15/2022 13:15,2.98,21.1,11.01
7/15/2022 13:30,2.93,21.25,11.09
7/15/2022 13:45,2.91,21.28,11.1
7/15/2022 14:00,2.89,21.31,11.12
7/15/2022 14:15,2.93,21.09,11.01
7/15/2022 14:30,2.91,20.88,10.9
7/15/2022 14:45,2.95,20.77,10.84
7/15/2022 15:00,2.92,20.68,10.79
7/15/2022 15:15,2.96,20.65,10.78
7/15/2022 15:30,2.93,20.6,10.75
7/15/2022 15:45,2.94,20.58,10.74
7/15/2022 16:00,2.94,20.55,10.73
7/15/2022 16:15,2.93,20.59,10.75
7/15/2022 16:30,2.92,20.66,10.78
7/15/2022 16:45,2.95,20.72,10.81
7/15/2022 17:00,2.91,20.77,10.84
7/15/2022 17:15,2.92,20.8,10.85
7/15/2022 17:30,2.89,20.85,10.88
7/15/2022 17:45,2.91,20.86,10.89
7/15/2022 18:00,2.87,20.89,10.9
7/15/2022 18:15,2.86,20.89,10.9
7/15/2022 18:30,2.84,20.88,10.9
7/15/2022 18:45,2.88,20.88,10.9
7/15/2022 19:00,2.85,20.88,10.9
7/15/2022 19:15,2.84,20.87,10.89
7/15/2022 19:30,2.83,20.87,10.89
7/15/2022 19:45,2.84,20.86,10.89
7/15/2022 20:00,2.82,20.87,10.89
7/15/2022 20:15,2.82,20.87,10.89
7/15/2022 20:30,2.82,20.87,10.89
7/15/2022 20:45,2.81,20.86,10.89
7/15/2022 21:00,2.94,20.83,10.87
7/15/2022 21:15,2.85,20.84,10.87
7/15/2022 21:30,3.29,20.77,10.84
7/15/2022 21:45,2.9,20.84,10.88
7/15/2022 22:00,2.82,20.83,10.87
7/15/2022 22:15,2.86,20.83,10.87
7/15/2022 22:30,2.82,20.81,10.86
7/15/2022 22:45,2.81,20.8,10.85
7/15/2022 23:00,2.83,20.79,10.85
7/15/2022 23:15,2.84,20.75,10.83
7/15/2022 23:30,2.83,20.72,10.82
7/15/2022 23:45,2.83,20.71,10.81
7/16/2022 0:00,2.82,20.69,10.8
7/16/2022 0:15,2.81,20.66,10.78
7/16/2022 0:30,2.79,20.63,10.77
7/16/2022 0:45,2.83,20.6,10.75
7/16/2022 1:00,2.81,20.57,10.74
7/16/2022 1:15,2.82,20.55,10.73
7/16/2022 1:30,2.8,20.53,10.72
7/16/2022 1:45,2.81,20.51,10.7
7/16/2022 2:00,2.8,20.49,10.69
7/16/2022 2:15,2.8,20.47,10.68
7/16/2022 2:30,2.8,20.44,10.67
7/16/2022 2:45,2.76,20.42,10.66
7/16/2022 3:00,2.77,20.39,10.64
7/16/2022 3:15,2.78,20.37,10.63
7/16/2022 3:30,2.77,20.35,10.62
7/16/2022 3:45,2.77,20.33,10.61
7/16/2022 4:00,2.78,20.3,10.6
7/16/2022 4:15,2.76,20.29,10.59
7/16/2022 4:30,2.74,20.28,10.58
7/16/2022 4:45,2.75,20.25,10.57
7/16/2022 5:00,2.74,20.22,10.56
7/16/2022 5:15,2.73,20.21,10.55
7/16/2022 5:30,2.74,20.18,10.53
7/16/2022 5:45,2.73,20.16,10.52
7/16/2022 6:00,2.74,20.15,10.52
7/16/2022 6:15,2.74,20.14,10.51
7/16/2022 6:30,2.76,20.14,10.51
7/16/2022 6:45,2.76,20.15,10.52
7/16/2022 7:00,2.74,20.17,10.53
7/16/2022 7:15,2.74,20.18,10.53
7/16/2022 7:30,2.74,20.17,10.53
7/16/2022 7:45,2.71,20.17,10.53
7/16/2022 8:00,2.71,20.15,10.52
7/16/2022 8:15,2.7,20.12,10.5
7/16/2022 8:30,2.72,20.09,10.49
7/16/2022 8:45,2.68,20.02,10.45
7/16/2022 9:00,2.68,19.95,10.41
7/16/2022 9:15,2.64,19.86,10.37
7/16/2022 9:30,2.66,19.79,10.33
7/16/2022 9:45,2.64,19.72,10.3
7/16/2022 10:00,2.66,19.65,10.26
7/16/2022 10:15,2.67,19.58,10.22
7/16/2022 10:30,2.69,19.45,10.15
7/16/2022 10:45,2.68,19.29,10.07
7/16/2022 11:00,2.7,19.15,10
7/16/2022 11:15,2.71,19.01,9.92
7/16/2022 11:30,2.74,18.88,9.86
7/16/2022 11:45,2.72,18.84,9.83
7/16/2022 12:00,2.69,18.98,9.91
7/16/2022 12:15,2.67,19.1,9.97
7/16/2022 12:30,3,19.12,9.98
7/16/2022 12:45,2.905,20.86,10.89
7/16/2022 13:00,3.001,22.72,11.85
7/16/2022 13:15,3.1103,25.24,13.17
7/16/2022 13:30,3.55,24.89,12.99
7/16/2022 13:45,3.29,24.54,12.81
7/16/2022 14:00,3.19,23.78,12.41
7/16/2022 14:15,3.13,23.43,12.23
7/16/2022 14:30,3.14,23.49,12.25
7/16/2022 14:45,3.22,23.74,12.39
7/16/2022 15:00,3.22,24.03,12.54
7/16/2022 15:15,3.16,24.26,12.65
7/16/2022 15:30,3.11,24.38,12.72
7/16/2022 15:45,3.06,24.44,12.75
7/16/2022 16:00,3.05,24.41,12.74
7/16/2022 16:15,3,24.05,12.55
7/16/2022 16:30,2.98,23.61,12.32
7/16/2022 16:45,2.94,23.31,12.16
7/16/2022 17:00,2.99,23.2,12.1
7/16/2022 17:15,2.96,23.17,12.09
7/16/2022 17:30,2.93,23.14,12.07
7/16/2022 17:45,2.87,23.07,12.04
7/16/2022 18:00,2.89,23.02,12.01
7/16/2022 18:15,2.84,22.95,11.97
7/16/2022 18:30,2.82,22.88,11.94
7/16/2022 18:45,2.8,22.81,11.9
7/16/2022 19:00,2.79,22.75,11.87
7/16/2022 19:15,2.76,22.67,11.83
7/16/2022 19:30,2.76,22.59,11.79
7/16/2022 19:45,2.77,22.51,11.74
7/16/2022 20:00,2.73,22.41,11.69
7/16/2022 20:15,2.71,22.31,11.64
7/16/2022 20:30,2.72,22.21,11.59
7/16/2022 20:45,2.7,22.12,11.54
7/16/2022 21:00,2.72,22.03,11.5
7/16/2022 21:15,2.7,21.96,11.46
7/16/2022 21:30,2.71,21.88,11.42
7/16/2022 21:45,2.69,21.81,11.38
7/16/2022 22:00,2.69,21.76,11.35
7/16/2022 22:15,2.67,21.7,11.33
7/16/2022 22:30,2.67,21.66,11.3
7/16/2022 22:45,2.65,21.61,11.28
7/16/2022 23:00,2.65,21.56,11.25
7/16/2022 23:15,2.65,21.5,11.22
7/16/2022 23:30,2.66,21.44,11.19
7/16/2022 23:45,2.65,21.39,11.16
7/17/2022 0:00,2.67,21.34,11.13
7/17/2022 0:15,2.66,21.29,11.11
7/17/2022 0:30,2.66,21.23,11.08
7/17/2022 0:45,2.69,21.17,11.05
7/17/2022 1:00,2.68,21.12,11.02
7/17/2022 1:15,2.65,21.06,10.99
7/17/2022 1:30,2.66,21.01,10.97
7/17/2022 1:45,2.66,20.97,10.95
7/17/2022 2:00,2.67,20.95,10.93
7/17/2022 2:15,2.64,20.89,10.9
7/17/2022 2:30,2.67,20.86,10.89
7/17/2022 2:45,2.66,20.83,10.87
7/17/2022 3:00,2.64,20.8,10.85
7/17/2022 3:15,2.65,20.75,10.83
7/17/2022 3:30,2.63,20.73,10.82
7/17/2022 3:45,2.58,20.7,10.8
7/17/2022 4:00,2.6,20.67,10.79
7/17/2022 4:15,2.58,20.64,10.77
7/17/2022 4:30,2.6,20.6,10.75
7/17/2022 4:45,2.57,20.57,10.74
7/17/2022 5:00,2.55,20.54,10.72
7/17/2022 5:15,2.57,20.51,10.7
7/17/2022 5:30,2.58,20.49,10.69
7/17/2022 5:45,2.55,20.45,10.67
7/17/2022 6:00,2.59,20.42,10.66
7/17/2022 6:15,2.58,20.41,10.65
7/17/2022 6:30,2.59,20.4,10.65
7/17/2022 6:45,2.56,20.41,10.65
7/17/2022 7:00,2.55,20.41,10.65
7/17/2022 7:15,2.54,20.42,10.66
7/17/2022 7:30,2.55,20.42,10.66
7/17/2022 7:45,2.52,20.42,10.66
7/17/2022 8:00,2.52,20.37,10.63
7/17/2022 8:15,2.49,20.35,10.62
7/17/2022 8:30,2.87,20.24,10.56
7/17/2022 8:45,2.55,20.26,10.57
7/17/2022 9:00,2.49,20.12,10.5
7/17/2022 9:15,2.47,20.07,10.47
7/17/2022 9:30,2.46,20.01,10.45
7/17/2022 9:45,2.46,19.85,10.36
7/17/2022 10:00,2.47,19.86,10.37
7/17/2022 10:15,2.47,19.75,10.31
7/17/2022 10:30,2.49,19.61,10.24
7/17/2022 10:45,2.5,19.45,10.16
7/17/2022 11:00,2.52,19.3,10.07
7/17/2022 11:15,2.52,19.13,9.99
7/17/2022 11:30,2.51,19.04,9.94
7/17/2022 11:45,2.52,18.84,9.83
7/17/2022 12:00,2.53,18.84,9.83
7/17/2022 12:15,2.54,18.74,9.78
7/17/2022 12:30,2.53,18.7,9.76
7/17/2022 12:45,2.52,18.6,9.71
7/17/2022 13:00,2.55,18.61,9.71
7/17/2022 13:15,2.56,18.51,9.67
7/17/2022 13:30,2.57,18.44,9.63
7/17/2022 13:45,2.55,18.42,9.61
7/17/2022 14:00,2.56,18.39,9.6
7/17/2022 14:15,2.54,18.43,9.62
7/17/2022 14:30,2.56,18.59,9.71
7/17/2022 14:45,2.54,18.68,9.75
7/17/2022 15:00,2.56,18.65,9.73
7/17/2022 15:15,2.54,18.6,9.71
7/17/2022 15:30,2.54,18.6,9.71
7/17/2022 15:45,2.52,18.63,9.73
7/17/2022 16:00,2.52,18.68,9.75
7/17/2022 16:15,2.58,18.77,9.8
7/17/2022 16:30,2.52,18.83,9.83
7/17/2022 16:45,2.52,18.9,9.87
7/17/2022 17:00,2.5,18.98,9.91
7/17/2022 17:15,2.49,19.03,9.94
7/17/2022 17:30,2.57,19.07,9.96
7/17/2022 17:45,2.52,19.1,9.97
7/17/2022 18:00,2.51,19.13,9.99
7/17/2022 18:15,2.71,19.17,10.01
7/17/2022 18:30,2.54,19.23,10.04
7/17/2022 18:45,3.08,19.3,10.07
7/17/2022 19:00,3.25,21.72,11.34
7/17/2022 19:15,3.373,19.23,10.04
7/17/2022 19:30,3.43,19.26,10.05
7/17/2022 19:45,2.96,19.31,10.08
7/17/2022 20:00,2.81,19.34,10.09
7/17/2022 20:15,2.76,19.35,10.1
7/17/2022 20:30,2.71,19.37,10.11
7/17/2022 20:45,2.71,19.37,10.11
7/17/2022 21:00,2.7,19.39,10.12
7/17/2022 21:15,2.67,19.4,10.13
7/17/2022 21:30,2.66,19.42,10.14
7/17/2022 21:45,2.63,19.44,10.15
7/17/2022 22:00,2.62,19.45,10.15
7/17/2022 22:15,2.61,19.43,10.14
7/17/2022 22:30,2.61,19.44,10.15
7/17/2022 22:45,2.59,19.44,10.15
7/17/2022 23:00,2.7,19.43,10.14
7/17/2022 23:15,2.59,19.43,10.14
7/17/2022 23:30,2.58,19.43,10.14
7/17/2022 23:45,2.58,19.42,10.14
7/18/2022 0:00,2.57,19.42,10.14
7/18/2022 0:15,2.56,19.42,10.14
7/18/2022 0:30,2.58,19.41,10.13
7/18/2022 0:45,2.61,19.39,10.12
7/18/2022 1:00,2.58,19.37,10.11
7/18/2022 1:15,2.56,19.35,10.1
7/18/2022 1:30,2.56,19.35,10.1
7/18/2022 1:45,2.54,19.33,10.09
7/18/2022 2:00,2.53,19.31,10.08
7/18/2022 2:15,2.53,19.31,10.08
7/18/2022 2:30,2.53,19.3,10.07
7/18/2022 2:45,2.53,19.29,10.07
7/18/2022 3:00,2.6,19.27,10.06
7/18/2022 3:15,2.65,19.24,10.04
7/18/2022 3:30,2.65,19.23,10.04
7/18/2022 3:45,2.65,19.21,10.03
7/18/2022 4:00,2.63,19.2,10.02
7/18/2022 4:15,2.65,19.18,10.01
7/18/2022 4:30,2.63,19.18,10.01
7/18/2022 4:45,2.61,19.17,10.01
7/18/2022 5:00,2.62,19.16,10
7/18/2022 5:15,2.61,19.16,10
7/18/2022 5:30,2.63,19.15,9.99
7/18/2022 5:45,2.62,19.14,9.99
7/18/2022 6:00,2.62,19.12,9.98
7/18/2022 6:15,2.63,19.12,9.98
7/18/2022 6:30,2.65,19.12,9.98
7/18/2022 6:45,2.62,19.16,10
7/18/2022 7:00,2.6,19.17,10.01
7/18/2022 7:15,2.59,19.19,10.02
7/18/2022 7:30,2.6,19.21,10.03
7/18/2022 7:45,2.66,19.19,10.02
7/18/2022 8:00,2.62,19.23,10.04
7/18/2022 8:15,2.6,19.18,10.01
7/18/2022 8:30,2.64,19.14,9.99
7/18/2022 8:45,2.62,19.2,10.02
7/18/2022 9:00,2.58,19.05,9.95
7/18/2022 9:15,2.58,18.95,9.89
7/18/2022 9:30,2.56,18.89,9.86
7/18/2022 9:45,2.52,18.88,9.86
7/18/2022 10:00,2.52,18.77,9.8
7/18/2022 10:15,2.54,18.7,9.76
7/18/2022 10:30,2.54,18.58,9.7
7/18/2022 10:45,2.54,18.44,9.63
7/18/2022 11:00,2.54,18.29,9.55
7/18/2022 11:15,2.52,18.16,9.48
7/18/2022 11:30,2.52,18.08,9.44
7/18/2022 11:45,2.53,18.01,9.4
7/18/2022 12:00,2.53,17.89,9.34
7/18/2022 12:15,2.54,17.86,9.33
7/18/2022 12:30,2.55,17.78,9.28
7/18/2022 12:45,2.57,17.71,9.25
7/18/2022 13:00,2.57,17.65,9.22
7/18/2022 13:15,2.55,17.64,9.21
7/18/2022 13:30,2.53,17.58,9.18
7/18/2022 13:45,2.53,17.57,9.17
7/18/2022 14:00,2.54,17.6,9.19
7/18/2022 14:15,2.54,17.58,9.18
7/18/2022 14:30,2.56,17.61,9.19
7/18/2022 14:45,2.55,17.56,9.17
7/18/2022 15:00,2.55,17.58,9.18
7/18/2022 15:15,2.53,17.65,9.22
7/18/2022 15:30,2.53,17.69,9.24
7/18/2022 15:45,2.53,17.75,9.27
7/18/2022 16:00,2.54,17.79,9.29
7/18/2022 16:15,2.52,17.84,9.32
7/18/2022 16:30,2.52,17.93,9.36
7/18/2022 16:45,2.53,17.92,9.36
7/18/2022 17:00,2.52,17.96,9.38
7/18/2022 17:15,2.53,18.03,9.41
7/18/2022 17:30,2.52,18.1,9.45
7/18/2022 17:45,2.71,18.14,9.47
7/18/2022 18:00,2.54,18.2,9.5
7/18/2022 18:15,2.52,18.23,9.52
7/18/2022 18:30,2.47,18.26,9.53
7/18/2022 18:45,2.465,19.14,9.99
7/18/2022 19:00,3,18.5,9.66
7/18/2022 19:15,3.22,18.36,9.59
7/18/2022 19:30,2.87,18.4,9.61
7/18/2022 19:45,2.76,18.46,9.63
7/18/2022 20:00,2.68,18.47,9.64
7/18/2022 20:15,2.62,18.49,9.66
7/18/2022 20:30,2.64,18.51,9.66
7/18/2022 20:45,2.63,18.53,9.67
7/18/2022 21:00,2.71,18.9,9.87
7/18/2022 21:15,2.62,18.64,9.73
7/18/2022 21:30,2.63,18.62,9.72
7/18/2022 21:45,2.65,18.64,9.73
7/18/2022 22:00,2.62,18.68,9.75
7/18/2022 22:15,2.61,18.7,9.76
7/18/2022 22:30,2.58,18.72,9.77
7/18/2022 22:45,2.61,18.75,9.79
7/18/2022 23:00,2.6,18.76,9.8
7/18/2022 23:15,2.61,18.77,9.8
7/18/2022 23:30,2.61,18.77,9.8
7/18/2022 23:45,2.6,18.78,9.8
7/19/2022 0:00,2.61,18.78,9.81
7/19/2022 0:15,2.64,18.78,9.8
7/19/2022 0:30,2.61,18.78,9.8
7/19/2022 0:45,2.63,18.78,9.8
7/19/2022 1:00,2.61,18.77,9.8
7/19/2022 1:15,2.62,18.77,9.8
7/19/2022 1:30,2.59,18.76,9.79
7/19/2022 1:45,2.59,18.75,9.79
7/19/2022 2:00,2.59,18.75,9.79
7/19/2022 2:15,2.6,18.74,9.78
7/19/2022 2:30,2.59,18.74,9.78
7/19/2022 2:45,2.54,18.72,9.78
7/19/2022 3:00,2.52,18.71,9.76
7/19/2022 3:15,2.52,18.7,9.76
7/19/2022 3:30,2.5,18.69,9.76
7/19/2022 3:45,2.52,18.68,9.75
7/19/2022 4:00,2.5,18.67,9.75
7/19/2022 4:15,2.49,18.65,9.74
7/19/2022 4:30,2.48,18.65,9.74
7/19/2022 4:45,2.48,18.63,9.72
7/19/2022 5:00,2.46,18.62,9.72
7/19/2022 5:15,2.48,18.6,9.71
7/19/2022 5:30,2.47,18.59,9.7
7/19/2022 5:45,2.47,18.58,9.7
7/19/2022 6:00,2.47,18.56,9.69
7/19/2022 6:15,2.49,18.56,9.69
7/19/2022 6:30,2.5,18.57,9.7
7/19/2022 6:45,2.46,18.58,9.7
7/19/2022 7:00,2.45,18.59,9.71
7/19/2022 7:15,2.46,18.61,9.72
7/19/2022 7:30,2.62,18.63,9.73
7/19/2022 7:45,2.48,18.62,9.72
7/19/2022 8:00,2.557,18.36,9.58
7/19/2022 8:15,2.78,18.58,9.7
7/19/2022 8:30,2.48,18.57,9.69
7/19/2022 8:45,2.42,18.52,9.67
7/19/2022 9:00,2.4,18.32,9.56
7/19/2022 9:15,2.39,18.37,9.59
7/19/2022 9:30,2.37,18.25,9.53
7/19/2022 9:45,2.38,18.14,9.47
7/19/2022 10:00,2.37,18.21,9.51
7/19/2022 10:15,2.39,18.14,9.47
7/19/2022 10:30,2.38,18.01,9.4
7/19/2022 10:45,2.98,17.81,9.3
7/19/2022 11:00,2.52,17.73,9.26
7/19/2022 11:15,2.51,17.74,9.26
7/19/2022 11:30,2.42,17.73,9.26
7/19/2022 11:45,2.41,17.75,9.27
7/19/2022 12:00,2.37,17.77,9.28
7/19/2022 12:15,2.37,17.81,9.3
7/19/2022 12:30,2.39,17.57,9.18
7/19/2022 12:45,2.42,17.4,9.09
7/19/2022 13:00,2.43,17.25,9.01
7/19/2022 13:15,2.41,17.21,8.99
7/19/2022 13:30,2.41,17.24,9
7/19/2022 13:45,2.44,17.28,9.03
7/19/2022 14:00,2.42,17.22,8.99
7/19/2022 14:15,2.45,17.14,8.95
7/19/2022 14:30,2.42,17.26,9.01
7/19/2022 14:45,2.41,17.37,9.07
7/19/2022 15:00,2.4,17.47,9.12
7/19/2022 15:15,2.39,17.51,9.14
7/19/2022 15:30,2.39,17.51,9.14
7/19/2022 15:45,2.39,17.43,9.1
7/19/2022 16:00,2.39,17.39,9.08
7/19/2022 16:15,2.88,17.3,9.04
7/19/2022 16:30,2.51,17.39,9.08
7/19/2022 16:45,2.44,17.44,9.11
7/19/2022 17:00,2.45,17.5,9.13
7/19/2022 17:15,2.44,17.55,9.16
7/19/2022 17:30,2.4,17.62,9.2
7/19/2022 17:45,2.37,17.7,9.24
7/19/2022 18:00,2.38,17.74,9.26
7/19/2022 18:15,2.35,17.76,9.27
7/19/2022 18:30,2.4,17.78,9.28
7/19/2022 18:45,2.64,17.77,9.28
7/19/2022 19:00,2.58,17.81,9.3
7/19/2022 19:15,2.46,17.85,9.32
7/19/2022 19:30,2.4,17.88,9.34
7/19/2022 19:45,2.42,17.91,9.35
7/19/2022 20:00,2.43,17.94,9.37
7/19/2022 20:15,2.4,17.95,9.37
7/19/2022 20:30,2.4,17.96,9.37
7/19/2022 20:45,2.39,17.97,9.38
7/19/2022 21:00,2.41,17.98,9.39
7/19/2022 21:15,2.4,18,9.4
7/19/2022 21:30,2.41,18.01,9.4
7/19/2022 21:45,2.39,18.02,9.41
7/19/2022 22:00,2.52,18.04,9.42
7/19/2022 22:15,2.42,18.08,9.44
7/19/2022 22:30,2.4,18.1,9.45
7/19/2022 22:45,2.39,18.13,9.46
7/19/2022 23:00,2.4,18.14,9.47
7/19/2022 23:15,2.38,18.16,9.48
7/19/2022 23:30,2.36,18.16,9.48
7/19/2022 23:45,2.38,18.16,9.48
7/20/2022 0:00,2.37,18.17,9.49
7/20/2022 0:15,2.41,18.16,9.48
7/20/2022 0:30,2.38,18.17,9.48
7/20/2022 0:45,2.39,18.16,9.48
7/20/2022 1:00,2.39,18.16,9.48
7/20/2022 1:15,2.37,18.16,9.48
7/20/2022 1:30,2.36,18.16,9.48
7/20/2022 1:45,2.36,18.16,9.48
7/20/2022 2:00,2.37,18.15,9.47
7/20/2022 2:15,2.37,18.14,9.47
7/20/2022 2:30,2.33,18.13,9.47
7/20/2022 2:45,2.37,18.12,9.46
7/20/2022 3:00,2.34,18.11,9.45
7/20/2022 3:15,2.32,18.09,9.45
7/20/2022 3:30,2.37,18.09,9.44
7/20/2022 3:45,2.35,18.07,9.44
7/20/2022 4:00,2.34,18.07,9.43
7/20/2022 4:15,2.34,18.06,9.43
7/20/2022 4:30,2.33,18.05,9.42
7/20/2022 4:45,2.31,18.04,9.42
7/20/2022 5:00,2.3,18.03,9.41
7/20/2022 5:15,2.31,18.02,9.41
7/20/2022 5:30,2.32,18.01,9.4
7/20/2022 5:45,2.31,18,9.4
7/20/2022 6:00,2.31,17.99,9.39
7/20/2022 6:15,2.3,17.98,9.39
7/20/2022 6:30,2.3,18.01,9.4
7/20/2022 6:45,2.3,18.03,9.41
7/20/2022 7:00,2.3,18.06,9.43
7/20/2022 7:15,2.31,18.06,9.43
7/20/2022 7:30,2.31,18.07,9.43
7/20/2022 7:45,2.28,18.08,9.44
7/20/2022 8:00,2.31,18.06,9.43
7/20/2022 8:15,2.28,18.05,9.42
7/20/2022 8:30,2.28,18.03,9.41
7/20/2022 8:45,2.27,17.99,9.39
7/20/2022 9:00,2.25,17.82,9.31
7/20/2022 9:15,2.25,17.73,9.26
7/20/2022 9:30,2.22,17.7,9.24
7/20/2022 9:45,2.24,17.66,9.22
7/20/2022 10:00,2.22,17.63,9.21
7/20/2022 10:15,2.25,17.62,9.2
7/20/2022 10:30,2.26,17.53,9.15
7/20/2022 10:45,2.28,17.43,9.1
7/20/2022 11:00,2.29,17.29,9.03
7/20/2022 11:15,2.29,17.17,8.96
7/20/2022 11:30,2.32,17.08,8.92
7/20/2022 11:45,2.33,17.04,8.9
7/20/2022 12:00,2.33,16.86,8.81
7/20/2022 12:15,2.31,16.81,8.78
7/20/2022 12:30,2.34,16.87,8.81
7/20/2022 12:45,2.3,17.04,8.9
7/20/2022 13:00,2.3,17.05,8.91
7/20/2022 13:15,2.31,16.96,8.86
7/20/2022 13:30,2.3,17.07,8.91
7/20/2022 13:45,2.28,17.06,8.91
7/20/2022 14:00,3.14,16.92,8.84
7/20/2022 14:15,2.77,17.55,9.16
7/20/2022 14:30,2.52,17.92,9.35
7/20/2022 14:45,2.43,18.09,9.44
7/20/2022 15:00,2.41,18.01,9.41
7/20/2022 15:15,2.39,17.93,9.36
7/20/2022 15:30,2.37,18,9.4
7/20/2022 15:45,2.54,18.3,9.56
7/20/2022 16:00,2.42,18.36,9.58
7/20/2022 16:15,2.49,18.38,9.6
7/20/2022 16:30,2.37,18.33,9.57
7/20/2022 16:45,2.37,18.26,9.53
7/20/2022 17:00,2.29,18.28,9.55
7/20/2022 17:15,2.31,18.23,9.52
7/20/2022 17:30,2.29,18.19,9.49
7/20/2022 17:45,2.28,18.17,9.49
7/20/2022 18:00,2.26,18.16,9.48
7/20/2022 18:15,2.26,18.17,9.48
7/20/2022 18:30,2.26,18.18,9.49
7/20/2022 18:45,2.27,18.18,9.49
7/20/2022 19:00,2.26,18.18,9.49
7/20/2022 19:15,2.25,18.17,9.49
7/20/2022 19:30,2.23,18.15,9.48
7/20/2022 19:45,2.21,18.14,9.47
7/20/2022 20:00,2.23,18.13,9.47
7/20/2022 20:15,2.22,18.11,9.45
7/20/2022 20:30,2.22,18.09,9.45
7/20/2022 20:45,2.24,18.08,9.44
7/20/2022 21:00,2.22,18.05,9.42
7/20/2022 21:15,2.22,18.04,9.42
7/20/2022 21:30,2.24,18.04,9.42
7/20/2022 21:45,2.25,18.03,9.41
7/20/2022 22:00,2.24,18.03,9.41
7/20/2022 22:15,2.2,18.01,9.4
7/20/2022 22:30,2.2,18.02,9.41
7/20/2022 22:45,2.22,18.03,9.41
7/20/2022 23:00,2.21,18.03,9.41
7/20/2022 23:15,2.19,18.03,9.42
7/20/2022 23:30,2.19,18.02,9.41
7/20/2022 23:45,2.2,18.02,9.41
7/21/2022 0:00,2.2,18.02,9.41
7/21/2022 0:15,2.2,18.01,9.4
7/21/2022 0:30,2.21,17.98,9.39
7/21/2022 0:45,2.17,17.96,9.38
7/21/2022 1:00,2.19,17.93,9.36
7/21/2022 1:15,2.18,17.91,9.35
7/21/2022 1:30,2.2,17.94,9.37
7/21/2022 1:45,2.2,17.94,9.37
7/21/2022 2:00,2.18,17.94,9.37
7/21/2022 2:15,2.19,17.93,9.36
7/21/2022 2:30,2.2,17.92,9.36
7/21/2022 2:45,2.17,17.91,9.35
7/21/2022 3:00,2.2,17.89,9.34
7/21/2022 3:15,2.18,17.9,9.35
7/21/2022 3:30,2.18,17.88,9.34
7/21/2022 3:45,2.17,17.87,9.33
7/21/2022 4:00,2.16,17.86,9.32
7/21/2022 4:15,2.16,17.84,9.32
7/21/2022 4:30,2.16,17.84,9.31
7/21/2022 4:45,2.15,17.83,9.31
7/21/2022 5:00,2.16,17.82,9.3
7/21/2022 5:15,2.16,17.81,9.3
7/21/2022 5:30,2.18,17.79,9.29
7/21/2022 5:45,2.15,17.79,9.29
7/21/2022 6:00,2.15,17.77,9.28
7/21/2022 6:15,2.15,17.78,9.28
7/21/2022 6:30,2.15,17.8,9.29
7/21/2022 6:45,2.16,17.82,9.3
7/21/2022 7:00,2.15,17.84,9.31
7/21/2022 7:15,2.12,17.85,9.32
7/21/2022 7:30,2.1,17.86,9.33
7/21/2022 7:45,2.1,17.87,9.33
7/21/2022 8:00,2.11,17.86,9.33
7/21/2022 8:15,2.07,17.84,9.32
7/21/2022 8:30,2.07,17.83,9.31
7/21/2022 8:45,2.1,17.76,9.27
7/21/2022 9:00,2.07,17.51,9.14
7/21/2022 9:15,2.05,17.47,9.12
7/21/2022 9:30,2.05,17.48,9.13
7/21/2022 9:45,2.05,17.45,9.11
7/21/2022 10:00,2.04,17.41,9.09
7/21/2022 10:15,2.1,17.41,9.09
7/21/2022 10:30,2.1,17.31,9.04
7/21/2022 10:45,2.08,17.2,8.98
7/21/2022 11:00,2.09,17.07,8.91
7/21/2022 11:15,2.12,16.94,8.84
7/21/2022 11:30,2.12,16.8,8.78
7/21/2022 11:45,2.15,16.74,8.74
7/21/2022 12:00,2.16,16.75,8.75
7/21/2022 12:15,2.32,16.87,8.81
7/21/2022 12:30,2.26,17.25,9.01
7/21/2022 12:45,2.17,17.32,9.05
7/21/2022 13:00,2.13,17.18,8.97
7/21/2022 13:15,2.16,16.93,8.84
7/21/2022 13:30,2.11,16.94,8.85
7/21/2022 13:45,2.14,16.91,8.83
7/21/2022 14:00,2.13,16.96,8.86
7/21/2022 14:15,2.14,17.07,8.91
7/21/2022 14:30,2.11,16.99,8.87
7/21/2022 14:45,2.13,17.01,8.88
7/21/2022 15:00,2.13,17.09,8.92
7/21/2022 15:15,2.11,17.11,8.93
7/21/2022 15:30,2.11,17.12,8.94
7/21/2022 15:45,2.09,17.15,8.95
7/21/2022 16:00,2.15,17.17,8.96
7/21/2022 16:15,2.15,17.32,9.04
7/21/2022 16:30,2.14,17.44,9.11
7/21/2022 16:45,2.11,17.57,9.18
7/21/2022 17:00,2.11,17.57,9.17
7/21/2022 17:15,2.11,17.6,9.19
7/21/2022 17:30,2.12,17.62,9.2
7/21/2022 17:45,2.12,17.58,9.18
7/21/2022 18:00,2.1,17.58,9.18
7/21/2022 18:15,2.14,17.61,9.2
7/21/2022 18:30,2.11,17.63,9.21
7/21/2022 18:45,2.12,17.65,9.22
7/21/2022 19:00,2.11,17.67,9.23
7/21/2022 19:15,2.12,17.69,9.24
7/21/2022 19:30,2.1,17.7,9.24
7/21/2022 19:45,2.1,17.71,9.25
7/21/2022 20:00,2.09,17.72,9.25
7/21/2022 20:15,2.08,17.71,9.25
7/21/2022 20:30,2.08,17.7,9.24
7/21/2022 20:45,2.09,17.69,9.24
7/21/2022 21:00,2.1,17.67,9.23
7/21/2022 21:15,2.1,17.66,9.22
7/21/2022 21:30,2.12,17.65,9.21
7/21/2022 21:45,2.1,17.64,9.21
7/21/2022 22:00,2.12,17.63,9.21
7/21/2022 22:15,2.1,17.64,9.21
7/21/2022 22:30,2.11,17.64,9.21
7/21/2022 22:45,2.1,17.65,9.22
7/21/2022 23:00,2.11,17.66,9.22
7/21/2022 23:15,2.11,17.66,9.22
7/21/2022 23:30,2.1,17.67,9.23
7/21/2022 23:45,2.13,17.66,9.22
7/22/2022 0:00,2.12,17.67,9.22
7/22/2022 0:15,2.12,17.67,9.23
7/22/2022 0:30,2.13,17.67,9.23
7/22/2022 0:45,2.12,17.65,9.22
7/22/2022 1:00,2.1,17.65,9.22
7/22/2022 1:15,2.11,17.68,9.23
7/22/2022 1:30,2.1,17.69,9.24
7/22/2022 1:45,2.19,17.67,9.22
7/22/2022 2:00,2.12,17.73,9.26
7/22/2022 2:15,2.11,17.76,9.27
7/22/2022 2:30,2.1,17.74,9.26
7/22/2022 2:45,2.1,17.72,9.25
7/22/2022 3:00,2.08,17.71,9.25
7/22/2022 3:15,2.09,17.69,9.24
7/22/2022 3:30,2.1,17.69,9.24
7/22/2022 3:45,2.07,17.68,9.23
7/22/2022 4:00,2.07,17.67,9.23
7/22/2022 4:15,2.08,17.65,9.22
7/22/2022 4:30,2.07,17.64,9.21
7/22/2022 4:45,2.06,17.63,9.2
7/22/2022 5:00,2.09,17.61,9.2
7/22/2022 5:15,2.08,17.59,9.18
7/22/2022 5:30,2.57,17.58,9.18
7/22/2022 5:45,2.16,17.57,9.18
7/22/2022 6:00,2.11,17.56,9.17
7/22/2022 6:15,2.08,17.56,9.17
7/22/2022 6:30,2.09,17.57,9.17
7/22/2022 6:45,2.08,17.59,9.18
7/22/2022 7:00,2.06,17.61,9.19
7/22/2022 7:15,2.06,17.63,9.2
7/22/2022 7:30,2.05,17.63,9.21
7/22/2022 7:45,2.03,17.63,9.21
7/22/2022 8:00,2,17.64,9.21
7/22/2022 8:15,2.01,17.65,9.21
7/22/2022 8:30,2.02,17.65,9.21
7/22/2022 8:45,2.01,17.62,9.2
7/22/2022 9:00,1.99,17.32,9.04
7/22/2022 9:15,1.99,17.22,8.99
7/22/2022 9:30,2.01,17.22,8.99
7/22/2022 9:45,2,17.28,9.02
7/22/2022 10:00,2.01,17.23,9
7/22/2022 10:15,2,17.23,9
7/22/2022 10:30,2.05,17.1,8.93
7/22/2022 10:45,2.03,17.07,8.91
7/22/2022 11:00,2.07,17.07,8.91
7/22/2022 11:15,2.03,17.08,8.92
7/22/2022 11:30,2,17.08,8.92
7/22/2022 11:45,2.02,16.99,8.87
7/22/2022 12:00,2.04,16.84,8.79
7/22/2022 12:15,2,16.87,8.81
7/22/2022 12:30,2.04,16.96,8.86
7/22/2022 12:45,1.98,17,8.88
7/22/2022 13:00,1.96,17.03,8.89
7/22/2022 13:15,1.97,17.06,8.91
7/22/2022 13:30,2.2,17.07,8.92
7/22/2022 13:45,2.92,18.54,9.68
7/22/2022 14:00,2.74,19.17,10
7/22/2022 14:15,2.46,19.66,10.26
7/22/2022 14:30,2.37,19.53,10.19
7/22/2022 14:45,2.29,19.72,10.29
7/22/2022 15:00,2.24,19.59,10.23
7/22/2022 15:15,2.23,19.42,10.14
7/22/2022 15:30,2.27,19.46,10.16
7/22/2022 15:45,2.3,19.57,10.21
7/22/2022 16:00,2.39,19.78,10.32
7/22/2022 16:15,2.43,20.06,10.47
7/22/2022 16:30,2.35,20.34,10.62
7/22/2022 16:45,2.3,20.47,10.68
7/22/2022 17:00,2.23,20.46,10.68
7/22/2022 17:15,2.2,20.46,10.68
7/22/2022 17:30,2.18,20.44,10.67
7/22/2022 17:45,2.18,20.4,10.65
7/22/2022 18:00,2.16,20.24,10.56
7/22/2022 18:15,2.12,20.04,10.46
7/22/2022 18:30,2.14,19.88,10.38
7/22/2022 18:45,2.11,19.77,10.32
7/22/2022 19:00,2.1,19.7,10.28
7/22/2022 19:15,2.1,19.67,10.27
7/22/2022 19:30,2.06,19.65,10.25
7/22/2022 19:45,2.04,19.62,10.24
7/22/2022 20:00,2.03,19.58,10.22
7/22/2022 20:15,2.16,19.54,10.2
7/22/2022 20:30,2.03,19.49,10.17
7/22/2022 20:45,2.04,19.42,10.14
7/22/2022 21:00,2.02,19.35,10.1
7/22/2022 21:15,2.02,19.29,10.07
7/22/2022 21:30,2.02,19.24,10.04
7/22/2022 21:45,2.01,19.18,10.01
7/22/2022 22:00,2.02,19.12,9.98
7/22/2022 22:15,2.02,19.05,9.94
7/22/2022 22:30,2.01,18.99,9.92
7/22/2022 22:45,2.01,18.94,9.89
7/22/2022 23:00,2,18.89,9.86
7/22/2022 23:15,2,18.83,9.83
7/22/2022 23:30,2.05,18.76,9.8
7/22/2022 23:45,2.01,18.72,9.77
7/23/2022 0:00,1.98,18.67,9.75
7/23/2022 0:15,2,18.62,9.72
7/23/2022 0:30,2,18.59,9.7
7/23/2022 0:45,1.99,18.55,9.68
7/23/2022 1:00,1.99,18.5,9.66
7/23/2022 1:15,1.99,18.48,9.65
7/23/2022 1:30,1.97,18.43,9.62
7/23/2022 1:45,1.98,18.39,9.6
7/23/2022 2:00,1.99,18.36,9.58
7/23/2022 2:15,1.98,18.32,9.56
7/23/2022 2:30,1.98,18.28,9.54
7/23/2022 2:45,1.97,18.24,9.52
7/23/2022 3:00,1.98,18.21,9.51
7/23/2022 3:15,1.96,18.17,9.49
7/23/2022 3:30,1.96,18.14,9.47
7/23/2022 3:45,1.97,18.11,9.46
7/23/2022 4:00,1.97,18.08,9.44
7/23/2022 4:15,1.96,18.06,9.43
7/23/2022 4:30,1.95,18.03,9.41
7/23/2022 4:45,1.94,18.01,9.4
7/23/2022 5:00,1.91,17.98,9.39
7/23/2022 5:15,1.94,17.96,9.38
7/23/2022 5:30,1.93,17.93,9.36
7/23/2022 5:45,1.92,17.92,9.35
7/23/2022 6:00,1.96,17.89,9.34
7/23/2022 6:15,1.94,17.88,9.33
7/23/2022 6:30,1.96,17.88,9.33
7/23/2022 6:45,2.03,17.88,9.34
7/23/2022 7:00,2.05,17.93,9.36
7/23/2022 7:15,2.01,17.91,9.35
7/23/2022 7:30,2.21,17.9,9.35
7/23/2022 7:45,2.1,17.89,9.34
7/23/2022 8:00,2.02,17.91,9.35
7/23/2022 8:15,1.96,17.89,9.34
7/23/2022 8:30,2.05,17.88,9.33
7/23/2022 8:45,2.03,17.72,9.25
7/23/2022 9:00,1.98,17.43,9.1
7/23/2022 9:15,1.92,17.47,9.12
7/23/2022 9:30,1.9,17.39,9.08
7/23/2022 9:45,1.92,17.34,9.05
7/23/2022 10:00,1.9,17.38,9.08
7/23/2022 10:15,1.92,17.44,9.11
7/23/2022 10:30,1.94,17.36,9.07
7/23/2022 10:45,1.94,17.25,9.01
7/23/2022 11:00,1.94,17.15,8.95
7/23/2022 11:15,1.93,17.02,8.89
7/23/2022 11:30,2.01,16.85,8.8
7/23/2022 11:45,1.95,16.73,8.74
7/23/2022 12:00,1.97,16.61,8.67
7/23/2022 12:15,1.96,16.6,8.67
7/23/2022 12:30,1.99,16.54,8.64
7/23/2022 12:45,2,16.43,8.58
7/23/2022 13:00,2.01,16.35,8.54
7/23/2022 13:15,2.07,16.44,8.59
7/23/2022 13:30,2.14,16.4,8.57
7/23/2022 13:45,2.09,16.37,8.55
7/23/2022 14:00,2.06,16.39,8.56
7/23/2022 14:15,2.04,16.45,8.59
7/23/2022 14:30,2.03,16.52,8.63
7/23/2022 14:45,2.03,16.59,8.66
7/23/2022 15:00,2.02,16.7,8.72
7/23/2022 15:15,1.99,16.81,8.78
7/23/2022 15:30,1.99,16.87,8.81
7/23/2022 15:45,2,16.91,8.83
7/23/2022 16:00,1.94,16.96,8.86
7/23/2022 16:15,1.96,17,8.88
7/23/2022 16:30,1.93,17.03,8.89
7/23/2022 16:45,1.97,17.05,8.9
7/23/2022 17:00,1.97,17.06,8.91
7/23/2022 17:15,1.97,17.09,8.92
7/23/2022 17:30,1.96,17.12,8.94
7/23/2022 17:45,1.98,17.14,8.95
7/23/2022 18:00,1.97,17.16,8.96
7/23/2022 18:15,2.01,17.18,8.97
7/23/2022 18:30,2.01,17.23,8.99
7/23/2022 18:45,2,17.35,9.06
7/23/2022 19:00,2.06,17.46,9.12
7/23/2022 19:15,1.99,17.57,9.17
7/23/2022 19:30,1.99,17.67,9.23
7/23/2022 19:45,2,17.8,9.29
7/23/2022 20:00,2.02,17.91,9.35
7/23/2022 20:15,1.98,17.97,9.38
7/23/2022 20:30,1.97,17.97,9.38
7/23/2022 20:45,1.97,17.95,9.37
7/23/2022 21:00,1.99,17.93,9.36
7/23/2022 21:15,2.02,17.91,9.35
