DateTime,Turbidity NTU,fDOM RFU
4/17/2023 12:18,3.374588,0.3508979
4/17/2023 12:33,4.825984,0
4/17/2023 12:48,3.752674,0
4/17/2023 13:03,3.744007,0
4/17/2023 13:18,2.980345,0
4/17/2023 13:33,2.907491,0
4/17/2023 13:48,2.942816,0
4/17/2023 14:03,2.917355,0
4/17/2023 14:18,2.404051,0
4/17/2023 14:33,2.434257,0
4/17/2023 14:48,-9999,0.5448111
4/17/2023 15:03,-9999,0.5637296
4/17/2023 15:18,-9999,0.5727835
4/17/2023 15:33,-9999,0.5818779
4/17/2023 15:48,-9999,0.5838252
4/17/2023 16:03,-9999,0.5970703
4/17/2023 16:18,-9999,0.6029366
4/17/2023 16:33,-9999,0.610405
4/17/2023 16:48,-9999,0.6156809
4/17/2023 17:03,-9999,0.6194881
4/17/2023 17:18,-9999,0.6231835
4/17/2023 17:33,-9999,0.6306679
4/17/2023 17:48,-9999,0.6341961
4/17/2023 18:03,-9999,0.641362
4/17/2023 18:18,-9999,0.6445684
4/17/2023 18:33,-9999,0.6492747
4/17/2023 18:48,-9999,0.6505165
4/17/2023 19:03,-9999,0.6524457
4/17/2023 19:18,-9999,0.6699684
4/17/2023 19:33,-9999,0.6723129
4/17/2023 19:48,-9999,0.6719308
4/17/2023 20:03,-9999,0.6783062
4/17/2023 20:18,-9999,0.6613076
4/17/2023 20:33,-9999,0.6901208
4/17/2023 20:48,-9999,0.6886634
4/17/2023 21:03,12.53027,0.6544464
4/17/2023 21:18,13.07011,0.675938
4/17/2023 21:33,14.75716,0.6904157
4/17/2023 21:48,12.57308,0.6855994
4/17/2023 22:03,12.93095,0.6960267
4/17/2023 22:18,13.35594,0.6878049
4/17/2023 22:33,16.81352,0.6862152
4/17/2023 22:48,12.46886,0.685808
4/17/2023 23:03,14.17917,0.6818005
4/17/2023 23:18,12.17745,0.6724352
4/17/2023 23:33,12.301589,0.6390657
4/17/2023 23:48,12.98412,0.6694795
4/18/2023 0:03,13.93539,0.6663653
4/18/2023 0:18,12.69925,0.6657123
4/18/2023 0:33,12.73824,0.6637874
4/18/2023 0:48,12.43958,0.6597635
4/18/2023 1:03,12.08718,0.65505
4/18/2023 1:18,13.15115,0.6516896
4/18/2023 1:33,11.03062,0.6499267
4/18/2023 1:48,13.98947,0.6208296
4/18/2023 2:03,11.7625,0.6471484
4/18/2023 2:18,12.8053,0.6471807
4/18/2023 2:33,11.67431,0.6450846
4/18/2023 2:48,11.81159,0.6422246
4/18/2023 3:03,11.39053,0.6423956
4/18/2023 3:18,11.26052,0.6419531
4/18/2023 3:33,12.66429,0.6385939
4/18/2023 3:48,12.2934,0.6374496
4/18/2023 4:03,10.70504,0.6362627
4/18/2023 4:18,10.01597,0.6354017
4/18/2023 4:33,12.82533,0.6351523
4/18/2023 4:48,15.27054,0.6347108
4/18/2023 5:03,11.19125,0.6308791
4/18/2023 5:18,11.10804,0.6276596
4/18/2023 5:33,11.72746,0.6292655
4/18/2023 5:48,10.51823,0.6235194
4/18/2023 6:03,10.98092,0.6155879
4/18/2023 6:18,10.63814,0.626682
4/18/2023 6:33,11.4127,0.6219947
4/18/2023 6:48,11.31672,0.6262105
4/18/2023 7:03,11.34096,0.6253235
4/18/2023 7:18,12.03127,0.6295588
4/18/2023 7:33,11.47806,0.6109783
4/18/2023 7:48,11.73916,0.6214185
4/18/2023 8:03,12.14422,0.6221951
4/18/2023 8:18,10.86065,0.6226543
4/18/2023 8:33,10.13751,0.6219358
4/18/2023 8:48,10.21903,0.6186604
4/18/2023 9:03,9.564679,0.6149233
4/18/2023 9:18,10.62562,0.6126405
4/18/2023 9:33,11.95797,0.6119265
4/18/2023 9:48,10.50667,0.6054433
4/18/2023 10:03,11.34146,0.6011829
4/18/2023 10:18,11.91506,0.6019804
4/18/2023 10:33,10.6403,0.6031333
4/18/2023 10:48,13.16363,0.5853405
4/18/2023 11:03,13.2308,0.5583099
4/18/2023 11:18,10.287,0.6296349
4/18/2023 11:33,12.17537,0.5464051
4/18/2023 11:48,13.93064,0.5385669
4/18/2023 12:03,7.798292,0.5478419
4/18/2023 12:18,10.74382,0.5928869
4/18/2023 12:33,9.923237,0.5857685
4/18/2023 12:48,14.20096,0.5872732
4/18/2023 13:03,21.00374,0.590041
4/18/2023 13:18,16.75934,0.5841346
4/18/2023 13:33,12.44901,0.5879776
4/18/2023 13:48,12.66109,0.5952013
4/18/2023 14:03,12.51284,0.5995489
4/18/2023 14:18,12.12552,0.5961682
4/18/2023 14:33,14.15439,0.6169371
4/18/2023 14:48,15.99993,0.6165159
4/18/2023 15:03,15.56599,0.6148718
4/18/2023 15:18,16.30315,0.6203345
4/18/2023 15:33,19.08358,0.6255432
4/18/2023 15:48,22.07182,0.6283935
4/18/2023 16:03,17.56996,0.6329454
4/18/2023 16:18,19.84474,0.6410936
4/18/2023 16:33,20.70905,0.6433087
4/18/2023 16:48,24.98981,0.6476115
4/18/2023 17:03,22.85734,0.6542038
4/18/2023 17:18,25.57261,0.6492873
4/18/2023 17:33,21.8748,0.68388
4/18/2023 17:48,21.88062,0.694204
4/18/2023 18:03,21.01232,0.7105379
4/18/2023 18:18,19.85454,0.7185102
4/18/2023 18:33,19.70825,0.7199181
4/18/2023 18:48,21.96448,0.7336913
4/18/2023 19:03,19.80833,0.7407148
4/18/2023 19:18,21.3847,0.7434469
4/18/2023 19:33,14.51817,0.7532968
4/18/2023 19:48,15.60678,0.7458444
4/18/2023 20:03,16.42686,0.7442604
4/18/2023 20:18,20.49662,0.7562723
4/18/2023 20:33,19.64147,0.7672419
4/18/2023 20:48,15.45955,0.7134351
4/18/2023 21:03,16.40324,0.7576851
4/18/2023 21:18,14.28585,0.7530296
4/18/2023 21:33,13.29478,0.7580385
4/18/2023 21:48,15.23958,0.7518674
4/18/2023 22:03,13.23378,0.7430653
4/18/2023 22:18,14.89019,0.6973282
4/18/2023 22:33,16.6496,0.7332648
4/18/2023 22:48,14.68028,0.7435976
4/18/2023 23:03,13.43751,0.7366202
4/18/2023 23:18,12.93354,0.7353946
4/18/2023 23:33,11.09152,0.7297333
4/18/2023 23:48,14.19703,0.7104892
4/19/2023 0:03,12.4017,0.7247183
4/19/2023 0:18,13.7276,0.7146486
4/19/2023 0:33,13.739768,0.712034
4/19/2023 0:48,14.638,0.7107995
4/19/2023 1:03,12.5698,0.7052705
4/19/2023 1:18,10.91508,0.7044011
4/19/2023 1:33,12.60918,0.6911407
4/19/2023 1:48,12.21434,0.6953294
4/19/2023 2:03,10.36634,0.6941052
4/19/2023 2:18,14.10005,0.6868983
4/19/2023 2:33,11.39489,0.6847057
4/19/2023 2:48,15.13786,0.6755399
4/19/2023 3:03,10.82962,0.6744866
4/19/2023 3:18,13.7589,0.6637144
4/19/2023 3:33,18.23424,0.6710954
4/19/2023 3:48,10.48103,0.6568641
4/19/2023 4:03,12.94793,0.6672332
4/19/2023 4:18,13.57756,0.6509355
4/19/2023 4:33,11.0835,0.6503212
4/19/2023 4:48,9.903367,0.6478059
4/19/2023 5:03,12.28574,0.6489044
4/19/2023 5:18,13.81808,0.6446792
4/19/2023 5:33,15.40975,0.6440092
4/19/2023 5:48,11.67647,0.64165
4/19/2023 6:03,11.60974,0.6416031
4/19/2023 6:18,13.13616,0.6402417
4/19/2023 6:33,10.18431,0.6391004
4/19/2023 6:48,10.74613,0.6400243
4/19/2023 7:03,10.56776,0.6373873
4/19/2023 7:18,11.12726,0.6378816
4/19/2023 7:33,11.78514,0.6376687
4/19/2023 7:48,9.829127,0.6325018
4/19/2023 8:03,11.40659,0.6349488
4/19/2023 8:18,10.48276,0.6338867
4/19/2023 8:33,10.44286,0.6374984
4/19/2023 8:48,9.779813,0.6317888
4/19/2023 9:03,13.09291,0.6295917
4/19/2023 9:18,11.6688,0.6254386
4/19/2023 9:33,11.78204,0.6245151
4/19/2023 9:48,11.78961,0.6200472
4/19/2023 10:03,10.56666,0.6121647
4/19/2023 10:18,11.2373,0.6189187
4/19/2023 10:33,11.17929,0.6183464
4/19/2023 10:48,12.11419,0.6090774
4/19/2023 11:03,13.29715,0.5952452
4/19/2023 11:18,13.580279,0.6178571
4/19/2023 11:33,18.10799,0.6569542
4/19/2023 11:48,13.12467,0.5998731
4/19/2023 12:03,16.0943958,0.6310198
4/19/2023 12:18,12.17533,0.5981153
4/19/2023 12:33,10.01622,0.600454
4/19/2023 12:48,10.59283,0.6003566
4/19/2023 13:03,13.21382,0.5882337
4/19/2023 13:18,11.9179,0.60111
4/19/2023 13:33,11.97035,0.6016638
4/19/2023 13:48,10.25125,0.604537
4/19/2023 14:03,14.20479,0.6076769
4/19/2023 14:18,16.50157,0.6117508
4/19/2023 14:33,16.20347,0.6284716
4/19/2023 14:48,12.02134,0.6199375
4/19/2023 15:03,12.97635,0.6267228
4/19/2023 15:18,15.47149,0.6272281
4/19/2023 15:33,15.43571,0.6284873
4/19/2023 15:48,14.996061,0.6330093
4/19/2023 16:03,16.74857,0.6430612
4/19/2023 16:18,13.32228,0.6458926
4/19/2023 16:33,12.56765,0.6479846
4/19/2023 16:48,13.63957,0.6540279
4/19/2023 17:03,15.54584,0.6653053
4/19/2023 17:18,11.88866,0.6526765
4/19/2023 17:33,16.33793,0.679017
4/19/2023 17:48,15.33212,0.6721472
4/19/2023 18:03,15.009,0.6969969
4/19/2023 18:18,12.22432,0.6925112
4/19/2023 18:33,17.76509,0.6730894
4/19/2023 18:48,17.50016,0.6770793
4/19/2023 19:03,18.06761,0.6942108
4/19/2023 19:18,12.05007,0.7015237
4/19/2023 19:33,13.97292,0.7057738
4/19/2023 19:48,13.22887,0.6987848
4/19/2023 20:03,16.21235,0.6998614
4/19/2023 20:18,13.13468,0.6923332
4/19/2023 20:33,15.06945,0.6984362
4/19/2023 20:48,11.4991,0.6940402
4/19/2023 21:03,12.448158,0.6857114
4/19/2023 21:18,14.66237,0.6696162
4/19/2023 21:33,15.292,0.6856525
4/19/2023 21:48,11.8037,0.6855774
4/19/2023 22:03,9.924589,0.6655533
4/19/2023 22:18,12.09372,0.68082
4/19/2023 22:33,9.6038625,0.6631415
4/19/2023 22:48,11.12242,0.6681634
4/19/2023 23:03,13.02957,0.649892
4/19/2023 23:18,10.26994,0.664659
4/19/2023 23:33,11.90982,0.6501036
4/19/2023 23:48,12.314953,0.6537402
4/20/2023 0:03,9.958596,0.6477899
4/20/2023 0:18,9.625421,0.6470631
4/20/2023 0:33,9.513281,0.6471249
4/20/2023 0:48,10.27704,0.6427983
4/20/2023 1:03,9.109248,0.6413054
4/20/2023 1:18,11.62063,0.6380646
4/20/2023 1:33,12.72713,0.6385984
4/20/2023 1:48,8.89376,0.6395278
4/20/2023 2:03,10.7809582,0.6373376
4/20/2023 2:18,9.962998,0.6384673
4/20/2023 2:33,12.04564,0.6364411
4/20/2023 2:48,10.057,0.6327454
4/20/2023 3:03,11.11412,0.6324803
4/20/2023 3:18,9.824791,0.6277843
4/20/2023 3:33,10.80723,0.6294124
4/20/2023 3:48,8.533349,0.6303801
4/20/2023 4:03,8.234066,0.6282336
4/20/2023 4:18,8.142228,0.6267916
4/20/2023 4:33,13.05439,0.6238495
4/20/2023 4:48,8.725215,0.6242971
4/20/2023 5:03,9.533348,0.6225752
4/20/2023 5:18,9.765119,0.6216148
4/20/2023 5:33,10.37646,0.6146418
4/20/2023 5:48,9.321915,0.6187205
4/20/2023 6:03,8.744204,0.6174665
4/20/2023 6:18,8.9417616,0.6150475
4/20/2023 6:33,11.57995,0.6177593
4/20/2023 6:48,13.05715,0.6167837
4/20/2023 7:03,9.180669,0.6183049
4/20/2023 7:18,9.376614,0.6190681
4/20/2023 7:33,8.7529,0.6171274
4/20/2023 7:48,13.071,0.6068568
4/20/2023 8:03,10.12882,0.6166008
4/20/2023 8:18,9.412398,0.6100288
4/20/2023 8:33,9.596664,0.6137488
4/20/2023 8:48,10.61009,0.6056818
4/20/2023 9:03,9.665941,0.6033233
4/20/2023 9:18,11.89262,0.5554988
4/20/2023 9:33,11.5463,0.6031239
4/20/2023 9:48,10.16379,0.6012752
4/20/2023 10:03,9.965703,0.6073923
4/20/2023 10:18,10.38307,0.6022753
4/20/2023 10:33,9.493702,0.5994738
4/20/2023 10:48,9.773698,0.5754092
4/20/2023 11:03,10.41087,0.5784552
4/20/2023 11:18,14.24933,0.4833729
4/20/2023 11:33,12.27986,0.6368228
4/20/2023 11:48,10.8383,0.5965321
4/20/2023 12:03,12.7098698,0.5211743
4/20/2023 12:18,10.50566,0.5727113
4/20/2023 12:33,11.66989,0.5808883
4/20/2023 12:48,12.81392,0.5783851
4/20/2023 13:03,9.639861,0.5667477
4/20/2023 13:18,11.8853,0.5753299
4/20/2023 13:33,11.67315,0.5746402
4/20/2023 13:48,12.35173,0.5231887
4/20/2023 14:03,10.44849,0.577374
4/20/2023 14:18,10.84932,0.5772511
4/20/2023 14:33,11.47033,0.5705308
4/20/2023 14:48,10.68209,0.5860879
4/20/2023 15:03,10.22842,0.5849383
4/20/2023 15:18,10.4494,0.5871323
4/20/2023 15:33,9.898371,0.5879702
4/20/2023 15:48,12.35972,0.5913312
4/20/2023 16:03,8.722484,0.5949257
4/20/2023 16:18,11.74147,0.5975004
4/20/2023 16:33,8.905951,0.6000109
4/20/2023 16:48,12.37808,0.6046473
4/20/2023 17:03,10.14579,0.6073518
4/20/2023 17:18,11.21755,0.6105917
4/20/2023 17:33,9.172873,0.6133595
4/20/2023 17:48,9.636311,0.6143665
4/20/2023 18:03,9.296021,0.6145909
4/20/2023 18:18,9.81474,0.6190266
4/20/2023 18:33,10.06908,0.6152846
4/20/2023 18:48,9.643649,0.6189505
4/20/2023 19:03,7.876558,0.6149935
4/20/2023 19:18,9.675529,0.6126319
4/20/2023 19:33,9.785443,0.6095639
4/20/2023 19:48,9.552727,0.6095381
4/20/2023 20:03,9.601882,0.6119191
4/20/2023 20:18,9.029264,0.6095774
4/20/2023 20:33,11.1927,0.6094945
4/20/2023 20:48,9.343737,0.6127003
4/20/2023 21:03,7.854121,0.6091838
4/20/2023 21:18,9.090957,0.6077211
4/20/2023 21:33,8.330619,0.6064445
4/20/2023 21:48,7.3693442,0.6030149
4/20/2023 22:03,9.931756,0.5900291
4/20/2023 22:18,10.90504,0.6036872
4/20/2023 22:33,8.274165,0.59512
4/20/2023 22:48,8.687423,0.6000127
4/20/2023 23:03,9.009166,0.5891824
4/20/2023 23:18,8.206195,0.5980821
4/20/2023 23:33,8.775897,0.5973748
4/20/2023 23:48,8.580177,0.5963577
4/21/2023 0:03,8.763397,0.5947089
4/21/2023 0:18,8.224604,0.5943402
4/21/2023 0:33,9.31165,0.5942011
4/21/2023 0:48,7.345322,0.5923373
4/21/2023 1:03,7.109488,0.5919086
4/21/2023 1:18,7.069177,0.5906334
4/21/2023 1:33,7.710924,0.5801181
4/21/2023 1:48,6.6660331,0.5887408
4/21/2023 2:03,8.201413,0.5902051
4/21/2023 2:18,10.28106,0.58762
4/21/2023 2:33,8.377988,0.5843731
4/21/2023 2:48,7.857372,0.5821444
4/21/2023 3:03,7.982994,0.5806033
4/21/2023 3:18,7.6820076,0.5821658
4/21/2023 3:33,7.882181,0.5818039
4/21/2023 3:48,7.912719,0.5800864
4/21/2023 4:03,7.86641902,0.5799635
4/21/2023 4:18,7.864532556,0.5802677
4/21/2023 4:33,8.25101,0.5790621
4/21/2023 4:48,7.873543,0.57855
4/21/2023 5:03,9.293474,0.5755031
4/21/2023 5:18,9.026677,0.5743455
4/21/2023 5:33,9.682944,0.5719123
4/21/2023 5:48,7.042566,0.5736874
4/21/2023 6:03,9.962483,0.5727626
4/21/2023 6:18,10.2284,0.5713256
4/21/2023 6:33,8.74512,0.5673526
4/21/2023 6:48,9.960658,0.571654
4/21/2023 7:03,7.287983,0.5728403
4/21/2023 7:18,7.5519062,0.5752808
4/21/2023 7:33,7.846868,0.5734901
4/21/2023 7:48,8.701542,0.5764927
4/21/2023 8:03,9.479159,0.5728675
4/21/2023 8:18,7.119614,0.5748244
4/21/2023 8:33,9.353404,0.5677945
4/21/2023 8:48,8.738327,0.5689561
4/21/2023 9:03,9.96033,0.5561773
4/21/2023 9:18,9.7044833,0.5588075
4/21/2023 9:33,7.129649,0.5625734
4/21/2023 9:48,8.964604,0.5616825
4/21/2023 10:03,8.732906,0.575633
4/21/2023 10:18,8.144495,0.5462853
4/21/2023 10:33,11.02274,0.5397877
4/21/2023 10:48,7.216419,0.5378291
4/21/2023 11:03,9.397365,0.48994
4/21/2023 11:18,15.04201,0.5978722
4/21/2023 11:33,7.189656,0.414506
4/21/2023 11:48,8.705277,0.7282715
4/21/2023 12:03,9.7411475,1.042037
4/21/2023 12:18,9.093371,0.542345
4/21/2023 12:33,9.273156,0.5399101
4/21/2023 12:48,7.93214,0.5406401
4/21/2023 13:03,7.550384,0.5406069
4/21/2023 13:18,8.3792,0.5378619
4/21/2023 13:33,7.774919,0.5455633
4/21/2023 13:48,8.336208,0.5711279
4/21/2023 14:03,8.723348,0.5440922
4/21/2023 14:18,8.561398,0.5517258
4/21/2023 14:33,8.663882,0.5582094
4/21/2023 14:48,7.999508,0.5580873
4/21/2023 15:03,11.42518,0.5580884
4/21/2023 15:18,8.6199,0.5625742
4/21/2023 15:33,9.543335,0.5681731
4/21/2023 15:48,15.15665,0.5685979
4/21/2023 16:03,8.757842,0.5746645
4/21/2023 16:18,9.574493,0.5773923
4/21/2023 16:33,11.00341,0.5836457
4/21/2023 16:48,8.244204,0.5884764
4/21/2023 17:03,7.0735226,0.5889167
4/21/2023 17:18,9.687016,0.593869
4/21/2023 17:33,8.027925,0.5987313
4/21/2023 17:48,8.293737,0.6043916
4/21/2023 18:03,10.80325,0.6042619
4/21/2023 18:18,17.48613,0.6074957
4/21/2023 18:33,9.17128,0.6068923
4/21/2023 18:48,9.309321,0.6068944
4/21/2023 19:03,13.46232,0.603861
4/21/2023 19:18,11.23783,0.5985973
4/21/2023 19:33,9.935235,0.6043723
4/21/2023 19:48,8.794858,0.6061342
4/21/2023 20:03,7.379267,0.6049424
4/21/2023 20:18,7.399633,0.6052189
4/21/2023 20:33,12.35723,0.6010221
4/21/2023 20:48,10.53144,0.5985813
4/21/2023 21:03,9.256247,0.6013623
4/21/2023 21:18,10.06866,0.6012473
4/21/2023 21:33,9.447694,0.5992539
4/21/2023 21:48,7.051247,0.6008481
4/21/2023 22:03,7.062078,0.5902082
4/21/2023 22:18,6.3554599,0.591449
4/21/2023 22:33,9.271877,0.5908384
4/21/2023 22:48,7.467962,0.5887984
4/21/2023 23:03,7.762985,0.5931845
4/21/2023 23:18,7.617639,0.5945261
4/21/2023 23:33,7.99982444,0.589699
4/21/2023 23:48,7.160662,0.5861553
4/22/2023 0:03,6.080481,0.5792419
4/22/2023 0:18,10.38473,0.5808751
4/22/2023 0:33,8.640003,0.5870118
4/22/2023 0:48,7.716713,0.5869879
4/22/2023 1:03,6.960375,0.5825065
4/22/2023 1:18,8.589667,0.584025
4/22/2023 1:33,7.054461,0.5800394
4/22/2023 1:48,9.806599,0.5666065
4/22/2023 2:03,8.087422,0.5825756
4/22/2023 2:18,8.136879,0.5816514
4/22/2023 2:33,8.065668,0.5787592
4/22/2023 2:48,7.729057,0.5778049
4/22/2023 3:03,10.00035,0.5795745
4/22/2023 3:18,6.934625,0.5771022
4/22/2023 3:33,8.4545,0.5594733
4/22/2023 3:48,7.745695,0.575757
4/22/2023 4:03,7.242234,0.5761137
4/22/2023 4:18,7.688669,0.5717473
4/22/2023 4:33,6.632837,0.5709304
4/22/2023 4:48,7.166832,0.5725036
4/22/2023 5:03,6.7651165,0.5707366
4/22/2023 5:18,7.81015,0.572623
4/22/2023 5:33,9.450711,0.5604927
4/22/2023 5:48,6.968319,0.5668504
4/22/2023 6:03,7.393397,0.5686933
4/22/2023 6:18,7.221124,0.5720519
4/22/2023 6:33,8.202034,0.5702931
4/22/2023 6:48,8.471849,0.5711944
4/22/2023 7:03,6.810949,0.5700054
4/22/2023 7:18,9.949632,0.5692878
4/22/2023 7:33,8.55535,0.5611649
4/22/2023 7:48,7.379246,0.568597
4/22/2023 8:03,7.075056,0.5678864
4/22/2023 8:18,8.159631,0.5666879
4/22/2023 8:33,7.146279,0.5673603
4/22/2023 8:48,7.757785,0.5665669
4/22/2023 9:03,10.21552,0.5627337
4/22/2023 9:18,9.142129,0.561333
4/22/2023 9:33,8.197705,0.5603397
4/22/2023 9:48,8.879966,0.5555573
4/22/2023 10:03,8.026193,0.5556282
4/22/2023 10:18,6.693438,0.5494937
4/22/2023 10:33,6.97607,0.5537208
4/22/2023 10:48,6.365735,0.5577347
4/22/2023 11:03,7.423804,0.5438108
4/22/2023 11:18,2.467813,0.555912
4/22/2023 11:33,1.907265,0.5351059
4/22/2023 11:48,0.8174778,0.6146806
4/22/2023 12:03,7.516822,0.5000533
4/22/2023 12:18,6.292036,0.5190278
4/22/2023 12:33,6.63569,0.5338917
4/22/2023 12:48,7.259161,0.5382711
4/22/2023 13:03,9.490937,0.5419272
4/22/2023 13:18,9.76407,0.5419164
4/22/2023 13:33,7.95531,0.5458657
4/22/2023 13:48,9.7642783,0.5486701
4/22/2023 14:03,6.961853,0.5492849
4/22/2023 14:18,7.26990175,0.5526236
4/22/2023 14:33,8.148152,0.5216134
4/22/2023 14:48,7.096375,0.5475155
4/22/2023 15:03,8.274924,0.5602971
4/22/2023 15:18,8.013129,0.5637301
4/22/2023 15:33,11.13355,0.5674899
4/22/2023 15:48,15.68819,0.5640298
4/22/2023 16:03,17.23396,0.5779097
4/22/2023 16:18,8.040912,0.5768262
4/22/2023 16:33,13.868741,0.5882994
4/22/2023 16:48,10.11745,0.5927709
4/22/2023 17:03,10.32208,0.6007771
4/22/2023 17:18,9.13447,0.6031229
4/22/2023 17:33,9.742978,0.6077985
4/22/2023 17:48,7.866792,0.6120841
4/22/2023 18:03,10.86829,0.6159707
4/22/2023 18:18,9.5343446,0.6197085
4/22/2023 18:33,8.576801,0.6210162
4/22/2023 18:48,10.90367,0.6197176
4/22/2023 19:03,10.8672,0.6211013
4/22/2023 19:18,8.703806,0.6206487
4/22/2023 19:33,7.783981,0.6228228
4/22/2023 19:48,7.309236,0.6204641
4/22/2023 20:03,6.0319525,0.6230289
4/22/2023 20:18,8.680321,0.6169357
4/22/2023 20:33,10.84579,0.6198565
4/22/2023 20:48,7.405656,0.621347
4/22/2023 21:03,8.023189,0.6194469
4/22/2023 21:18,7.065992,0.6184001
4/22/2023 21:33,8.916543,0.6140558
4/22/2023 21:48,8.530457,0.6157359
4/22/2023 22:03,8.9312542,0.6109844
4/22/2023 22:18,6.014783,0.6129475
4/22/2023 22:33,7.2654938,0.6116238
4/22/2023 22:48,6.694332,0.6096116
4/22/2023 23:03,7.566355,0.6047426
4/22/2023 23:18,7.125141,0.6061893
4/22/2023 23:33,6.782749,0.6054481
4/22/2023 23:48,8.068294,0.6041043
4/23/2023 0:03,9.65209,0.6029569
4/23/2023 0:18,7.192369,0.6000086
4/23/2023 0:33,7.385914,0.600062
4/23/2023 0:48,7.553848,0.5995917
4/23/2023 1:03,6.564466,0.5983604
4/23/2023 1:18,7.307404,0.5972632
4/23/2023 1:33,7.215244,0.5968872
4/23/2023 1:48,7.030847,0.5946848
4/23/2023 2:03,8.164472,0.5844501
4/23/2023 2:18,6.516292,0.5942466
4/23/2023 2:33,11.97703,0.5909852
4/23/2023 2:48,7.146914,0.5900472
4/23/2023 3:03,7.048616,0.5920668
4/23/2023 3:18,9.720979,0.5880441
4/23/2023 3:33,12.43278,0.5790139
4/23/2023 3:48,20.65335,0.5858755
4/23/2023 4:03,7.232456,0.5851142
4/23/2023 4:18,14.8076515,0.5829871
4/23/2023 4:33,7.068932,0.5843495
4/23/2023 4:48,7.46701555,0.5778015
4/23/2023 5:03,8.420719,0.5802425
4/23/2023 5:18,12.40384,0.5806538
4/23/2023 5:33,10.91492,0.5796733
4/23/2023 5:48,6.306335,0.5772414
4/23/2023 6:03,6.725317,0.5734393
4/23/2023 6:18,7.244951,0.5748909
4/23/2023 6:33,7.252737,0.573845
4/23/2023 6:48,9.993961,0.575137
4/23/2023 7:03,5.97062,0.5758886
4/23/2023 7:18,7.809402,0.5749936
4/23/2023 7:33,7.024071,0.5756862
4/23/2023 7:48,6.870713,0.5735388
4/23/2023 8:03,6.504673,0.5756999
4/23/2023 8:18,6.477805,0.5744267
4/23/2023 8:33,6.952827,0.5723092
4/23/2023 8:48,6.511405,0.5718613
4/23/2023 9:03,8.019979,0.5679026
4/23/2023 9:18,6.800032,0.5656018
4/23/2023 9:33,7.192808,0.5587417
4/23/2023 9:48,8.165862,0.5568379
4/23/2023 10:03,7.917593,0.5571372
4/23/2023 10:18,12.12446,0.5435945
4/23/2023 10:33,6.496382,0.540545
4/23/2023 10:48,6.927505,0.5494645
4/23/2023 11:03,8.689967,0.5521745
4/23/2023 11:18,8.689967,0.5633956
4/23/2023 11:33,5.200696,0.2924373
4/23/2023 11:48,6.9522304,0.6146719
4/23/2023 12:03,6.26012702,0.5713685
4/23/2023 12:18,8.066613,0.5374824
4/23/2023 12:33,10.89867,0.547579
4/23/2023 12:48,9.037939,0.5440764
4/23/2023 13:03,7.335735,0.5524764
4/23/2023 13:18,8.754308,0.5549322
4/23/2023 13:33,10.09435,0.5573999
4/23/2023 13:48,8.6565191,0.5619825
4/23/2023 14:03,11.28476,0.5634022
4/23/2023 14:18,7.800488,0.5662143
4/23/2023 14:33,10.76094,0.5600907
4/23/2023 14:48,10.33581,0.5748304
4/23/2023 15:03,8.464187,0.5792202
4/23/2023 15:18,8.855053,0.5712698
4/23/2023 15:33,8.949968,0.5952211
4/23/2023 15:48,9.495057,0.5994197
4/23/2023 16:03,9.382525,0.6090741
4/23/2023 16:18,9.381711,0.6172932
4/23/2023 16:33,9.507035,0.6228397
4/23/2023 16:48,9.059432,0.6274639
4/23/2023 17:03,9.219038,0.6287531
4/23/2023 17:18,10.31687,0.6346751
4/23/2023 17:33,9.805161,0.6393403
4/23/2023 17:48,8.922833,0.6424805
4/23/2023 18:03,9.819581,0.6428508
4/23/2023 18:18,9.926525,0.6465542
4/23/2023 18:33,7.635355,0.6493494
4/23/2023 18:48,8.456347,0.6528951
4/23/2023 19:03,9.863683,0.6505083
4/23/2023 19:18,10.6776,0.65205
4/23/2023 19:33,7.004462,0.6522697
4/23/2023 19:48,8.428275,0.6511612
4/23/2023 20:03,7.119244,0.6489858
4/23/2023 20:18,10.10542,0.6434906
4/23/2023 20:33,8.240047,0.6440579
4/23/2023 20:48,11.91148,0.6466196
4/23/2023 21:03,9.487469,0.6455814
4/23/2023 21:18,6.613937,0.639176
4/23/2023 21:33,9.908695,0.6414025
4/23/2023 21:48,8.7371,0.6397759
4/23/2023 22:03,7.812485,0.6401514
4/23/2023 22:18,8.225895,0.6395379
4/23/2023 22:33,8.5979342,0.6358967
4/23/2023 22:48,7.68838,0.6310953
4/23/2023 23:03,9.774064,0.6320837
4/23/2023 23:18,7.833749,0.6283852
4/23/2023 23:33,10.38397,0.6281764
4/23/2023 23:48,6.303537,0.6263819
4/24/2023 0:03,8.431706,0.626627
4/24/2023 0:18,6.692149,0.6248716
4/24/2023 0:33,6.692327,0.6236236
4/24/2023 0:48,5.6023356,0.6217334
4/24/2023 1:03,6.619237,0.6212762
4/24/2023 1:18,7.219745,0.6199758
4/24/2023 1:33,5.862614,0.6131216
4/24/2023 1:48,6.253427,0.6134428
4/24/2023 2:03,6.25732,0.6111615
4/24/2023 2:18,8.633313,0.6147865
4/24/2023 2:33,5.856606,0.6144615
4/24/2023 2:48,6.634454,0.6122359
4/24/2023 3:03,7.197004,0.6124623
4/24/2023 3:18,5.862495,0.6098446
4/24/2023 3:33,6.653296,0.6062424
4/24/2023 3:48,6.6871973,0.6070001
4/24/2023 4:03,5.888627,0.6060013
4/24/2023 4:18,7.51262,0.6057926
4/24/2023 4:33,6.880495,0.603709
4/24/2023 4:48,9.345901,0.6006584
4/24/2023 5:03,6.795022,0.6012436
4/24/2023 5:18,8.530723,0.6014239
4/24/2023 5:33,6.238372,0.5970987
4/24/2023 5:48,7.534696,0.5974499
4/24/2023 6:03,7.578316,0.5964686
4/24/2023 6:18,5.881899,0.5877196
4/24/2023 6:33,6.750195,0.5969828
4/24/2023 6:48,7.797167,0.5963441
4/24/2023 7:03,5.750271,0.5954129
4/24/2023 7:18,6.483016,0.595549
4/24/2023 7:33,7.766413,0.5898419
4/24/2023 7:48,7.1248979,0.5872737
4/24/2023 8:03,7.467392,0.588865
4/24/2023 8:18,7.60958,0.5927157
4/24/2023 8:33,5.727427,0.5908232
4/24/2023 8:48,6.028278,0.5880504
4/24/2023 9:03,8.587959,0.5861934
4/24/2023 9:18,8.396112,0.5808239
4/24/2023 9:33,6.621663,0.5744101
4/24/2023 9:48,6.530262,0.576874
4/24/2023 10:03,6.9441564,0.5820978
4/24/2023 10:18,7.436584,0.5656336
4/24/2023 10:33,5.894991,0.5667049
4/24/2023 10:48,5.957743,0.5538849
4/24/2023 11:03,7.378957,0.5480303
4/24/2023 11:18,8.470631,0.5593659
4/24/2023 11:33,6.978541,0.566595
4/24/2023 11:48,12.63726,0.5361236
4/24/2023 12:03,4.981458,0.4676029
4/24/2023 12:18,8.477728,0.572055
4/24/2023 12:33,7.507675,0.5849586
4/24/2023 12:48,9.420788,0.5711346
4/24/2023 13:03,7.7771,0.5747036
4/24/2023 13:18,7.71884,0.5774204
4/24/2023 13:33,7.8059209,0.5734499
4/24/2023 13:48,8.835606,0.5798237
4/24/2023 14:03,10.82158,0.5886495
4/24/2023 14:18,10.6255,0.5947847
4/24/2023 14:33,12.06009,0.6180954
4/24/2023 14:48,13.11920904,0.6040898
4/24/2023 15:03,13.70062,0.618229
4/24/2023 15:18,14.45095,0.6228948
4/24/2023 15:33,17.74615,0.6092351
4/24/2023 15:48,12.87775,0.6240736
4/24/2023 16:03,15.83334,0.6444567
4/24/2023 16:18,16.27228,0.6504299
4/24/2023 16:33,14.91416,0.6599744
4/24/2023 16:48,12.28521,0.6733103
4/24/2023 17:03,12.62272,0.6797712
4/24/2023 17:18,13.47635,0.6856562
4/24/2023 17:33,14.98914,0.6981128
4/24/2023 17:48,16.62497,0.7117858
4/24/2023 18:03,12.67344,0.6999367
4/24/2023 18:18,11.21944,0.7260149
4/24/2023 18:33,12.70898,0.7220856
4/24/2023 18:48,12.13388,0.7315032
4/24/2023 19:03,13.53848,0.7391646
4/24/2023 19:18,10.53366,0.735531
4/24/2023 19:33,11.46499,0.7255051
4/24/2023 19:48,15.44039,0.7100117
4/24/2023 20:03,15.83782,0.7353449
4/24/2023 20:18,11.84654,0.6613409
4/24/2023 20:33,10.0247,0.7194978
4/24/2023 20:48,11.75054,0.69627
4/24/2023 21:03,10.89847,0.7185888
4/24/2023 21:18,9.780295,0.7102568
4/24/2023 21:33,10.5757,0.7139637
4/24/2023 21:48,9.187614,0.6982915
4/24/2023 22:03,10.5609,0.6837888
4/24/2023 22:18,9.693316,0.6988721
4/24/2023 22:33,10.92581,0.6962463
4/24/2023 22:48,9.401701,0.6940867
4/24/2023 23:03,10.80861,0.6708813
4/24/2023 23:18,11.36685,0.6807278
4/24/2023 23:33,11.40536,0.6791459
4/24/2023 23:48,10.19877,0.6724641
4/25/2023 0:03,10.10781,0.6730178
4/25/2023 0:18,8.321914,0.6621947
4/25/2023 0:33,9.022041,0.6264046
4/25/2023 0:48,9.770623,0.6500279
4/25/2023 1:03,8.18692,0.6503704
4/25/2023 1:18,7.795771,0.6492372
4/25/2023 1:33,10.50094,0.6433707
4/25/2023 1:48,11.00916,0.648204
4/25/2023 2:03,8.888265,0.6482037
4/25/2023 2:18,7.310526,0.6471779
4/25/2023 2:33,9.66414,0.6401722
4/25/2023 2:48,10.2215,0.6350247
4/25/2023 3:03,7.985388,0.6391096
4/25/2023 3:18,8.409645,0.6322528
4/25/2023 3:33,8.752009,0.6369204
4/25/2023 3:48,8.206888,0.6386575
4/25/2023 4:03,8.009217,0.6318069
4/25/2023 4:18,7.297472,0.6305197
4/25/2023 4:33,10.14107,0.6317722
4/25/2023 4:48,7.750694,0.6244045
4/25/2023 5:03,8.800805,0.6302108
4/25/2023 5:18,8.368703,0.6247892
4/25/2023 5:33,8.475381,0.6258509
4/25/2023 5:48,7.712761,0.6245958
4/25/2023 6:03,7.773539,0.6228349
4/25/2023 6:18,7.279871,0.6219435
4/25/2023 6:33,9.716731,0.6206151
4/25/2023 6:48,7.837324,0.6222065
4/25/2023 7:03,9.966828,0.6231866
4/25/2023 7:18,7.745985,0.6188463
4/25/2023 7:33,8.99262,0.62195
4/25/2023 7:48,9.274674,0.6173196
4/25/2023 8:03,7.796825,0.6161171
4/25/2023 8:18,8.476293,0.6144019
4/25/2023 8:33,8.940888,0.6125152
4/25/2023 8:48,11.27734,0.6095211
4/25/2023 9:03,7.452476,0.6121975
4/25/2023 9:18,7.9286,0.602241
4/25/2023 9:33,11.2751,0.6000658
4/25/2023 9:48,9.06681,0.5971857
4/25/2023 10:03,12.07539,0.5985945
4/25/2023 10:18,10.13275,0.5948862
4/25/2023 10:33,9.165087,0.5980388
4/25/2023 10:48,11.67378,0.591662
4/25/2023 11:03,8.007356,0.5723915
4/25/2023 11:18,10.1871,0.577624
4/25/2023 11:33,7.688887,0.5867937
4/25/2023 11:48,6.494466,0.591639
4/25/2023 12:03,7.778242,0.5839223
4/25/2023 12:18,9.195397,0.5925653
4/25/2023 12:33,7.671404,0.5979655
4/25/2023 12:48,8.642145,0.5941637
4/25/2023 13:03,12.73653,0.5967618
4/25/2023 13:18,7.429962,0.5975651
4/25/2023 13:33,9.093176,0.6065762
4/25/2023 13:48,8.816518,0.6085791
4/25/2023 14:03,7.343829,0.6149003
4/25/2023 14:18,7.596202,0.6134726
4/25/2023 14:33,8.344186,0.616999
4/25/2023 14:48,8.493592,0.6171296
4/25/2023 15:03,8.13507,0.6209223
4/25/2023 15:18,7.134306,0.6206759
4/25/2023 15:33,7.400415,0.6191167
4/25/2023 15:48,7.450356,0.617876
4/25/2023 16:03,7.518187,0.6136284
4/25/2023 16:18,7.730495,0.61659
4/25/2023 16:33,7.866507,0.6178934
4/25/2023 16:48,7.391218,0.6181768
4/25/2023 17:03,9.53019,0.6176859
4/25/2023 17:18,9.1127381,0.6158108
4/25/2023 17:33,7.079462,0.6189947
4/25/2023 17:48,7.510078,0.6191199
4/25/2023 18:03,7.868165,0.6173573
4/25/2023 18:18,10.92378,0.6181745
4/25/2023 18:33,6.800623,0.6154947
4/25/2023 18:48,11.25623,0.614718
4/25/2023 19:03,10.56819,0.6101694
4/25/2023 19:18,7.419532,0.611922
4/25/2023 19:33,7.780659,0.6133466
4/25/2023 19:48,9.706906,0.6123198
4/25/2023 20:03,7.615721,0.612465
4/25/2023 20:18,8.5,0.6116902
4/25/2023 20:33,8.81287,0.6107501
4/25/2023 20:48,7.81497,0.6099994
4/25/2023 21:03,9.043704,0.6100292
4/25/2023 21:18,11.28866,0.6081964
4/25/2023 21:33,7.090693,0.6066778
4/25/2023 21:48,8.75164,0.6067457
4/25/2023 22:03,6.331462,0.6060779
4/25/2023 22:18,6.816396,0.6052439
4/25/2023 22:33,6.397391,0.6030232
4/25/2023 22:48,5.895557,0.6020595
4/25/2023 23:03,6.161623,0.598764
4/25/2023 23:18,7.238224,0.5964711
4/25/2023 23:33,11.37329,0.5997336
4/25/2023 23:48,7.291485,0.5972701
4/26/2023 0:03,6.041402,0.5957304
4/26/2023 0:18,8.735751,0.5924276
4/26/2023 0:33,6.23723,0.5926967
4/26/2023 0:48,6.079618,0.5922055
4/26/2023 1:03,7.760555,0.5913278
4/26/2023 1:18,7.305345,0.5900618
4/26/2023 1:33,6.646176,0.5898907
4/26/2023 1:48,7.362883,0.5868694
4/26/2023 2:03,6.118776,0.5871632
4/26/2023 2:18,5.857958,0.5865401
4/26/2023 2:33,6.279002,0.5852275
4/26/2023 2:48,9.647147,0.5844325
4/26/2023 3:03,6.242966,0.5838417
4/26/2023 3:18,6.617579,0.5831028
4/26/2023 3:33,6.192074,0.5809941
4/26/2023 3:48,5.812818,0.5823851
4/26/2023 4:03,5.839642,0.58117
4/26/2023 4:18,6.296348,0.5781321
4/26/2023 4:33,6.795004,0.577618
4/26/2023 4:48,6.812498,0.5784341
4/26/2023 5:03,7.98327,0.5770342
4/26/2023 5:18,5.86688,0.5757106
4/26/2023 5:33,6.849599,0.5728447
4/26/2023 5:48,5.662077,0.5741189
4/26/2023 6:03,6.454958,0.5719802
4/26/2023 6:18,7.823253,0.5720419
4/26/2023 6:33,6.931428,0.573115
4/26/2023 6:48,7.4417132,0.5612374
4/26/2023 7:03,10.12457,0.5685214
4/26/2023 7:18,8.327336,0.5695543
4/26/2023 7:33,7.628528,0.5727431
4/26/2023 7:48,7.957364,0.5690233
4/26/2023 8:03,6.205391,0.5685383
4/26/2023 8:18,6.309799,0.5685648
4/26/2023 8:33,6.900574,0.5703489
4/26/2023 8:48,8.35118,0.5646296
4/26/2023 9:03,6.93201,0.5643134
4/26/2023 9:18,7.230309,0.5690131
4/26/2023 9:33,6.634024,0.5612392
4/26/2023 9:48,7.759029,0.5540685
4/26/2023 10:03,6.584551,0.5542867
4/26/2023 10:18,6.961362,0.5515146
4/26/2023 10:33,12.0762,0.5496208
4/26/2023 10:48,7.84924,0.5459988
4/26/2023 11:03,9.212579,0.5570479
4/26/2023 11:18,6.715434,0.5504797
4/26/2023 11:33,7.710346,0.5513276
4/26/2023 11:48,8.325993,0.553768
4/26/2023 12:03,6.608773,0.5567785
4/26/2023 12:18,9.436214,0.5615209
4/26/2023 12:33,7.672133,0.5608662
4/26/2023 12:48,5.552559,0.621913
4/26/2023 13:03,7.07436,0.5505872
4/26/2023 13:18,5.686478,0.5539482
4/26/2023 13:33,6.810674,0.5523683
4/26/2023 13:48,6.420408,0.5541616
4/26/2023 14:03,7.264997,0.5541644
4/26/2023 14:18,6.558388,0.5581938
4/26/2023 14:33,9.743154,0.5613142
4/26/2023 14:48,9.682385,0.5577047
4/26/2023 15:03,9.629676,0.5598514
4/26/2023 15:18,5.617235,0.5628417
4/26/2023 15:33,8.857305,0.5631325
4/26/2023 15:48,8.216434,0.5648705
4/26/2023 16:03,7.321169,0.5708776
4/26/2023 16:18,7.180482,0.5707446
4/26/2023 16:33,6.796961,0.5757154
4/26/2023 16:48,8.837749,0.5776353
4/26/2023 17:03,7.586939,0.5797757
4/26/2023 17:18,7.44161,0.5828705
4/26/2023 17:33,9.475011,0.5869179
4/26/2023 17:48,9.2156423,0.5903342
4/26/2023 18:03,8.575933,0.586293
4/26/2023 18:18,8.089005,0.588684
4/26/2023 18:33,11.05099,0.593018
4/26/2023 18:48,6.516836,0.5916164
4/26/2023 19:03,6.567188,0.5913033
4/26/2023 19:18,6.790287,0.5898887
4/26/2023 19:33,7.046667,0.5852215
4/26/2023 19:48,6.78456,0.5766578
4/26/2023 20:03,7.0455857,0.5827236
4/26/2023 20:18,7.13217806,0.5866603
4/26/2023 20:33,6.634775,0.587977
4/26/2023 20:48,6.422428,0.582314
4/26/2023 21:03,6.481279,0.5857008
4/26/2023 21:18,8.219635,0.5868698
4/26/2023 21:33,5.890105,0.5872836
4/26/2023 21:48,5.937258,0.5857054
4/26/2023 22:03,7.901415,0.5854433
4/26/2023 22:18,8.218843,0.5821982
4/26/2023 22:33,5.807207,0.5833431
4/26/2023 22:48,6.983595,0.5746512
4/26/2023 23:03,7.401202,0.5826546
4/26/2023 23:18,6.768325,0.5771102
4/26/2023 23:33,5.176655,0.5781917
4/26/2023 23:48,6.973573,0.5791517
4/27/2023 0:03,6.343837,0.5782592
4/27/2023 0:18,7.335788,0.5772991
4/27/2023 0:33,7.792836,0.5742438
4/27/2023 0:48,6.225392,0.5739571
4/27/2023 1:03,6.879503,0.5741143
4/27/2023 1:18,6.003308,0.5696914
4/27/2023 1:33,10.97279,0.5724826
4/27/2023 1:48,7.625711,0.5646473
4/27/2023 2:03,7.58614,0.5645542
4/27/2023 2:18,5.691362,0.5679654
4/27/2023 2:33,9.337409,0.5652832
4/27/2023 2:48,7.585326,0.568314
4/27/2023 3:03,7.658198,0.5672736
4/27/2023 3:18,6.328462,0.5669736
4/27/2023 3:33,5.5822,0.5651495
4/27/2023 3:48,5.160576,0.5652649
4/27/2023 4:03,6.710777,0.5638563
4/27/2023 4:18,11.52641,0.565689
4/27/2023 4:33,5.207599,0.5635762
4/27/2023 4:48,5.480137,0.5586486
4/27/2023 5:03,6.766933,0.5631803
4/27/2023 5:18,5.210908,0.5610873
4/27/2023 5:33,6.509232,0.5541764
4/27/2023 5:48,5.775265,0.5581551
4/27/2023 6:03,9.1116,0.5561776
4/27/2023 6:18,4.559973,0.557726
4/27/2023 6:33,6.608739,0.5583645
4/27/2023 6:48,5.564283,0.5580782
4/27/2023 7:03,6.405969,0.5569174
4/27/2023 7:18,6.972318,0.5584414
4/27/2023 7:33,6.629848,0.553635
4/27/2023 7:48,6.629848,0.554686
4/27/2023 8:03,6.080917,0.5592297
4/27/2023 8:18,7.110964,0.5549406
4/27/2023 8:33,7.158064,0.552213
4/27/2023 8:48,8.208164,0.5441395
4/27/2023 9:03,5.398675,0.5526001
4/27/2023 9:18,6.375971,0.5474849
4/27/2023 9:33,12.00183,0.5448366
4/27/2023 9:48,6.37153,0.5447289
4/27/2023 10:03,5.790544,0.5420637
4/27/2023 10:18,5.564432,0.5410321
4/27/2023 10:33,6.777623,0.5399452
4/27/2023 10:48,6.399072,0.536005
4/27/2023 11:03,12.08566,0.5369695
4/27/2023 11:18,6.050694,0.5690342
4/27/2023 11:33,3.958743,0.5463787
4/27/2023 11:48,4.487977,0.5461516
4/27/2023 12:03,4.877031,0.4921301
4/27/2023 12:18,8.29193,0.5265046
4/27/2023 12:33,7.089345,0.5274906
4/27/2023 12:48,6.999629,0.5345235
4/27/2023 13:03,9.088688,0.5273194
4/27/2023 13:18,6.346097,0.5300109
4/27/2023 13:33,6.556706,0.5177661
4/27/2023 13:48,8.085952,0.5515894
4/27/2023 14:03,6.440956,0.5471689
4/27/2023 14:18,9.802,0.5462967
4/27/2023 14:33,9.04114,0.5965977
4/27/2023 14:48,8.905029,0.5646796
4/27/2023 15:03,8.62032,0.5707256
4/27/2023 15:18,7.647768,0.5780118
4/27/2023 15:33,8.937279,0.5823068
4/27/2023 15:48,10.15469,0.5884975
4/27/2023 16:03,9.820118,0.5963814
4/27/2023 16:18,13.04557,0.6011229
4/27/2023 16:33,20.65671,0.6108584
4/27/2023 16:48,9.906255,0.6187211
4/27/2023 17:03,15.8185852,0.6171339
4/27/2023 17:18,12.4215,0.6330398
4/27/2023 17:33,9.449424,0.6409609
4/27/2023 17:48,8.646049,0.645868
4/27/2023 18:03,9.669939,0.6532767
4/27/2023 18:18,9.911611,0.6655953
4/27/2023 18:33,11.50831,0.6783309
4/27/2023 18:48,8.750965,0.6505798
4/27/2023 19:03,8.050692,0.6903418
4/27/2023 19:18,9.897425,0.6784166
4/27/2023 19:33,11.35005,0.6931089
4/27/2023 19:48,13.50224,0.6992321
4/27/2023 20:03,8.537482,0.6956285
4/27/2023 20:18,7.023707,0.696604
4/27/2023 20:33,9.989766,0.7048703
4/27/2023 20:48,16.54672,0.7019706
4/27/2023 21:03,13.3823562,0.6972753
4/27/2023 21:18,8.17965,0.6939335
4/27/2023 21:33,8.17965,0.685145
4/27/2023 21:48,7.833995,0.69082
4/27/2023 22:03,8.912271,0.6846797
4/27/2023 22:18,8.082822,0.6870817
4/27/2023 22:33,9.697862,0.6878251
4/27/2023 22:48,7.578432,0.6885102
4/27/2023 23:03,7.860594,0.674629
4/27/2023 23:18,9.390615,0.6689489
4/27/2023 23:33,7.644115,0.6714664
4/27/2023 23:48,6.25528,0.6621224
4/28/2023 0:03,7.696158,0.6404871
4/28/2023 0:18,7.557892,0.6475874
4/28/2023 0:33,7.358756,0.6531832
4/28/2023 0:48,6.890399,0.6520673
4/28/2023 1:03,8.135165,0.648923
4/28/2023 1:18,7.5908303,0.6466464
4/28/2023 1:33,7.75929414,0.6436832
4/28/2023 1:48,7.242896,0.6427761
4/28/2023 2:03,5.688452,0.6447827
4/28/2023 2:18,6.101491,0.6430578
4/28/2023 2:33,7.792324,0.634
4/28/2023 2:48,7.046754,0.6376404
4/28/2023 3:03,10.84748,0.6314806
4/28/2023 3:18,6.733422,0.6343866
4/28/2023 3:33,5.766094,0.6340528
4/28/2023 3:48,6.3274772,0.6309478
4/28/2023 4:03,9.185798,0.6193975
4/28/2023 4:18,8.952744,0.6268004
4/28/2023 4:33,7.510352,0.6217109
4/28/2023 4:48,6.395338,0.6233183
4/28/2023 5:03,5.664343,0.6250631
4/28/2023 5:18,5.905417,0.6241794
4/28/2023 5:33,8.627861,0.617183
4/28/2023 5:48,10.59973,0.6143423
4/28/2023 6:03,6.725648,0.6220325
4/28/2023 6:18,8.115392,0.6193964
4/28/2023 6:33,6.846343,0.6192481
4/28/2023 6:48,5.966942,0.6143931
4/28/2023 7:03,6.566886,0.617769
4/28/2023 7:18,5.787589,0.6157419
4/28/2023 7:33,8.291268,0.6160774
4/28/2023 7:48,6.248204,0.6099276
4/28/2023 8:03,6.161249,0.611804
4/28/2023 8:18,6.830115,0.6127107
4/28/2023 8:33,10.64921,0.6074775
4/28/2023 8:48,6.288463,0.6077294
4/28/2023 9:03,6.897391,0.6067096
4/28/2023 9:18,6.114235,0.605882
4/28/2023 9:33,5.670723,0.5991339
4/28/2023 9:48,5.703885,0.6023463
4/28/2023 10:03,6.894109,0.5956987
4/28/2023 10:18,9.175069,0.5901444
4/28/2023 10:33,7.052475,0.584667
4/28/2023 10:48,6.238127,0.5817062
4/28/2023 11:03,10.26565,0.5858945
4/28/2023 11:18,5.165055,0.4002014
4/28/2023 11:33,8.126539,0.640911
4/28/2023 11:48,5.771272,0.6028187
4/28/2023 12:03,8.382663,0.5740965
4/28/2023 12:18,6.5943087,0.5324883
4/28/2023 12:33,8.157844,0.5672588
4/28/2023 12:48,5.287817,0.5425245
4/28/2023 13:03,5.952882,0.5663301
4/28/2023 13:18,5.935541,0.5693699
4/28/2023 13:33,9.355682,0.5697644
4/28/2023 13:48,9.558804,0.5759977
4/28/2023 14:03,7.279251,0.5764332
4/28/2023 14:18,6.728167,0.5851925
4/28/2023 14:33,6.983311,0.5863396
4/28/2023 14:48,8.484235,0.584156
4/28/2023 15:03,7.0732302,0.5947232
4/28/2023 15:18,7.71284676,0.5958014
4/28/2023 15:33,6.990645,0.5954955
4/28/2023 15:48,6.602188,0.594942
4/28/2023 16:03,6.772727,0.5957961
4/28/2023 16:18,7.127539,0.5972266
4/28/2023 16:33,6.421282,0.5995209
4/28/2023 16:48,6.5988637,0.5939149
4/28/2023 17:03,5.646528,0.6020231
4/28/2023 17:18,5.942091,0.6040211
4/28/2023 17:33,5.40356574,0.6078939
4/28/2023 17:48,5.194804522,0.61264
4/28/2023 18:03,9.885256,0.6163086
4/28/2023 18:18,6.391944,0.6170405
4/28/2023 18:33,7.006821,0.6181706
4/28/2023 18:48,5.383676,0.6181424
4/28/2023 19:03,7.488325,0.6151451
4/28/2023 19:18,12.94892,0.6137158
4/28/2023 19:33,5.664212,0.6190915
4/28/2023 19:48,5.664212,0.619087
4/28/2023 20:03,7.732234,0.6152286
4/28/2023 20:18,4.938118,0.6177847
4/28/2023 20:33,5.382149,0.6166965
4/28/2023 20:48,5.489119,0.6109093
4/28/2023 21:03,10.44955,0.6085628
4/28/2023 21:18,12.38205,0.6095376
4/28/2023 21:33,6.29018,0.6122578
4/28/2023 21:48,7.695814,0.6120133
4/28/2023 22:03,11.49283,0.6100667
4/28/2023 22:18,7.159016,0.6082499
4/28/2023 22:33,7.312773,0.6074423
4/28/2023 22:48,5.542105,0.6056206
4/28/2023 23:03,5.037704,0.6049277
4/28/2023 23:18,7.107918,0.5999664
4/28/2023 23:33,6.960556,0.6022893
4/28/2023 23:48,6.215448,0.6007189
4/29/2023 0:03,7.45133,0.600786
4/29/2023 0:18,9.054615,0.6010622
4/29/2023 0:33,5.546205,0.601333
4/29/2023 0:48,4.661512,0.5996475
4/29/2023 1:03,7.688065,0.5966001
4/29/2023 1:18,5.595882,0.5895274
4/29/2023 1:33,5.587433,0.5931091
4/29/2023 1:48,5.54385,0.5957192
4/29/2023 2:03,8.426349,0.5917637
4/29/2023 2:18,10.30386,0.5915375
4/29/2023 2:33,7.705735,0.5908322
4/29/2023 2:48,4.884008,0.5887473
4/29/2023 3:03,5.005394,0.5869845
4/29/2023 3:18,5.171302,0.5879408
4/29/2023 3:33,4.908613,0.5862553
4/29/2023 3:48,6.689903,0.5853087
4/29/2023 4:03,4.813549,0.5846586
4/29/2023 4:18,4.802762,0.583335
4/29/2023 4:33,5.531895,0.5807591
4/29/2023 4:48,6.402833,0.5765544
4/29/2023 5:03,5.916218,0.5815536
4/29/2023 5:18,7.042457,0.5796947
4/29/2023 5:33,6.894306,0.5762551
4/29/2023 5:48,5.932565,0.5777419
4/29/2023 6:03,5.126544,0.5769738
4/29/2023 6:18,8.698119,0.5724075
4/29/2023 6:33,5.237416,0.5768192
4/29/2023 6:48,5.069246,0.5769937
4/29/2023 7:03,4.179373,0.5782555
4/29/2023 7:18,4.340003,0.5774085
4/29/2023 7:33,7.160145,0.5786384
4/29/2023 7:48,10.47845,0.5744381
4/29/2023 8:03,10.3851974,0.5755687
4/29/2023 8:18,7.555378,0.5690683
4/29/2023 8:33,8.298354,0.5713892
4/29/2023 8:48,4.572999,0.5724962
4/29/2023 9:03,4.896914,0.5682954
4/29/2023 9:18,6.931602,0.5683867
4/29/2023 9:33,11.38945,0.5622754
4/29/2023 9:48,4.44609,0.5598648
4/29/2023 10:03,6.088356,0.5509908
4/29/2023 10:18,4.777123,0.5347289
4/29/2023 10:33,5.642799,0.5353236
4/29/2023 10:48,5.142472,0.5451899
4/29/2023 11:03,5.256124,0.5465909
4/29/2023 11:18,10.14503,0.4801174
4/29/2023 11:33,8.484445,0.5659783
4/29/2023 11:48,3.742519,0.4824203
4/29/2023 12:03,7.761301,0.5626521
4/29/2023 12:18,5.712379,0.5264821
4/29/2023 12:33,5.754753,0.546469
4/29/2023 12:48,7.681364,0.5493447
4/29/2023 13:03,7.893442,0.5488157
4/29/2023 13:18,5.470205,0.5522662
4/29/2023 13:33,6.615631,0.555555
4/29/2023 13:48,6.391885,0.5591918
4/29/2023 14:03,7.119691,0.5675077
4/29/2023 14:18,7.119691,0.5992525
4/29/2023 14:33,9.25075,0.5908668
4/29/2023 14:48,9.360219,0.5863293
4/29/2023 15:03,11.51582,0.5929842
4/29/2023 15:18,14.17763,0.5858507
4/29/2023 15:33,18.85725,0.59966
4/29/2023 15:48,11.34045,0.5984818
4/29/2023 16:03,16.4408414,0.6134528
4/29/2023 16:18,14.23029,0.6259431
4/29/2023 16:33,14.3159657,0.6355768
4/29/2023 16:48,13.17914084,0.6466556
4/29/2023 17:03,15.3982,0.6584489
4/29/2023 17:18,15.71122,0.679977
4/29/2023 17:33,14.1367,0.7144653
4/29/2023 17:48,15.20030964,0.7417449
4/29/2023 18:03,15.55936537,0.7603307
4/29/2023 18:18,15.93062,0.7275486
4/29/2023 18:33,12.34614,0.7862685
4/29/2023 18:48,13.77938411,0.7974286
4/29/2023 19:03,13.25463,0.7842874
4/29/2023 19:18,11.74903,0.803883
4/29/2023 19:33,11.52134,0.7712651
4/29/2023 19:48,11.42611859,0.8268561
4/29/2023 20:03,14.23862,0.8389776
4/29/2023 20:18,23.7916,0.8439601
4/29/2023 20:33,21.28769,0.8386115
4/29/2023 20:48,15.14639,0.8331416
4/29/2023 21:03,21.52496756,0.7867413
4/29/2023 21:18,10.3708,0.8421974
4/29/2023 21:33,8.859544,0.844184
4/29/2023 21:48,9.036063,0.829944
4/29/2023 22:03,5.521729644,0.8315866
4/29/2023 22:18,9.968687,0.8318669
4/29/2023 22:33,11.20798,0.8232517
4/29/2023 22:48,10.60764953,0.8116133
4/29/2023 23:03,11.91724886,0.8155121
4/29/2023 23:18,11.8537,0.8169478
4/29/2023 23:33,8.382962,0.8128335
4/29/2023 23:48,11.63009,0.8074864
4/30/2023 0:03,8.362344,0.7963821
4/30/2023 0:18,11.4702,0.7870198
4/30/2023 0:33,9.958571,0.7888531
4/30/2023 0:48,10.49757,0.7635522
4/30/2023 1:03,9.478003,0.7735057
4/30/2023 1:18,8.297171,0.7712106
4/30/2023 1:33,7.8923152,0.7605789
4/30/2023 1:48,7.784068,0.7305337
4/30/2023 2:03,7.729233,0.7488042
4/30/2023 2:18,9.215821,0.7464351
4/30/2023 2:33,13.90274,0.7498983
4/30/2023 2:48,13.34061622,0.7287866
4/30/2023 3:03,8.749081,0.7274963
4/30/2023 3:18,11.17802,0.673709
4/30/2023 3:33,8.793235,0.6914802
4/30/2023 3:48,9.577364,0.710486
4/30/2023 4:03,8.082958112,0.7042697
4/30/2023 4:18,7.037111,0.6737424
4/30/2023 4:33,9.667325,0.6811586
4/30/2023 4:48,10.2563,0.6788561
4/30/2023 5:03,8.035413,0.6790783
4/30/2023 5:18,7.728159,0.6768125
4/30/2023 5:33,7.900936,0.665511
4/30/2023 5:48,7.835781,0.6600738
4/30/2023 6:03,6.8586633,0.6553873
4/30/2023 6:18,11.71386,0.6521152
4/30/2023 6:33,8.832151,0.6599032
4/30/2023 6:48,7.057005,0.6480592
4/30/2023 7:03,7.217411,0.6519975
4/30/2023 7:18,8.876111,0.6472102
4/30/2023 7:33,10.116,0.6474335
4/30/2023 7:48,8.279552,0.6434976
4/30/2023 8:03,12.46907,0.6451051
4/30/2023 8:18,13.94301,0.6409661
4/30/2023 8:33,6.915583,0.6403251
4/30/2023 8:48,6.562531,0.6351554
4/30/2023 9:03,8.753839,0.6322001
4/30/2023 9:18,7.310527,0.6322106
4/30/2023 9:33,8.844824,0.625969
4/30/2023 9:48,7.249023,0.6176818
4/30/2023 10:03,8.88253,0.6167455
4/30/2023 10:18,7.456649,0.6063975
4/30/2023 10:33,6.508516,0.6005027
4/30/2023 10:48,7.717995,0.5944927
4/30/2023 11:03,11.81624,0.5815439
4/30/2023 11:18,11.91346,0.5306367
4/30/2023 11:33,11.44322,0.6989409
4/30/2023 11:48,14.0993481,0.6302623
4/30/2023 12:03,9.882903,0.5936917
4/30/2023 12:18,8.375107,0.6055211
4/30/2023 12:33,8.225036,0.5923617
4/30/2023 12:48,6.75694009,0.5904347
4/30/2023 13:03,4.565061932,0.6057394
4/30/2023 13:18,11.85343,0.6069028
4/30/2023 13:33,10.90414,0.6154505
4/30/2023 13:48,11.94029,0.6221541
4/30/2023 14:03,10.53087,0.6281793
4/30/2023 14:18,13.56430123,0.6448024
4/30/2023 14:33,20.91521,0.6344559
4/30/2023 14:48,17.39034,0.6454266
4/30/2023 15:03,21.25353425,0.6526271
4/30/2023 15:18,24.31226127,0.6671035
4/30/2023 15:33,28.54348,0.7035755
4/30/2023 15:48,27.30203,0.6870126
4/30/2023 16:03,31.89432683,0.7235652
4/30/2023 16:18,37.00032,0.7509099
4/30/2023 16:33,30.12535,0.7671318
4/30/2023 16:48,31.2216,0.8030635
4/30/2023 17:03,33.32977432,0.8299255
4/30/2023 17:18,40.55179,0.843735
4/30/2023 17:33,40.55179,0.8815623
4/30/2023 17:48,43.89395,0.8975558
4/30/2023 18:03,68.00941,0.9184701
4/30/2023 18:18,34.05978,0.9432224
4/30/2023 18:33,30.82299,0.945651
4/30/2023 18:48,33.53329,0.9788774
4/30/2023 19:03,34.57495,0.9808989
4/30/2023 19:18,38.08261,0.9909423
4/30/2023 19:33,41.48539,1.013322
4/30/2023 19:48,25.67129,1.023453
4/30/2023 20:03,25.62261,0.9973186
4/30/2023 20:18,27.09351,1.029676
4/30/2023 20:33,24.22722,0.9762539
4/30/2023 20:48,21.61692,1.022308
4/30/2023 21:03,20.89404,1.02586
4/30/2023 21:18,17.50285,1.006623
4/30/2023 21:33,18.33843,1.013868
4/30/2023 21:48,18.34817,1.008194
4/30/2023 22:03,19.63381,1.011581
4/30/2023 22:18,19.2537,1.008588
4/30/2023 22:33,19.34167,1.001948
4/30/2023 22:48,15.83808,0.9957835
4/30/2023 23:03,18.58853,0.9748001
4/30/2023 23:18,14.62488,0.9837505
4/30/2023 23:33,15.68592,0.9639617
4/30/2023 23:48,14.68836,0.964453
5/1/2023 0:03,14.62314,0.9562455
5/1/2023 0:18,12.76769,0.9450617
5/1/2023 0:33,16.13975,0.9398117
5/1/2023 0:48,15.88094,0.9299902
5/1/2023 1:03,16.67666,0.9153928
5/1/2023 1:18,12.44061,0.9165281
5/1/2023 1:33,13.55984,0.9044591
5/1/2023 1:48,15.22277,0.8961465
5/1/2023 2:03,12.62678,0.8928841
5/1/2023 2:18,16.70263,0.8828717
5/1/2023 2:33,11.73419,0.8700862
5/1/2023 2:48,12.14612,0.8674796
5/1/2023 3:03,15.3812,0.859451
5/1/2023 3:18,14.13212,0.8516526
5/1/2023 3:33,11.22307,0.8434069
5/1/2023 3:48,12.26753,0.8339541
5/1/2023 4:03,11.8512,0.8340638
5/1/2023 4:18,12.55424,0.8123338
5/1/2023 4:33,14.00246,0.8079114
5/1/2023 4:48,15.16881,0.8060511
5/1/2023 5:03,13.53864,0.7966422
5/1/2023 5:18,10.95702,0.7929716
5/1/2023 5:33,11.82188,0.7901458
5/1/2023 5:48,9.444421,0.7859996
5/1/2023 6:03,10.54703,0.7730427
5/1/2023 6:18,11.1917,0.7680408
5/1/2023 6:33,12.65884,0.7721904
5/1/2023 6:48,12.1591339,0.7577875
5/1/2023 7:03,13.46259572,0.771129
5/1/2023 7:18,9.217306,0.7593226
5/1/2023 7:33,9.56264,0.7553942
5/1/2023 7:48,13.4451,0.7478237
5/1/2023 8:03,9.315587,0.7400779
5/1/2023 8:18,9.780778712,0.730065
5/1/2023 8:33,10.9754,0.7255941
5/1/2023 8:48,10.28825,0.7173743
5/1/2023 9:03,10.40177,0.7035954
5/1/2023 9:18,10.95630833,0.6818475
5/1/2023 9:33,14.56268,0.6768972
5/1/2023 9:48,9.128258,0.6735933
5/1/2023 10:03,9.43471,0.652544
5/1/2023 10:18,11.94033,0.6538926
5/1/2023 10:33,11.36545,0.661048
5/1/2023 10:48,7.634889,0.6444741
5/1/2023 11:03,8.382934,0.6464512
5/1/2023 11:18,8.068072,0.6373792
5/1/2023 11:33,7.800988,0.6391188
5/1/2023 11:48,6.6417443,0.6263967
5/1/2023 12:03,6.93525484,0.637864
5/1/2023 12:18,11.21324,0.68761
5/1/2023 12:33,10.80119,0.6344585
5/1/2023 12:48,10.74676,0.6416448
5/1/2023 13:03,12.20286,0.6417261
5/1/2023 13:18,13.866,0.6471581
5/1/2023 13:33,13.02877,0.6555158
5/1/2023 13:48,12.22649,0.6655119
5/1/2023 14:03,13.74735,0.6843042
5/1/2023 14:18,14.64962,0.6717928
5/1/2023 14:33,14.81231,0.7097466
5/1/2023 14:48,12.4065,0.7215672
5/1/2023 15:03,13.995948,0.7350653
5/1/2023 15:18,17.18352,0.7662694
5/1/2023 15:33,15.8485,0.7870948
5/1/2023 15:48,21.42829,0.8068048
5/1/2023 16:03,18.28825,0.7996625
5/1/2023 16:18,21.1977138,0.8004115
5/1/2023 16:33,21.92969604,0.8383819
5/1/2023 16:48,23.31803473,0.8530071
5/1/2023 17:03,25.57189,0.8566039
5/1/2023 17:18,25.99931,0.8751404
5/1/2023 17:33,26.85283,0.8941206
5/1/2023 17:48,28.49261511,0.9120904
5/1/2023 18:03,25.13232,0.9145892
5/1/2023 18:18,26.05768,0.9258525
5/1/2023 18:33,26.15307,0.9488819
5/1/2023 18:48,24.425496,0.9390045
5/1/2023 19:03,25.66193,0.9502732
5/1/2023 19:18,20.62247,0.9451467
5/1/2023 19:33,20.60895,0.9768434
5/1/2023 19:48,25.04351,0.9675201
5/1/2023 20:03,23.8058,0.9693181
5/1/2023 20:18,21.57784,0.9813977
5/1/2023 20:33,18.88003,0.9646786
5/1/2023 20:48,22.82956,0.9784282
5/1/2023 21:03,18.44824,0.9697919
5/1/2023 21:18,15.34704,0.9758701
5/1/2023 21:33,15.548525,0.9728114
5/1/2023 21:48,15.07599,0.9634703
5/1/2023 22:03,15.56335,0.9638649
5/1/2023 22:18,17.52144,0.9603782
5/1/2023 22:33,14.37537,0.9596228
5/1/2023 22:48,13.37473,0.9383143
5/1/2023 23:03,13.21548,0.9332877
5/1/2023 23:18,13.99877,0.9294991
5/1/2023 23:33,12.035589,0.9237073
5/1/2023 23:48,12.9586,0.9123307
5/2/2023 0:03,12.54503,0.8989959
5/2/2023 0:18,13.38973,0.8928247
5/2/2023 0:33,11.21533,0.8905756
5/2/2023 0:48,11.05562,0.8811851
5/2/2023 1:03,11.43822,0.8722571
5/2/2023 1:18,9.746708,0.8669357
5/2/2023 1:33,12.74232,0.8750846
5/2/2023 1:48,11.85979,0.866438
5/2/2023 2:03,11.11243,0.8531026
5/2/2023 2:18,11.66823,0.8425119
5/2/2023 2:33,15.53117,0.8320345
5/2/2023 2:48,11.07182,0.8140801
5/2/2023 3:03,13.83175,0.8223988
5/2/2023 3:18,11.09253,0.8184591
5/2/2023 3:33,10.42986,0.8096134
5/2/2023 3:48,11.27569,0.7923664
5/2/2023 4:03,13.17218,0.7964228
5/2/2023 4:18,9.631762,0.7934241
5/2/2023 4:33,8.64223,0.7815213
5/2/2023 4:48,8.60406,0.7799721
5/2/2023 5:03,11.67595,0.7605173
5/2/2023 5:18,10.78448,0.758931
5/2/2023 5:33,10.54909,0.7591471
5/2/2023 5:48,9.842529,0.7458143
5/2/2023 6:03,11.38141,0.7460865
5/2/2023 6:18,10.5345,0.7350034
5/2/2023 6:33,11.59677,0.7407348
5/2/2023 6:48,8.172023,0.7430485
5/2/2023 7:03,8.43264,0.729036
5/2/2023 7:18,9.922296,0.7344953
5/2/2023 7:33,8.819108,0.7338235
5/2/2023 7:48,8.533856,0.7264954
5/2/2023 8:03,11.71268,0.718424
5/2/2023 8:18,8.274945,0.7217004
5/2/2023 8:33,9.332238,0.7189474
5/2/2023 8:48,8.356601,0.7071215
5/2/2023 9:03,8.531556,0.6965554
5/2/2023 9:18,9.149084,0.6848264
5/2/2023 9:33,11.18159,0.6709104
5/2/2023 9:48,8.134563,0.6640087
5/2/2023 10:03,7.993521,0.6609764
5/2/2023 10:18,8.079539,0.6654402
5/2/2023 10:33,9.995439,0.6559669
5/2/2023 10:48,9.610614,0.6451257
5/2/2023 11:03,9.270699,0.6458149
5/2/2023 11:18,8.643503,0.6488125
5/2/2023 11:33,8.355748,0.6409704
5/2/2023 11:48,8.322015,0.6411691
5/2/2023 12:03,8.377201,0.6386427
5/2/2023 12:18,7.787125,0.642193
5/2/2023 12:33,7.591817,0.6363434
5/2/2023 12:48,8.010839,0.6435314
5/2/2023 13:03,8.137634,0.640753
5/2/2023 13:18,10.3797,0.6382475
5/2/2023 13:33,9.149322,0.63916
5/2/2023 13:48,10.2990237,0.6385384
5/2/2023 14:03,9.400315,0.6388103
5/2/2023 14:18,9.379801,0.6374908
5/2/2023 14:33,9.583189,0.6399509
5/2/2023 14:48,11.24848,0.6403625
5/2/2023 15:03,10.45743,0.6440334
5/2/2023 15:18,12.53512,0.6461863
5/2/2023 15:33,9.23471,0.6449744
5/2/2023 15:48,12.77158,0.648343
5/2/2023 16:03,9.74853,0.6655549
5/2/2023 16:18,10.67534,0.6808102
5/2/2023 16:33,9.766187,0.6938117
5/2/2023 16:48,10.73016,0.7161423
5/2/2023 17:03,10.43256,0.725121
5/2/2023 17:18,13.24071,0.7435303
5/2/2023 17:33,10.918,0.7547169
5/2/2023 17:48,10.1867,0.760675
5/2/2023 18:03,10.834,0.7763808
5/2/2023 18:18,13.15434,0.772191
5/2/2023 18:33,13.93764,0.7854329
5/2/2023 18:48,13.66148,0.8093477
5/2/2023 19:03,9.142584,0.8010163
5/2/2023 19:18,13.65477,0.8224363
5/2/2023 19:33,13.57258,0.8259325
5/2/2023 19:48,15.17848,0.8369602
5/2/2023 20:03,9.374162,0.843156
5/2/2023 20:18,9.919953,0.8381494
5/2/2023 20:33,9.28618,0.8384993
5/2/2023 20:48,10.4245,0.8304928
5/2/2023 21:03,11.19568,0.8274707
5/2/2023 21:18,11.2843699,0.8265407
5/2/2023 21:33,8.585553,0.8222271
5/2/2023 21:48,9.99284135,0.8195605
5/2/2023 22:03,10.86822,0.8052017
5/2/2023 22:18,9.359977,0.8074095
5/2/2023 22:33,13.61311,0.7890959
5/2/2023 22:48,11.31981,0.7910383
5/2/2023 23:03,10.27307,0.792339
5/2/2023 23:18,9.336848,0.787495
5/2/2023 23:33,9.201537,0.7824585
5/2/2023 23:48,11.65492,0.7764266
5/3/2023 0:03,8.081442,0.7725039
5/3/2023 0:18,10.01986,0.7579676
5/3/2023 0:33,10.07626,0.7627026
5/3/2023 0:48,9.8411196,0.7588527
5/3/2023 1:03,9.601491,0.7510002
5/3/2023 1:18,10.35467,0.7423709
5/3/2023 1:33,15.24347,0.7401065
5/3/2023 1:48,6.751812,0.7188311
5/3/2023 2:03,7.378477,0.730531
5/3/2023 2:18,9.379317,0.7268928
5/3/2023 2:33,7.26023,0.7228245
5/3/2023 2:48,8.494553,0.715565
5/3/2023 3:03,10.38859,0.7105204
5/3/2023 3:18,7.855587,0.6982286
5/3/2023 3:33,7.553725,0.6981707
5/3/2023 3:48,9.508802,0.6989865
5/3/2023 4:03,7.705576,0.6893235
5/3/2023 4:18,7.567307,0.6877849
5/3/2023 4:33,7.9107867,0.6764413
5/3/2023 4:48,7.641668,0.6764854
5/3/2023 5:03,7.60474,0.6714376
5/3/2023 5:18,7.628159,0.6693833
5/3/2023 5:33,6.977424,0.6591908
5/3/2023 5:48,10.45986,0.6620607
5/3/2023 6:03,9.711257,0.6570359
5/3/2023 6:18,9.792486,0.6590269
5/3/2023 6:33,8.526487,0.6518967
5/3/2023 6:48,7.391044,0.6589868
5/3/2023 7:03,6.523343,0.6527242
5/3/2023 7:18,7.326083,0.6496322
5/3/2023 7:33,10.57983,0.641681
5/3/2023 7:48,11.06892,0.6427725
5/3/2023 8:03,8.110733,0.6440167
5/3/2023 8:18,10.7970669,0.6406177
5/3/2023 8:33,10.42082,0.6384738
5/3/2023 8:48,6.77101,0.6299528
5/3/2023 9:03,7.54799008,0.6299434
5/3/2023 9:18,11.85549,0.6300507
5/3/2023 9:33,8.45437,0.6214092
5/3/2023 9:48,12.60444,0.6190034
5/3/2023 10:03,8.51883,0.6161556
5/3/2023 10:18,11.70617,0.6168399
5/3/2023 10:33,9.318763,0.6135343
5/3/2023 10:48,7.62254,0.6117486
5/3/2023 11:03,8.165925,0.6050254
5/3/2023 11:18,7.6296136,0.6152045
5/3/2023 11:33,6.09681708,0.6147465
5/3/2023 11:48,5.503667,0.6145351
5/3/2023 12:03,5.11165636,0.572105
5/3/2023 12:18,4.031190644,0.652302
5/3/2023 12:33,7.737209,0.5950008
5/3/2023 12:48,8.19889,0.5920487
5/3/2023 13:03,10.52976,0.5970162
5/3/2023 13:18,11.62291319,0.6129703
5/3/2023 13:33,8.315585,0.6147854
5/3/2023 13:48,12.15642,0.6233844
5/3/2023 14:03,9.682214,0.6254832
5/3/2023 14:18,10.16955,0.6254201
5/3/2023 14:33,9.927307223,0.6371586
5/3/2023 14:48,14.25364,0.6419788
5/3/2023 15:03,14.34972,0.6432962
5/3/2023 15:18,15.32367,0.6769373
5/3/2023 15:33,16.3139,0.6960092
5/3/2023 15:48,17.2994,0.7179054
5/3/2023 16:03,19.74068,0.7443061
5/3/2023 16:18,26.27082,0.7429581
5/3/2023 16:33,18.82015,0.7828559
5/3/2023 16:48,23.884166,0.8136879
5/3/2023 17:03,22.63271,0.8229048
5/3/2023 17:18,23.79452,0.8572174
5/3/2023 17:33,25.10996,0.8572451
5/3/2023 17:48,29.27086,0.8858665
5/3/2023 18:03,32.96109,0.901336
5/3/2023 18:18,25.08804,0.9092181
5/3/2023 18:33,22.34838,0.9291048
5/3/2023 18:48,22.1268,0.933636
5/3/2023 19:03,26.28832,0.9251593
5/3/2023 19:18,22.0967,0.9365255
5/3/2023 19:33,21.18748,0.9378499
5/3/2023 19:48,22.103966,0.9381528
5/3/2023 20:03,17.86552,0.9356287
5/3/2023 20:18,21.82272,0.9200647
5/3/2023 20:33,15.94303,0.9408905
5/3/2023 20:48,18.0678,0.9132727
5/3/2023 21:03,26.38901,0.953746
5/3/2023 21:18,24.005234,0.9454232
5/3/2023 21:33,25.6888612,0.938208
5/3/2023 21:48,18.41791,0.9337676
5/3/2023 22:03,15.9023,0.9336188
5/3/2023 22:18,20.26056,0.9279202
5/3/2023 22:33,15.38238,0.9158046
5/3/2023 22:48,13.72245,0.901788
5/3/2023 23:03,13.763868,0.9047422
5/3/2023 23:18,14.09949,0.89196
5/3/2023 23:33,13.18584,0.89183
5/3/2023 23:48,9.960114,0.8833688
5/4/2023 0:03,13.0214,0.8780321
5/4/2023 0:18,10.81669,0.8644566
5/4/2023 0:33,13.14338,0.8536932
5/4/2023 0:48,10.80864,0.8494662
5/4/2023 1:03,10.12878,0.8301531
5/4/2023 1:18,9.667968,0.8373113
5/4/2023 1:33,9.3194784,0.8294134
5/4/2023 1:48,11.53787,0.8242919
5/4/2023 2:03,14.40467,0.8186151
5/4/2023 2:18,8.762831,0.8106344
5/4/2023 2:33,9.203925,0.7991458
5/4/2023 2:48,7.347425,0.7941067
5/4/2023 3:03,10.9296,0.7901632
5/4/2023 3:18,12.91188,0.7812113
5/4/2023 3:33,9.305939,0.7790369
5/4/2023 3:48,9.618591,0.772612
5/4/2023 4:03,8.820584,0.764289
5/4/2023 4:18,7.767972,0.7590727
5/4/2023 4:33,6.4530419,0.750183
5/4/2023 4:48,9.924205,0.7440238
5/4/2023 5:03,8.14868,0.7493388
5/4/2023 5:18,9.127465,0.7328398
5/4/2023 5:33,9.432589,0.7331164
5/4/2023 5:48,10.73748,0.7289265
5/4/2023 6:03,7.703901,0.7158505
5/4/2023 6:18,9.172017,0.7084394
5/4/2023 6:33,8.183257,0.7214381
5/4/2023 6:48,7.760809,0.7133323
5/4/2023 7:03,9.270577,0.7143962
5/4/2023 7:18,8.9347554,0.71297
5/4/2023 7:33,8.118696,0.6933903
5/4/2023 7:48,10.1494,0.7030661
5/4/2023 8:03,10.70787,0.6869321
5/4/2023 8:18,7.995232,0.6922264
5/4/2023 8:33,8.351997,0.6775036
5/4/2023 8:48,9.721349,0.6640779
5/4/2023 9:03,8.248469,0.6517607
5/4/2023 9:18,7.916771,0.6482425
5/4/2023 9:33,6.987464,0.6449496
5/4/2023 9:48,6.574444,0.6411292
5/4/2023 10:03,6.145181,0.6303358
5/4/2023 10:18,6.380826,0.6310594
5/4/2023 10:33,8.434044,0.6257085
5/4/2023 10:48,6.643929,0.6213106
5/4/2023 11:03,9.28313,0.6202015
5/4/2023 11:18,11.03049,0.7029464
5/4/2023 11:33,9.465386,0.5555394
5/4/2023 11:48,8.136426,0.6278272
5/4/2023 12:03,9.805611,0.6212786
5/4/2023 12:18,10.33353,0.5678808
5/4/2023 12:33,8.770783,0.6148416
5/4/2023 12:48,9.991178,0.6051367
5/4/2023 13:03,8.102647,0.620227
5/4/2023 13:18,7.574886,0.6261023
5/4/2023 13:33,8.150357,0.6299324
5/4/2023 13:48,9.357951,0.63271
5/4/2023 14:03,10.46689,0.6343498
5/4/2023 14:18,9.915565,0.6412935
5/4/2023 14:33,8.474018,0.641027
5/4/2023 14:48,12.82107,0.6458324
5/4/2023 15:03,9.946012,0.6499732
5/4/2023 15:18,10.8838357,0.6760616
5/4/2023 15:33,11.36595,0.694966
5/4/2023 15:48,10.05735,0.712659
5/4/2023 16:03,12.95011,0.7200693
5/4/2023 16:18,20.28949,0.7398146
5/4/2023 16:33,11.60558,0.7445061
5/4/2023 16:48,16.467116,0.778533
5/4/2023 17:03,21.08,0.7956346
5/4/2023 17:18,11.85278,0.7960203
5/4/2023 17:33,14.0392932,0.8290452
5/4/2023 17:48,13.17897,0.8369229
5/4/2023 18:03,16.58337,0.8550356
5/4/2023 18:18,13.46904,0.8637927
5/4/2023 18:33,13.48439,0.8717033
5/4/2023 18:48,11.69305,0.8719607
5/4/2023 19:03,14.72665,0.8845758
5/4/2023 19:18,12.344471,0.8804564
5/4/2023 19:33,12.8414568,0.8844547
5/4/2023 19:48,12.82766994,0.8712855
5/4/2023 20:03,13.15825,0.8779467
5/4/2023 20:18,11.07019,0.8717602
5/4/2023 20:33,8.686936,0.8690966
5/4/2023 20:48,5.1892128,0.858715
5/4/2023 21:03,9.588051,0.8540019
5/4/2023 21:18,5.6321154,0.8524411
5/4/2023 21:33,12.3276,0.8418666
5/4/2023 21:48,12.37101,0.8403485
5/4/2023 22:03,12.44886,0.8341233
5/4/2023 22:18,8.041333,0.8342644
5/4/2023 22:33,11.64609224,0.8259881
5/4/2023 22:48,9.790597,0.8103316
5/4/2023 23:03,9.07050032,0.7937242
5/4/2023 23:18,8.697239904,0.7979589
5/4/2023 23:33,11.2662,0.7846254
5/4/2023 23:48,9.28086,0.7821788
5/5/2023 0:03,9.973947149,0.7540274
5/5/2023 0:18,10.44803,0.7643376
5/5/2023 0:33,7.365586,0.7632716
5/5/2023 0:48,7.82419,0.7556876
5/5/2023 1:03,9.675036,0.7393695
5/5/2023 1:18,8.750368,0.7402121
5/5/2023 1:33,8.184858,0.7366602
5/5/2023 1:48,9.1294242,0.7284034
5/5/2023 2:03,8.52219,0.7237371
5/5/2023 2:18,8.188233,0.7018176
5/5/2023 2:33,8.31893324,0.7103988
5/5/2023 2:48,7.813164,0.7039838
5/5/2023 3:03,7.54365574,0.6964583
5/5/2023 3:18,9.11863,0.6922396
5/5/2023 3:33,6.037328,0.688026
5/5/2023 3:48,9.579277,0.6859627
5/5/2023 4:03,13.94164,0.675052
5/5/2023 4:18,9.584577,0.67109
5/5/2023 4:33,12.3031522,0.663959
5/5/2023 4:48,8.164273,0.6550492
5/5/2023 5:03,7.595036,0.6579624
5/5/2023 5:18,6.08368204,0.6537895
5/5/2023 5:33,10.62987,0.6489271
5/5/2023 5:48,6.604573,0.6504449
5/5/2023 6:03,11.01469,0.6470994
5/5/2023 6:18,7.902999,0.6469553
5/5/2023 6:33,9.228065,0.6469803
5/5/2023 6:48,6.737147,0.6451647
5/5/2023 7:03,7.397055,0.6413606
5/5/2023 7:18,5.9356546,0.6474419
5/5/2023 7:33,6.759488,0.6400163
5/5/2023 7:48,8.899113,0.6372373
5/5/2023 8:03,9.586823,0.634491
5/5/2023 8:18,7.391745,0.6338876
5/5/2023 8:33,5.020374,0.6304955
5/5/2023 8:48,7.570528,0.6241373
5/5/2023 9:03,7.307707,0.5929276
5/5/2023 9:18,6.0616007,0.6136001
5/5/2023 9:33,7.607892,0.6160294
5/5/2023 9:48,6.391671,0.6115649
5/5/2023 10:03,7.674573,0.6083192
5/5/2023 10:18,5.739671,0.6030052
5/5/2023 10:33,9.991687,0.5960091
5/5/2023 10:48,8.871471,0.60221
5/5/2023 11:03,7.436053,0.5875695
5/5/2023 11:18,7.061175,0.5642751
5/5/2023 11:33,4.762828,0.56665975
5/5/2023 11:48,7.550885,0.5690444
5/5/2023 12:03,13.04246,0.59330425
5/5/2023 12:18,6.455643,0.6175641
5/5/2023 12:33,4.800074,0.4926312
5/5/2023 12:48,11.9195,0.6384408
5/5/2023 13:03,6.475691,0.5905237
5/5/2023 13:18,10.64009,0.5927097
5/5/2023 13:33,12.37666,0.594543
5/5/2023 13:48,16.02237,0.5955043
5/5/2023 14:03,8.267097,0.5778019
5/5/2023 14:18,4.792728,0.5007167
5/5/2023 14:33,10.3412,0.5935246
5/5/2023 14:48,7.938984,0.6078003
5/5/2023 15:03,9.009037,0.6144983
5/5/2023 15:18,11.6176,0.6169796
5/5/2023 15:33,11.5425,0.6236132
5/5/2023 15:48,7.908739,0.6211272
5/5/2023 16:03,9.904292,0.6383142
5/5/2023 16:18,10.98719,0.634593
5/5/2023 16:33,10.1504,0.6475937
5/5/2023 16:48,10.1868995,0.6440368
5/5/2023 17:03,15.1297,0.6695099
5/5/2023 17:18,8.413266,0.6888887
5/5/2023 17:33,10.9229267,0.7110682
5/5/2023 17:48,4.097848,0
5/5/2023 18:03,1.727976,0.000691939
5/5/2023 18:18,1.817603,0.002206866
5/5/2023 18:33,1.845538,0.003912181
5/5/2023 18:48,1.92059,0.004476111
5/5/2023 19:03,1.887714,0.00543081
5/5/2023 19:18,1.848821,0.004553545
5/5/2023 19:33,1.915133,0.005404264
5/5/2023 19:48,1.911515,0.005018782
5/5/2023 20:03,1.91224,0.008043889
5/5/2023 20:18,1.903384,0.006614175
5/5/2023 20:33,1.82431,0.007541232
5/5/2023 20:48,1.936445,0.003758643
5/5/2023 21:03,1.9439,0.00405715
5/5/2023 21:18,2.029287,0.003660936
5/5/2023 21:33,2.040887,0.005029742
5/5/2023 21:48,2.071622,0.003451169
5/5/2023 22:03,2.086877,0.002926305
5/5/2023 22:18,2.105397,0.002621479
5/5/2023 22:33,2.0636,0.004313745
5/5/2023 22:48,2.042372,0.004386198
5/5/2023 23:03,2.05838,0.002352748
5/5/2023 23:18,2.022457,0.003360536
5/5/2023 23:33,1.999996,0.00340233
5/5/2023 23:48,2.060721,0.003813334
5/6/2023 0:03,1.99646,0.003464397
5/6/2023 0:18,2.028944,0.004040353
5/6/2023 0:33,2.011345,0.002982095
5/6/2023 0:48,1.98746,0.003907818
5/6/2023 1:03,1.969023,0.004063372
5/6/2023 1:18,1.97763,0.004105899
5/6/2023 1:33,1.974062,0.005601935
5/6/2023 1:48,2.007402,0.003909059
5/6/2023 2:03,1.968113,0.006322883
5/6/2023 2:18,1.955623,0.005352806
5/6/2023 2:33,1.951985,0.00489217
5/6/2023 2:48,1.941144,0.005158335
5/6/2023 3:03,1.931729,0.006291404
5/6/2023 3:18,1.964237,0.003702767
5/6/2023 3:33,1.980227,0.005573492
5/6/2023 3:48,1.909877,0.00466866
5/6/2023 4:03,1.94603,0.0061002
5/6/2023 4:18,1.938759,0.005444124
5/6/2023 4:33,1.961849,0.005751029
5/6/2023 4:48,1.87434,0.005656522
5/6/2023 5:03,1.912886,0.004262317
5/6/2023 5:18,1.93846,0.00595285
5/6/2023 5:33,1.901665,0.004302971
5/6/2023 5:48,1.904407,0.005533647
5/6/2023 6:03,1.864888,0.006841328
5/6/2023 6:18,1.904011,0.004641935
5/6/2023 6:33,1.841375,0.00359622
5/6/2023 6:48,1.85787,0.003827948
5/6/2023 7:03,1.841942,0.004223492
5/6/2023 7:18,1.83413,0.006341472
5/6/2023 7:33,1.83071,0.005545087
5/6/2023 7:48,1.849832,0.004960191
5/6/2023 8:03,1.81902,0.005759485
5/6/2023 8:18,1.804992,0.005639292
5/6/2023 8:33,1.822875,0.006336465
5/6/2023 8:48,1.830437,0.005396262
5/6/2023 9:03,1.809927,0.005680528
5/6/2023 9:18,1.880584,0.005133312
5/6/2023 9:33,1.848591,0.005181231
5/6/2023 9:48,1.819845,0.005302567
5/6/2023 10:03,1.81987,0.005695466
5/6/2023 10:18,1.844145,0.004888773
5/6/2023 10:33,1.882141,0.005495448
5/6/2023 10:48,1.922243,0.00405677
5/6/2023 11:03,1.891701,0.003216133
5/6/2023 11:18,1.937098,0.004074387
5/6/2023 11:33,1.956723,0.003172714
5/6/2023 11:48,1.962289,0.003609423
5/6/2023 12:03,1.970315,0.004818205
5/6/2023 12:18,1.991825,0.003759805
5/6/2023 12:33,1.985285,0.00414218
5/6/2023 12:48,2.02471,0.00430866
5/6/2023 13:03,2.009352,0.00243111
5/6/2023 13:18,2.051405,0.004094407
5/6/2023 13:33,2.044331,0.004219294
5/6/2023 13:48,2.070819,0.003948186
5/6/2023 14:03,2.014093,0.003518488
5/6/2023 14:18,2.07492,0.002016462
5/6/2023 14:33,2.035027,0.002563056
5/6/2023 14:48,2.07268,0.003263883
5/6/2023 15:03,2.078411,0.003371183
5/6/2023 15:18,2.122577,0.004124112
5/6/2023 15:33,2.150177,0.002632957
5/6/2023 15:48,2.124975,0.002106611
5/6/2023 16:03,2.078768,0.000429448
5/6/2023 16:18,2.097358,0.001289845
5/6/2023 16:33,2.134719,0.000559222
5/6/2023 16:48,2.097813,0
5/6/2023 17:03,1.997934,0
5/6/2023 17:18,1.95415,0
5/6/2023 17:33,1.907858,0
5/6/2023 17:48,1.86913,0
5/6/2023 18:03,1.835205,0
5/6/2023 18:18,1.796833,0
5/6/2023 18:33,1.723718,0
5/6/2023 18:48,1.722389,0
5/6/2023 19:03,1.715735,0
