Time,Max Amp,Dmax (mm)
8/3/2022 15:01,0.02275734,65.82286562
8/8/2022 14:31,0.032275769,48.45276
8/8/2022 14:46,0.039279705,51.44539
8/8/2022 15:01,0.036602438,47.15870
8/8/2022 15:16,0.031495097,45.53775
8/8/2022 15:31,0.035291895,48.78587
8/8/2022 15:46,0.031356354,46.15193
8/8/2022 16:01,0.029670698,48.45346
8/8/2022 16:16,0.02763766,48.40794
8/8/2022 16:31,0.029751022,53.36864
8/8/2022 16:46,0.025124162,49.02176
8/8/2022 17:01,0.01474807,47.98674
8/8/2022 17:16,0.012178517,50.53585
8/8/2022 17:31,0.010405898,51.42397
8/8/2022 17:46,0.007059077,44.47048
8/8/2022 18:01,0.008795458,47.77387
7/29/2023 15:45,0.18101,54.03914124
9/14/2023 22:45,0.027577,43.9590
9/14/2023 23:00,0.018347,40.3257
,,
,,
,,
,,
,,
,,
,,
,,
,,
,,
,,
,,
,,
,,
,,
,,
,,
,,
,,
,,
,,
,,
,,
,,
,,
,,
,,
,,
,,
,,
,,
,,
,,
,,
,,
,,
,,
,,
,,
,,
,,
,,
,,
,,
,,
,,
,,
,,
,,
,,
,,
,,
,,
,,
,,
,,
,,
,,
,,
,,
,,
,,
,,
,,
,,
,,
,,
,,
,,
,,
,,
,,
,,
,,
,,
,,
,,
,,
,,
,,
,,
,,
,,
,,
,,
,,
,,
,,
,,
,,
,,
,,
,,
,,
,,
,,
,,
,,
,,
,,
,,
,,
,,
,,
,,
,,
,,
,,
,,
,,
,,
,,
,,
,,
,,
,,
,,
,,
,,
,,
,,
,,
,,
,,
,,
,,
,,
,,
,,
,,
,,
,,
