Date (MM/DD/YYYY),Time (HH:mm:ss),fDOM RFU,Turbidity FNU
8/3/2022,10:15:00,14.31,2.27
8/3/2022,10:15:01,14.3,2.34
8/3/2022,10:15:02,14.29,2.37
8/3/2022,10:15:03,14.29,2.44
8/3/2022,10:15:04,14.28,2.52
8/3/2022,10:15:05,14.27,2.59
8/3/2022,10:15:06,14.26,2.67
8/3/2022,10:15:07,14.24,2.84
8/3/2022,10:15:08,14.23,2.96
8/3/2022,10:15:09,14.22,3.07
8/3/2022,10:15:10,14.21,3.27
8/3/2022,10:15:11,14.2,3.4
8/3/2022,10:15:12,14.19,3.48
8/3/2022,10:15:13,14.18,3.56
8/3/2022,10:15:14,14.17,3.65
8/3/2022,10:15:15,14.16,3.75
8/3/2022,10:15:16,14.15,3.7
8/3/2022,10:15:17,14.14,3.73
8/3/2022,10:15:18,14.13,3.78
8/3/2022,10:15:19,14.12,3.72
8/3/2022,10:15:20,14.11,3.73
8/3/2022,10:15:21,14.1,3.74
8/3/2022,10:15:22,14.1,3.71
8/3/2022,10:15:23,14.09,3.7
8/3/2022,10:15:24,14.08,3.75
8/3/2022,10:15:25,14.07,3.72
8/3/2022,10:15:26,14.06,3.72
8/3/2022,10:15:27,14.06,3.74
8/3/2022,10:15:28,14.05,3.76
8/3/2022,10:15:29,14.05,3.81
8/3/2022,10:15:30,14.04,3.79
8/3/2022,10:15:31,14.04,3.78
8/3/2022,10:15:32,14.03,3.79
8/3/2022,10:15:33,14.03,3.8
8/3/2022,10:15:34,14.02,3.81
8/3/2022,10:15:35,14.01,3.83
8/3/2022,10:15:36,14.01,3.82
8/3/2022,10:15:37,14.01,3.8
8/3/2022,10:15:38,14.01,3.8
8/3/2022,10:15:39,14.01,3.74
8/3/2022,10:15:40,14.01,3.72
8/3/2022,10:15:41,14.01,3.67
8/3/2022,10:15:42,14.01,3.64
8/3/2022,10:15:43,14.01,3.58
8/3/2022,10:15:44,14.01,3.53
8/3/2022,10:15:45,14.01,3.53
8/3/2022,10:15:46,14.01,3.56
8/3/2022,10:15:47,14.01,3.53
8/3/2022,10:15:48,14.01,3.49
8/3/2022,10:15:49,14.01,3.51
8/3/2022,10:15:50,14.01,3.47
8/3/2022,10:15:51,14.02,3.46
8/3/2022,10:15:52,14.02,3.42
8/3/2022,10:15:53,14.02,3.37
8/3/2022,10:15:54,14.03,3.33
8/3/2022,10:15:55,14.03,3.31
8/3/2022,10:15:56,14.04,3.3
8/3/2022,10:15:57,14.04,3.27
8/3/2022,10:15:58,14.04,3.22
8/3/2022,10:15:59,14.05,3.19
8/3/2022,10:16:00,14.05,3.12
8/3/2022,10:16:01,14.05,3
8/3/2022,10:16:02,14.05,2.96
8/3/2022,10:16:03,14.05,2.95
8/3/2022,10:16:04,14.06,2.86
8/3/2022,10:16:05,14.06,2.81
8/3/2022,10:16:06,14.07,2.79
8/3/2022,10:16:07,14.07,2.77
8/3/2022,10:16:08,14.07,2.74
8/3/2022,10:16:09,14.08,2.73
8/3/2022,10:16:10,14.08,2.71
8/3/2022,10:16:11,14.08,2.66
8/3/2022,10:16:12,14.09,2.67
8/3/2022,10:16:13,14.09,2.66
8/3/2022,10:16:14,14.09,2.63
8/3/2022,10:16:15,14.09,2.63
8/3/2022,10:16:16,14.09,2.63
8/3/2022,10:16:17,14.09,2.63
8/3/2022,10:16:18,14.09,2.6
8/3/2022,10:16:19,14.09,2.6
8/3/2022,10:16:20,14.09,2.66
8/3/2022,10:16:21,14.09,2.69
8/3/2022,10:16:22,14.08,2.7
8/3/2022,10:16:23,14.08,2.72
8/3/2022,10:16:24,14.08,2.72
8/3/2022,10:16:25,14.08,2.72
8/3/2022,10:16:26,14.08,2.72
8/3/2022,10:16:27,14.08,2.71
8/3/2022,10:16:28,14.08,2.69
8/3/2022,10:16:29,14.08,2.71
8/3/2022,10:16:30,14.07,2.72
8/3/2022,10:16:31,14.07,2.71
8/3/2022,10:16:32,14.07,2.71
8/3/2022,10:16:33,14.07,2.69
8/3/2022,10:16:34,14.07,2.65
8/3/2022,10:16:35,14.07,2.59
8/3/2022,10:16:36,14.07,2.57
8/3/2022,10:16:37,14.07,2.5
8/3/2022,10:16:38,14.07,2.48
8/3/2022,10:16:39,14.07,2.45
8/3/2022,10:16:40,14.08,2.39
8/3/2022,10:16:41,14.08,2.38
8/3/2022,10:16:42,14.09,2.35
8/3/2022,10:16:43,14.09,2.37
8/3/2022,10:16:44,14.09,2.36
8/3/2022,10:16:45,14.09,2.33
8/3/2022,10:16:46,14.1,2.3
8/3/2022,10:16:47,14.1,2.32
8/3/2022,10:16:48,14.1,2.32
8/3/2022,10:16:49,14.1,2.33
8/3/2022,10:16:50,14.1,2.3
8/3/2022,10:16:51,14.1,2.29
8/3/2022,10:16:52,14.1,2.3
8/3/2022,10:16:53,14.1,2.29
8/3/2022,10:16:54,14.11,2.3
8/3/2022,10:16:55,14.11,2.32
8/3/2022,10:16:56,14.11,2.37
8/3/2022,10:16:57,14.11,2.36
8/3/2022,10:16:58,14.11,2.34
8/3/2022,10:16:59,14.1,2.32
8/3/2022,10:17:00,14.1,2.31
8/3/2022,10:17:01,14.1,2.31
8/3/2022,10:17:02,14.1,2.3
8/3/2022,10:17:03,14.11,2.29
8/3/2022,10:17:04,14.11,2.27
8/3/2022,10:17:05,14.11,2.26
8/3/2022,10:17:06,14.11,2.27
8/3/2022,10:17:07,14.1,2.31
8/3/2022,10:17:08,14.1,2.31
8/3/2022,10:17:09,14.1,2.32
8/3/2022,10:17:10,14.1,2.29
8/3/2022,10:17:11,14.1,2.25
8/3/2022,10:17:12,14.1,2.25
8/3/2022,10:17:13,14.1,2.24
8/3/2022,10:17:14,14.1,2.26
8/3/2022,10:17:15,14.1,2.25
8/3/2022,10:17:16,14.1,2.25
8/3/2022,10:17:17,14.11,2.26
8/3/2022,10:17:18,14.11,2.26
8/3/2022,10:17:19,14.11,2.24
8/3/2022,10:17:20,14.11,2.25
8/3/2022,10:17:21,14.11,2.24
8/3/2022,10:17:22,14.1,2.22
8/3/2022,10:17:23,14.1,2.23
8/3/2022,10:17:24,14.11,2.2
8/3/2022,10:17:25,14.11,2.23
8/3/2022,10:17:26,14.1,2.25
8/3/2022,10:17:27,14.1,2.26
8/3/2022,10:17:28,14.11,2.26
8/3/2022,10:17:29,14.11,2.24
8/3/2022,10:17:30,14.11,2.25
8/3/2022,10:17:31,14.1,2.24
8/3/2022,10:17:32,14.1,2.23
8/3/2022,10:17:33,14.1,2.23
8/3/2022,10:17:34,14.1,2.22
8/3/2022,10:17:35,14.1,2.21
8/3/2022,10:17:36,14.1,2.2
8/3/2022,10:17:37,14.09,2.2
8/3/2022,10:17:38,14.1,2.19
8/3/2022,10:17:39,14.1,2.22
8/3/2022,10:17:40,14.1,2.22
8/3/2022,10:17:41,14.1,2.21
8/3/2022,10:17:42,14.1,2.22
8/3/2022,10:17:43,14.1,2.23
8/3/2022,10:17:44,14.1,2.23
8/3/2022,10:17:45,14.1,2.25
8/3/2022,10:17:46,14.1,2.25
8/3/2022,10:17:47,14.1,2.25
8/3/2022,10:17:48,14.1,2.26
8/3/2022,10:17:49,14.1,2.25
8/3/2022,10:17:50,14.1,2.24
8/3/2022,10:17:51,14.1,2.23
8/3/2022,10:17:52,14.1,2.23
8/3/2022,10:17:53,14.11,2.22
8/3/2022,10:17:54,14.11,2.2
8/3/2022,10:17:55,14.11,2.21
8/3/2022,10:17:56,14.11,2.19
8/3/2022,10:17:57,14.12,2.18
8/3/2022,10:17:58,14.11,2.19
8/3/2022,10:17:59,14.11,2.18
8/3/2022,10:18:00,14.12,2.17
8/3/2022,10:18:01,14.12,2.17
8/3/2022,10:18:02,14.12,2.17
8/3/2022,10:18:03,14.13,2.17
8/3/2022,10:18:04,14.14,2.18
8/3/2022,10:18:05,14.13,2.18
8/3/2022,10:18:06,14.13,2.19
8/3/2022,10:18:07,14.13,2.19
8/3/2022,10:18:08,14.14,2.19
8/3/2022,10:18:09,14.14,2.18
8/3/2022,10:18:10,14.14,2.17
8/3/2022,10:18:11,14.14,2.18
8/3/2022,10:18:12,14.14,2.15
8/3/2022,10:18:13,14.13,2.14
8/3/2022,10:18:14,14.13,2.15
8/3/2022,10:18:15,14.13,2.17
8/3/2022,10:18:16,14.13,2.16
8/3/2022,10:18:17,14.14,2.17
8/3/2022,10:18:18,14.14,2.2
8/3/2022,10:18:19,14.14,2.2
8/3/2022,10:18:20,14.14,2.2
8/3/2022,10:18:21,14.15,2.22
8/3/2022,10:18:22,14.15,2.22
8/3/2022,10:18:23,14.15,2.23
8/3/2022,10:18:24,14.15,2.22
8/3/2022,10:18:25,14.15,2.24
8/3/2022,10:18:26,14.15,2.23
8/3/2022,10:18:27,14.15,2.25
8/3/2022,10:18:28,14.15,2.26
8/3/2022,10:18:29,14.16,2.26
8/3/2022,10:18:30,14.16,2.23
8/3/2022,10:18:31,14.17,2.18
8/3/2022,10:18:32,14.17,2.19
8/3/2022,10:18:33,14.17,2.15
8/3/2022,10:18:34,14.18,2.15
8/3/2022,10:18:35,14.19,2.16
8/3/2022,10:18:36,14.18,2.12
8/3/2022,10:18:37,14.18,2.14
8/3/2022,10:18:38,14.18,2.14
8/3/2022,10:18:39,14.18,2.16
8/3/2022,10:18:40,14.17,2.14
8/3/2022,10:18:41,14.17,2.16
8/3/2022,10:18:42,14.17,2.14
8/3/2022,10:18:43,14.18,2.14
8/3/2022,10:18:44,14.17,2.14
8/3/2022,10:18:45,14.17,2.15
8/3/2022,10:18:46,14.19,2.17
8/3/2022,10:18:47,14.19,2.17
8/3/2022,10:18:48,14.19,2.16
8/3/2022,10:18:49,14.19,2.19
8/3/2022,10:18:50,14.19,2.18
8/3/2022,10:18:51,14.19,2.19
8/3/2022,10:18:52,14.18,2.18
8/3/2022,10:18:53,14.17,2.17
8/3/2022,10:18:54,14.17,2.15
8/3/2022,10:18:55,14.17,2.17
8/3/2022,10:18:56,14.17,2.17
8/3/2022,10:18:57,14.16,2.2
8/3/2022,10:18:58,14.16,2.2
8/3/2022,10:18:59,14.16,2.2
8/3/2022,10:19:00,14.17,2.16
8/3/2022,10:19:01,14.16,2.16
8/3/2022,10:19:02,14.15,2.17
8/3/2022,10:19:03,14.14,2.16
8/3/2022,10:19:04,14.15,2.17
8/3/2022,10:19:05,14.15,2.19
8/3/2022,10:19:06,14.15,2.2
8/3/2022,10:19:07,14.14,2.2
8/3/2022,10:19:08,14.14,2.21
8/3/2022,10:19:09,14.15,2.22
8/3/2022,10:19:10,14.14,2.22
8/3/2022,10:19:11,14.13,2.2
8/3/2022,10:19:12,14.14,2.19
8/3/2022,10:19:13,14.14,2.21
8/3/2022,10:19:14,14.14,2.22
8/3/2022,10:19:15,14.14,2.23
8/3/2022,10:19:16,14.15,2.23
8/3/2022,10:19:17,14.15,2.23
8/3/2022,10:19:18,14.15,2.22
8/3/2022,10:19:19,14.14,2.22
8/3/2022,10:19:20,14.15,2.19
8/3/2022,10:19:21,14.15,2.17
8/3/2022,10:19:22,14.15,2.19
8/3/2022,10:19:23,14.16,2.2
8/3/2022,10:19:24,14.14,2.17
8/3/2022,10:19:25,14.14,2.18
8/3/2022,10:19:26,14.13,2.17
8/3/2022,10:19:27,14.13,2.17
8/3/2022,10:19:28,14.13,2.17
8/3/2022,10:19:29,14.12,2.14
8/3/2022,10:19:30,14.12,2.18
8/3/2022,10:19:31,14.12,2.19
8/3/2022,10:19:32,14.12,2.19
8/3/2022,10:19:33,14.13,2.21
8/3/2022,10:19:34,14.12,2.25
8/3/2022,10:19:35,14.12,2.26
8/3/2022,10:19:36,14.12,2.27
8/3/2022,10:19:37,14.12,2.24
8/3/2022,10:19:38,14.1,2.23
8/3/2022,10:19:39,14.11,2.22
8/3/2022,10:19:40,14.11,2.21
8/3/2022,10:19:41,14.11,2.23
8/3/2022,10:19:42,14.12,2.22
8/3/2022,10:19:43,14.12,2.22
8/3/2022,10:19:44,14.12,2.2
8/3/2022,10:19:45,14.12,2.19
8/3/2022,10:19:46,14.13,2.18
8/3/2022,10:19:47,14.13,2.18
8/3/2022,10:19:48,14.13,2.14
8/3/2022,10:19:49,14.13,2.11
8/3/2022,10:19:50,14.13,2.09
8/3/2022,10:19:51,14.14,2.11
8/3/2022,10:19:52,14.13,2.12
8/3/2022,10:19:53,14.12,2.13
8/3/2022,10:19:54,14.13,2.13
8/3/2022,10:19:55,14.12,2.16
8/3/2022,10:19:56,14.12,2.16
8/3/2022,10:19:57,14.12,2.18
8/3/2022,10:19:58,14.12,2.17
8/3/2022,10:19:59,14.12,2.2
8/3/2022,10:20:00,14.1,2.21
8/3/2022,10:20:01,14.09,2.21
8/3/2022,10:20:02,14.09,2.22
8/3/2022,10:20:03,14.07,2.23
8/3/2022,10:20:04,14.08,2.24
8/3/2022,10:20:05,14.08,2.23
8/3/2022,10:20:06,14.08,2.2
8/3/2022,10:20:07,14.07,2.2
8/3/2022,10:20:08,14.08,2.2
8/3/2022,10:20:09,14.09,2.19
8/3/2022,10:20:10,14.08,2.17
8/3/2022,10:20:11,14.07,2.15
8/3/2022,10:20:12,14.08,2.16
8/3/2022,10:20:13,14.08,2.15
8/3/2022,10:20:14,14.08,2.15
8/3/2022,10:20:15,14.08,2.12
8/3/2022,10:20:16,14.08,2.13
8/3/2022,10:20:17,14.09,2.13
8/3/2022,10:20:18,14.1,2.13
8/3/2022,10:20:19,14.1,2.11
8/3/2022,10:20:20,14.1,2.12
8/3/2022,10:20:21,14.1,2.13
8/3/2022,10:20:22,14.1,2.13
8/3/2022,10:20:23,14.1,2.12
8/3/2022,10:20:24,14.11,2.13
8/3/2022,10:20:25,14.1,2.14
8/3/2022,10:20:26,14.1,2.15
8/3/2022,10:20:27,14.1,2.15
8/3/2022,10:20:28,14.09,2.14
8/3/2022,10:20:29,14.07,2.15
8/3/2022,10:20:30,14.07,2.15
8/3/2022,10:20:31,14.08,2.13
8/3/2022,10:20:32,14.08,2.12
8/3/2022,10:20:33,14.08,2.13
8/3/2022,10:20:34,14.08,2.14
8/3/2022,10:20:35,14.07,2.13
8/3/2022,10:20:36,14.06,2.12
8/3/2022,10:20:37,14.05,2.13
8/3/2022,10:20:38,14.05,2.13
8/3/2022,10:20:39,14.04,2.11
8/3/2022,10:20:40,14.04,2.09
8/3/2022,10:20:41,14.05,2.08
8/3/2022,10:20:42,14.05,2.1
8/3/2022,10:20:43,14.04,2.12
8/3/2022,10:20:44,14.04,2.12
8/3/2022,10:20:45,14.03,2.12
8/3/2022,10:20:46,14.03,2.14
8/3/2022,10:20:47,14.03,2.15
8/3/2022,10:20:48,14.03,2.16
8/3/2022,10:20:49,14.04,2.14
8/3/2022,10:20:50,14.04,2.13
8/3/2022,10:20:51,14.03,2.15
8/3/2022,10:20:52,14.02,2.15
8/3/2022,10:20:53,14.02,2.18
8/3/2022,10:20:54,14.01,2.18
8/3/2022,10:20:55,14.01,2.18
8/3/2022,10:20:56,14.02,2.19
8/3/2022,10:20:57,14.01,2.17
8/3/2022,10:20:58,14.01,2.16
8/3/2022,10:20:59,14,2.15
8/3/2022,10:21:00,13.99,2.15
8/3/2022,10:21:01,13.99,2.12
8/3/2022,10:21:02,13.99,2.13
8/3/2022,10:21:03,13.99,2.13
8/3/2022,10:21:04,13.99,2.15
8/3/2022,10:21:05,13.99,2.16
8/3/2022,10:21:06,13.99,2.16
8/3/2022,10:21:07,13.98,2.16
8/3/2022,10:21:08,13.97,2.16
8/3/2022,10:21:09,13.97,2.16
8/3/2022,10:21:10,13.97,2.17
8/3/2022,10:21:11,13.97,2.17
8/3/2022,10:21:12,13.98,2.15
8/3/2022,10:21:13,13.98,2.14
8/3/2022,10:21:14,13.98,2.14
8/3/2022,10:21:15,13.98,2.14
8/3/2022,10:21:16,13.98,2.13
8/3/2022,10:21:17,13.98,2.13
8/3/2022,10:21:18,13.99,2.11
8/3/2022,10:21:19,13.99,2.1
8/3/2022,10:21:20,13.99,2.1
8/3/2022,10:21:21,13.99,2.09
8/3/2022,10:21:22,13.98,2.09
8/3/2022,10:21:23,13.98,2.1
8/3/2022,10:21:24,13.98,2.09
8/3/2022,10:21:25,13.97,2.08
8/3/2022,10:21:26,13.97,2.09
8/3/2022,10:21:27,13.98,2.1
8/3/2022,10:21:28,13.99,2.12
8/3/2022,10:21:29,14,2.13
8/3/2022,10:21:30,14,2.13
8/3/2022,10:21:31,14,2.14
8/3/2022,10:21:32,14,2.14
8/3/2022,10:21:33,14.01,2.15
8/3/2022,10:21:34,14.02,2.15
8/3/2022,10:21:35,14.01,2.17
8/3/2022,10:21:36,14.03,2.17
8/3/2022,10:21:37,14.04,2.17
8/3/2022,10:21:38,14.03,2.15
8/3/2022,10:21:39,14.04,2.15
8/3/2022,10:21:40,14.04,2.15
8/3/2022,10:21:41,14.04,2.14
8/3/2022,10:21:42,14.05,2.14
8/3/2022,10:21:43,14.04,2.13
8/3/2022,10:21:44,14.04,2.13
8/3/2022,10:21:45,14.04,2.13
8/3/2022,10:21:46,14.03,2.13
8/3/2022,10:21:47,14.02,2.15
8/3/2022,10:21:48,14.01,2.14
8/3/2022,10:21:49,13.99,2.16
8/3/2022,10:21:50,13.98,2.13
8/3/2022,10:21:51,13.97,2.13
8/3/2022,10:21:52,13.95,2.15
8/3/2022,10:21:53,13.95,2.15
8/3/2022,10:21:54,13.94,2.18
8/3/2022,10:21:55,13.93,2.22
8/3/2022,10:21:56,13.92,2.22
8/3/2022,10:21:57,13.9,2.23
8/3/2022,10:21:58,13.9,2.23
8/3/2022,10:21:59,13.9,2.24
8/3/2022,10:22:00,13.9,2.23
8/3/2022,10:22:01,13.9,2.23
8/3/2022,10:22:02,13.9,2.23
8/3/2022,10:22:03,13.89,2.19
8/3/2022,10:22:04,13.89,2.19
8/3/2022,10:22:05,13.89,2.19
8/3/2022,10:22:06,13.89,2.18
8/3/2022,10:22:07,13.9,2.17
8/3/2022,10:22:08,13.89,2.15
8/3/2022,10:22:09,13.89,2.17
8/3/2022,10:22:10,13.9,2.16
8/3/2022,10:22:11,13.91,2.15
8/3/2022,10:22:12,13.91,2.16
8/3/2022,10:22:13,13.91,2.15
8/3/2022,10:22:14,13.91,2.15
8/3/2022,10:22:15,13.92,2.13
8/3/2022,10:22:16,13.92,2.14
8/3/2022,10:22:17,13.93,2.12
8/3/2022,10:22:18,13.93,2.12
8/3/2022,10:22:19,13.93,2.1
8/3/2022,10:22:20,13.92,2.1
8/3/2022,10:22:21,13.92,2.11
8/3/2022,10:22:22,13.92,2.11
8/3/2022,10:22:23,13.92,2.11
8/3/2022,10:22:24,13.92,2.1
8/3/2022,10:22:25,13.91,2.11
8/3/2022,10:22:26,13.91,2.12
8/3/2022,10:22:27,13.91,2.13
8/3/2022,10:22:28,13.92,2.13
8/3/2022,10:22:29,13.92,2.16
8/3/2022,10:22:30,13.91,2.19
8/3/2022,10:22:31,13.91,2.19
8/3/2022,10:22:32,13.9,2.2
8/3/2022,10:22:33,13.89,2.21
8/3/2022,10:22:34,13.89,2.25
8/3/2022,10:22:35,13.88,2.27
8/3/2022,10:22:36,13.88,2.27
8/3/2022,10:22:37,13.88,2.29
8/3/2022,10:22:38,13.88,2.31
8/3/2022,10:22:39,13.88,2.31
8/3/2022,10:22:40,13.88,2.32
8/3/2022,10:22:41,13.87,2.32
8/3/2022,10:22:42,13.87,2.3
8/3/2022,10:22:43,13.87,2.32
8/3/2022,10:22:44,13.87,2.31
8/3/2022,10:22:45,13.87,2.31
8/3/2022,10:22:46,13.87,2.34
8/3/2022,10:22:47,13.87,2.35
8/3/2022,10:22:48,13.86,2.36
8/3/2022,10:22:49,13.87,2.36
8/3/2022,10:22:50,13.86,2.35
8/3/2022,10:22:51,13.86,2.35
8/3/2022,10:22:52,13.87,2.35
8/3/2022,10:22:53,13.87,2.33
8/3/2022,10:22:54,13.87,2.34
8/3/2022,10:22:55,13.87,2.33
8/3/2022,10:22:56,13.87,2.33
8/3/2022,10:22:57,13.86,2.32
8/3/2022,10:22:58,13.86,2.35
8/3/2022,10:22:59,13.85,2.34
8/3/2022,10:23:00,13.84,2.35
8/3/2022,10:23:01,13.84,2.35
8/3/2022,10:23:02,13.83,2.35
8/3/2022,10:23:03,13.82,2.34
8/3/2022,10:23:04,13.81,2.35
8/3/2022,10:23:05,13.81,2.36
8/3/2022,10:23:06,13.8,2.37
8/3/2022,10:23:07,13.79,2.39
8/3/2022,10:23:08,13.78,2.41
8/3/2022,10:23:09,13.77,2.4
8/3/2022,10:23:10,13.76,2.45
8/3/2022,10:23:11,13.76,2.47
8/3/2022,10:23:12,13.75,2.5
8/3/2022,10:23:13,13.74,2.51
8/3/2022,10:23:14,13.73,2.54
8/3/2022,10:23:15,13.72,2.61
8/3/2022,10:23:16,13.71,2.6
8/3/2022,10:23:17,13.71,2.64
8/3/2022,10:23:18,13.7,2.7
8/3/2022,10:23:19,13.7,2.73
8/3/2022,10:23:20,13.69,2.81
8/3/2022,10:23:21,13.69,2.89
8/3/2022,10:23:22,13.68,3
8/3/2022,10:23:23,13.68,3.07
8/3/2022,10:23:24,13.67,3.18
8/3/2022,10:23:25,13.66,3.27
8/3/2022,10:23:26,13.66,3.39
8/3/2022,10:23:27,13.65,3.5
8/3/2022,10:23:28,13.65,3.62
8/3/2022,10:23:29,13.65,3.75
8/3/2022,10:23:30,13.64,3.88
8/3/2022,10:23:31,13.63,4.05
8/3/2022,10:23:32,13.62,4.22
8/3/2022,10:23:33,13.61,4.41
8/3/2022,10:23:34,13.6,4.59
8/3/2022,10:23:35,13.59,4.79
8/3/2022,10:23:36,13.58,5.06
8/3/2022,10:23:37,13.56,5.45
8/3/2022,10:23:38,13.54,5.93
8/3/2022,10:23:39,13.52,6.51
8/3/2022,10:23:40,13.48,7.3
8/3/2022,10:23:41,13.43,7.91
8/3/2022,10:23:42,13.39,8.57
8/3/2022,10:23:43,13.33,9.28
8/3/2022,10:23:44,13.28,9.97
8/3/2022,10:23:45,13.26,10.71
8/3/2022,10:23:46,13.18,11.36
8/3/2022,10:23:47,13.13,11.89
8/3/2022,10:23:48,13.11,12.41
8/3/2022,10:23:49,13.07,12.97
8/3/2022,10:23:50,12.99,13.48
8/3/2022,10:23:51,12.95,13.67
8/3/2022,10:23:52,12.92,13.97
8/3/2022,10:23:53,12.85,14.1
8/3/2022,10:23:54,12.79,13.99
8/3/2022,10:23:55,12.76,13.81
8/3/2022,10:23:56,12.68,13.67
8/3/2022,10:23:57,12.64,13.46
8/3/2022,10:23:58,12.62,13.2
8/3/2022,10:23:59,12.58,12.97
8/3/2022,10:24:00,12.56,211.43
8/3/2022,10:24:01,12.56,69.42
8/3/2022,10:24:02,12.55,8.04
8/3/2022,10:24:03,12.55,10.31
8/3/2022,10:24:04,12.55,10.06
8/3/2022,10:24:05,12.55,9.94
8/3/2022,10:24:06,12.54,9.81
8/3/2022,10:24:07,12.54,9.88
8/3/2022,10:24:08,12.53,9.68
8/3/2022,10:24:09,12.53,9.36
8/3/2022,10:24:10,12.53,9.09
8/3/2022,10:24:11,12.53,9.04
8/3/2022,10:24:12,12.54,8.9
8/3/2022,10:24:13,12.55,8.83
8/3/2022,10:24:14,12.57,8.78
8/3/2022,10:24:15,12.59,8.64
8/3/2022,10:24:16,12.61,8.61
8/3/2022,10:24:17,12.63,8.56
8/3/2022,10:24:18,12.64,8.42
8/3/2022,10:24:19,12.65,8.31
8/3/2022,10:24:20,12.66,8.1
8/3/2022,10:24:21,12.68,7.95
8/3/2022,10:24:22,12.7,7.85
8/3/2022,10:24:23,12.7,7.78
8/3/2022,10:24:24,12.71,7.72
8/3/2022,10:24:25,12.72,7.7
8/3/2022,10:24:26,12.73,7.64
8/3/2022,10:24:27,12.74,7.59
8/3/2022,10:24:28,12.75,7.47
8/3/2022,10:24:29,12.76,7.43
8/3/2022,10:24:30,12.77,7.4
8/3/2022,10:24:31,12.77,7.29
8/3/2022,10:24:32,12.77,7.2
8/3/2022,10:24:33,12.78,7.12
8/3/2022,10:24:34,12.78,7.02
8/3/2022,10:24:35,12.78,6.91
8/3/2022,10:24:36,12.79,6.88
8/3/2022,10:24:37,12.8,6.76
8/3/2022,10:24:38,12.8,6.73
8/3/2022,10:24:39,12.8,6.6
8/3/2022,10:24:40,12.81,6.5
8/3/2022,10:24:41,12.81,6.51
8/3/2022,10:24:42,12.81,6.39
8/3/2022,10:24:43,12.81,6.39
8/3/2022,10:24:44,12.81,6.34
8/3/2022,10:24:45,12.82,6.26
8/3/2022,10:24:46,12.83,6.18
8/3/2022,10:24:47,12.83,6.15
8/3/2022,10:24:48,12.83,6.19
8/3/2022,10:24:49,12.82,6.11
8/3/2022,10:24:50,12.82,6.1
8/3/2022,10:24:51,12.81,5.99
8/3/2022,10:24:52,12.82,5.95
8/3/2022,10:24:53,12.82,5.85
8/3/2022,10:24:54,12.82,5.8
8/3/2022,10:24:55,12.82,5.71
8/3/2022,10:24:56,12.81,5.63
8/3/2022,10:24:57,12.81,5.55
8/3/2022,10:24:58,12.82,5.49
8/3/2022,10:24:59,12.82,5.38
8/3/2022,10:25:00,12.82,5.33
8/3/2022,10:25:01,12.82,5.35
8/3/2022,10:25:02,12.82,5.31
8/3/2022,10:25:03,12.82,5.26
8/3/2022,10:25:04,12.82,5.24
8/3/2022,10:25:05,12.81,5.17
8/3/2022,10:25:06,12.8,5.16
8/3/2022,10:25:07,12.79,5.17
8/3/2022,10:25:08,12.79,5.14
8/3/2022,10:25:09,12.8,5.11
8/3/2022,10:25:10,12.81,5.05
8/3/2022,10:25:11,12.81,5.01
8/3/2022,10:25:12,12.81,4.96
8/3/2022,10:25:13,12.81,4.89
8/3/2022,10:25:14,12.81,4.86
8/3/2022,10:25:15,12.8,4.81
8/3/2022,10:25:16,12.8,4.69
8/3/2022,10:25:17,12.78,4.66
8/3/2022,10:25:18,12.77,4.66
8/3/2022,10:25:19,12.76,4.59
8/3/2022,10:25:20,12.75,4.51
8/3/2022,10:25:21,12.74,4.47
8/3/2022,10:25:22,12.74,4.35
8/3/2022,10:25:23,12.73,4.32
8/3/2022,10:25:24,12.73,4.27
8/3/2022,10:25:25,12.73,4.3
8/3/2022,10:25:26,12.72,4.28
8/3/2022,10:25:27,12.72,4.27
8/3/2022,10:25:28,12.7,4.26
8/3/2022,10:25:29,12.69,4.26
8/3/2022,10:25:30,12.68,4.26
8/3/2022,10:25:31,12.67,4.28
8/3/2022,10:25:32,12.65,4.24
8/3/2022,10:25:33,12.64,4.22
8/3/2022,10:25:34,12.63,4.25
8/3/2022,10:25:35,12.62,4.26
8/3/2022,10:25:36,12.61,4.25
8/3/2022,10:25:37,12.6,4.3
8/3/2022,10:25:38,12.59,4.32
8/3/2022,10:25:39,12.58,4.36
8/3/2022,10:25:40,12.56,4.35
8/3/2022,10:25:41,12.54,4.39
8/3/2022,10:25:42,12.52,4.43
8/3/2022,10:25:43,12.51,4.44
8/3/2022,10:25:44,12.49,4.46
8/3/2022,10:25:45,12.47,4.43
8/3/2022,10:25:46,12.45,4.46
8/3/2022,10:25:47,12.44,4.45
8/3/2022,10:25:48,12.43,4.45
8/3/2022,10:25:49,12.42,4.47
8/3/2022,10:25:50,12.41,4.49
8/3/2022,10:25:51,12.41,4.5
8/3/2022,10:25:52,12.4,4.5
8/3/2022,10:25:53,12.39,4.5
8/3/2022,10:25:54,12.38,4.48
8/3/2022,10:25:55,12.38,4.49
8/3/2022,10:25:56,12.37,4.5
8/3/2022,10:25:57,12.36,4.52
8/3/2022,10:25:58,12.36,4.56
8/3/2022,10:25:59,12.36,4.54
8/3/2022,10:26:00,12.35,4.64
8/3/2022,10:26:01,12.35,4.66
8/3/2022,10:26:02,12.34,4.72
8/3/2022,10:26:03,12.34,4.8
8/3/2022,10:26:04,12.33,4.92
8/3/2022,10:26:05,12.33,5.08
8/3/2022,10:26:06,12.31,5.25
8/3/2022,10:26:07,12.3,5.41
8/3/2022,10:26:08,12.29,5.6
8/3/2022,10:26:09,12.28,5.84
8/3/2022,10:26:10,12.26,6
8/3/2022,10:26:11,12.25,6.13
8/3/2022,10:26:12,12.23,6.28
8/3/2022,10:26:13,12.22,6.45
8/3/2022,10:26:14,12.21,6.59
8/3/2022,10:26:15,12.19,6.63
8/3/2022,10:26:16,12.18,6.8
8/3/2022,10:26:17,12.17,6.88
8/3/2022,10:26:18,12.16,6.94
8/3/2022,10:26:19,12.16,6.95
8/3/2022,10:26:20,12.15,6.9
8/3/2022,10:26:21,12.15,6.89
8/3/2022,10:26:22,12.15,6.84
8/3/2022,10:26:23,12.14,6.73
8/3/2022,10:26:24,12.14,6.64
8/3/2022,10:26:25,12.14,6.54
8/3/2022,10:26:26,12.14,6.43
8/3/2022,10:26:27,12.14,6.33
8/3/2022,10:26:28,12.14,6.25
8/3/2022,10:26:29,12.15,6.19
8/3/2022,10:26:30,12.15,6.05
8/3/2022,10:26:31,12.16,5.93
8/3/2022,10:26:32,12.16,5.91
8/3/2022,10:26:33,12.17,5.79
8/3/2022,10:26:34,12.17,5.68
8/3/2022,10:26:35,12.18,5.56
8/3/2022,10:26:36,12.19,5.45
8/3/2022,10:26:37,12.19,5.36
8/3/2022,10:26:38,12.2,5.28
8/3/2022,10:26:39,12.2,5.22
8/3/2022,10:26:40,12.21,5.17
8/3/2022,10:26:41,12.21,5.15
8/3/2022,10:26:42,12.22,5.11
8/3/2022,10:26:43,12.22,5.01
8/3/2022,10:26:44,12.22,4.92
8/3/2022,10:26:45,12.23,4.83
8/3/2022,10:26:46,12.23,4.74
8/3/2022,10:26:47,12.24,4.67
8/3/2022,10:26:48,12.24,4.65
8/3/2022,10:26:49,12.24,4.58
8/3/2022,10:26:50,12.24,4.57
8/3/2022,10:26:51,12.25,4.52
8/3/2022,10:26:52,12.25,4.5
8/3/2022,10:26:53,12.25,4.47
8/3/2022,10:26:54,12.25,4.4
8/3/2022,10:26:55,12.25,4.36
8/3/2022,10:26:56,12.25,4.27
8/3/2022,10:26:57,12.25,4.27
8/3/2022,10:26:58,12.25,4.23
8/3/2022,10:26:59,12.25,4.21
8/3/2022,10:27:00,12.25,4.24
8/3/2022,10:27:01,12.25,4.24
8/3/2022,10:27:02,12.24,4.23
8/3/2022,10:27:03,12.24,4.21
8/3/2022,10:27:04,12.24,4.2
8/3/2022,10:27:05,12.24,4.15
8/3/2022,10:27:06,12.23,4.16
8/3/2022,10:27:07,12.21,4.12
8/3/2022,10:27:08,12.2,4.08
8/3/2022,10:27:09,12.2,4.08
8/3/2022,10:27:10,12.18,4.05
8/3/2022,10:27:11,12.17,4.05
8/3/2022,10:27:12,12.16,4.03
8/3/2022,10:27:13,12.15,4.03
8/3/2022,10:27:14,12.14,3.99
8/3/2022,10:27:15,12.13,4.01
8/3/2022,10:27:16,12.12,4.01
8/3/2022,10:27:17,12.11,3.99
8/3/2022,10:27:18,12.1,3.99
8/3/2022,10:27:19,12.08,3.99
8/3/2022,10:27:20,12.07,4.03
8/3/2022,10:27:21,12.06,4.01
8/3/2022,10:27:22,12.05,4.03
8/3/2022,10:27:23,12.04,4.06
8/3/2022,10:27:24,12.04,4.06
8/3/2022,10:27:25,12.03,4.04
8/3/2022,10:27:26,12.03,4.03
8/3/2022,10:27:27,12.04,4
8/3/2022,10:27:28,12.04,3.96
8/3/2022,10:27:29,12.04,3.96
8/3/2022,10:27:30,12.04,3.91
8/3/2022,10:27:31,12.04,3.87
8/3/2022,10:27:32,12.03,3.83
8/3/2022,10:27:33,12.03,3.78
8/3/2022,10:27:34,12.03,3.84
8/3/2022,10:27:35,12.03,3.81
8/3/2022,10:27:36,12.03,3.73
8/3/2022,10:27:37,12.03,3.74
8/3/2022,10:27:38,12.02,3.69
8/3/2022,10:27:39,12.02,3.68
8/3/2022,10:27:40,12.01,3.69
8/3/2022,10:27:41,12,3.69
8/3/2022,10:27:42,11.98,3.68
8/3/2022,10:27:43,11.97,3.67
8/3/2022,10:27:44,11.96,3.66
8/3/2022,10:27:45,11.95,3.62
8/3/2022,10:27:46,11.93,3.62
8/3/2022,10:27:47,11.92,3.63
8/3/2022,10:27:48,11.9,3.6
8/3/2022,10:27:49,11.89,3.5
8/3/2022,10:27:50,11.87,3.48
8/3/2022,10:27:51,11.86,3.48
8/3/2022,10:27:52,11.84,3.47
8/3/2022,10:27:53,11.83,3.46
8/3/2022,10:27:54,11.81,3.44
8/3/2022,10:27:55,11.8,3.41
8/3/2022,10:27:56,11.78,3.42
8/3/2022,10:27:57,11.77,3.39
8/3/2022,10:27:58,11.76,3.34
8/3/2022,10:27:59,11.76,3.33
8/3/2022,10:28:00,11.76,3.31
8/3/2022,10:28:01,11.76,3.31
8/3/2022,10:28:02,11.76,3.29
8/3/2022,10:28:03,11.76,3.27
8/3/2022,10:28:04,11.76,3.26
8/3/2022,10:28:05,11.76,3.25
8/3/2022,10:28:06,11.76,3.23
8/3/2022,10:28:07,11.76,3.2
8/3/2022,10:28:08,11.76,3.18
8/3/2022,10:28:09,11.76,3.2
8/3/2022,10:28:10,11.76,3.19
8/3/2022,10:28:11,11.75,3.17
8/3/2022,10:28:12,11.73,3.16
8/3/2022,10:28:13,11.71,3.19
8/3/2022,10:28:14,11.68,3.22
8/3/2022,10:28:15,11.67,3.25
8/3/2022,10:28:16,11.65,3.27
8/3/2022,10:28:17,11.63,3.26
8/3/2022,10:28:18,11.61,3.26
8/3/2022,10:28:19,11.59,3.27
8/3/2022,10:28:20,11.57,3.25
8/3/2022,10:28:21,11.54,3.26
8/3/2022,10:28:22,11.53,3.27
8/3/2022,10:28:23,11.5,3.27
8/3/2022,10:28:24,11.49,3.26
8/3/2022,10:28:25,11.47,3.24
8/3/2022,10:28:26,11.46,3.22
8/3/2022,10:28:27,11.46,3.22
8/3/2022,10:28:28,11.46,3.16
8/3/2022,10:28:29,11.5,3.13
8/3/2022,10:28:30,11.56,3.05
8/3/2022,10:28:31,11.66,3.05
8/3/2022,10:28:32,11.79,3.05
8/3/2022,10:28:33,11.9,3.04
8/3/2022,10:28:34,12.05,3.03
8/3/2022,10:28:35,12.13,3.03
8/3/2022,10:28:36,12.27,3.02
8/3/2022,10:28:37,12.38,3.01
8/3/2022,10:28:38,12.51,3
8/3/2022,10:28:39,12.6,2.99
8/3/2022,10:28:40,12.72,3
8/3/2022,10:28:41,12.84,3.02
8/3/2022,10:28:42,12.94,3.01
8/3/2022,10:28:43,13.06,3.02
8/3/2022,10:28:44,13.15,3.03
8/3/2022,10:28:45,13.24,3.05
8/3/2022,10:28:46,13.34,3.07
8/3/2022,10:28:47,13.39,3.09
8/3/2022,10:28:48,13.39,3.08
8/3/2022,10:28:49,13.42,3.07
8/3/2022,10:28:50,13.44,3.08
8/3/2022,10:28:51,13.44,3.09
8/3/2022,10:28:52,13.45,3.11
8/3/2022,10:28:53,13.48,3.13
8/3/2022,10:28:54,13.5,3.12
8/3/2022,10:28:55,13.57,3.14
8/3/2022,10:28:56,13.6,3.17
8/3/2022,10:28:57,13.64,3.17
8/3/2022,10:28:58,13.68,3.18
8/3/2022,10:28:59,13.74,3.22
8/3/2022,10:29:00,13.77,3.21
8/3/2022,10:29:01,13.81,3.23
8/3/2022,10:29:02,13.86,3.27
8/3/2022,10:29:03,13.91,3.3
8/3/2022,10:29:04,13.97,3.35
8/3/2022,10:29:05,14.02,3.37
8/3/2022,10:29:06,14.05,3.37
8/3/2022,10:29:07,14.11,3.38
8/3/2022,10:29:08,14.15,3.38
8/3/2022,10:29:09,14.18,3.39
8/3/2022,10:29:10,14.18,3.41
8/3/2022,10:29:11,14.19,3.4
8/3/2022,10:29:12,14.17,3.41
8/3/2022,10:29:13,14.13,3.45
8/3/2022,10:29:14,14.1,3.44
8/3/2022,10:29:15,14.06,3.42
8/3/2022,10:29:16,14.03,3.4
8/3/2022,10:29:17,14.01,3.39
8/3/2022,10:29:18,13.98,3.37
8/3/2022,10:29:19,13.95,3.35
8/3/2022,10:29:20,13.94,3.35
8/3/2022,10:29:21,13.92,3.35
8/3/2022,10:29:22,13.88,3.33
8/3/2022,10:29:23,13.86,3.37
8/3/2022,10:29:24,13.84,3.37
8/3/2022,10:29:25,13.82,3.34
8/3/2022,10:29:26,13.82,3.3
8/3/2022,10:29:27,13.82,3.31
8/3/2022,10:29:28,13.81,3.24
8/3/2022,10:29:29,13.82,3.24
8/3/2022,10:29:30,13.84,3.24
8/3/2022,10:29:31,13.85,3.23
8/3/2022,10:29:32,13.85,3.2
8/3/2022,10:29:33,13.86,3.19
8/3/2022,10:29:34,13.87,3.15
8/3/2022,10:29:35,13.86,3.13
8/3/2022,10:29:36,13.86,3.12
8/3/2022,10:29:37,13.85,3.11
8/3/2022,10:29:38,13.85,3.03
8/3/2022,10:29:39,13.86,3.02
8/3/2022,10:29:40,13.83,3
8/3/2022,10:29:41,13.83,2.99
8/3/2022,10:29:42,13.82,2.99
8/3/2022,10:29:43,13.81,3
8/3/2022,10:29:44,13.8,2.98
8/3/2022,10:29:45,13.79,2.99
8/3/2022,10:29:46,13.78,3.03
8/3/2022,10:29:47,13.77,3.05
8/3/2022,10:29:48,13.77,3.12
8/3/2022,10:29:49,13.76,3.18
8/3/2022,10:29:50,13.74,3.2
8/3/2022,10:29:51,13.73,3.26
8/3/2022,10:29:52,13.72,3.35
8/3/2022,10:29:53,13.7,3.46
8/3/2022,10:29:54,13.69,3.53
8/3/2022,10:29:55,13.68,3.64
8/3/2022,10:29:56,13.67,3.7
8/3/2022,10:29:57,13.66,3.81
8/3/2022,10:29:58,13.65,3.87
8/3/2022,10:29:59,13.63,3.91
8/3/2022,10:30:00,13.62,3.97
8/3/2022,10:30:01,13.62,4.03
8/3/2022,10:30:02,13.61,4.11
8/3/2022,10:30:03,13.6,4.12
8/3/2022,10:30:04,13.59,4.2
8/3/2022,10:30:05,13.59,4.28
8/3/2022,10:30:06,13.57,4.31
8/3/2022,10:30:07,13.57,4.3
8/3/2022,10:30:08,13.56,4.32
8/3/2022,10:30:09,13.56,4.34
8/3/2022,10:30:10,13.55,4.39
8/3/2022,10:30:11,13.54,4.42
8/3/2022,10:30:12,13.54,4.38
8/3/2022,10:30:13,13.54,4.39
8/3/2022,10:30:14,13.54,4.44
8/3/2022,10:30:15,13.53,4.43
8/3/2022,10:30:16,13.53,4.45
8/3/2022,10:30:17,13.53,4.5
8/3/2022,10:30:18,13.53,4.66
8/3/2022,10:30:19,13.52,5.04
8/3/2022,10:30:20,13.51,5.62
8/3/2022,10:30:21,13.5,6.02
8/3/2022,10:30:22,13.49,7.97
8/3/2022,10:30:23,13.48,9.37
8/3/2022,10:30:24,13.48,10.2
8/3/2022,10:30:25,13.47,13.43
8/3/2022,10:30:26,13.44,40.1
8/3/2022,10:30:27,13.4,48.97
8/3/2022,10:30:28,13.33,42.33
8/3/2022,10:30:29,13.26,38.69
8/3/2022,10:30:30,13.18,40.55
8/3/2022,10:30:31,13.07,39.86
8/3/2022,10:30:32,12.98,40.61
8/3/2022,10:30:33,12.86,40.64
8/3/2022,10:30:34,12.77,40.43
8/3/2022,10:30:35,12.66,40.23
8/3/2022,10:30:36,12.58,40.22
8/3/2022,10:30:37,12.51,40.33
8/3/2022,10:30:38,12.45,40.43
8/3/2022,10:30:39,12.37,40.61
8/3/2022,10:30:40,12.23,40.8
8/3/2022,10:30:41,4.26,40.85
8/3/2022,10:30:42,2.73,45.99
8/3/2022,10:30:43,1.87,54.61
8/3/2022,10:30:44,1.74,50.21
8/3/2022,10:30:45,1.27,53.69
8/3/2022,10:30:46,0.83,55.45
8/3/2022,10:30:47,0.53,58.71
8/3/2022,10:30:48,0.36,61.49
8/3/2022,10:30:49,0.24,63.6
8/3/2022,10:30:50,0.18,63.66
8/3/2022,10:30:51,0.13,64.51
8/3/2022,10:30:52,0.1,63.56
8/3/2022,10:30:53,0.08,60.99
8/3/2022,10:30:54,0.06,58.19
8/3/2022,10:30:55,0.05,54.65
8/3/2022,10:30:56,0.03,51.54
8/3/2022,10:30:57,0.02,48.52
8/3/2022,10:30:58,0.01,45.84
8/3/2022,10:30:59,0,42.88
8/3/2022,10:31:00,-0.01,39.76
8/3/2022,10:31:01,-0.02,35.98
8/3/2022,10:31:02,-0.02,31.69
8/3/2022,10:31:03,-0.03,27.05
8/3/2022,10:31:04,-0.07,23.23
8/3/2022,10:31:05,-0.11,19.45
8/3/2022,10:31:06,-0.12,15.54
8/3/2022,10:31:07,-0.12,13.44
8/3/2022,10:31:08,-0.12,12.32
8/3/2022,10:31:09,-0.12,12.12
8/3/2022,10:31:10,-0.12,12.23
8/3/2022,10:31:11,-0.12,12.78
8/3/2022,10:31:12,-0.12,13.78
8/3/2022,10:31:13,-0.13,30.48
8/3/2022,10:31:14,-0.13,26.06
8/3/2022,10:31:15,-0.12,43.14
8/3/2022,10:31:16,-0.12,33.15
8/3/2022,10:31:17,-0.12,32.99
8/3/2022,10:31:18,-0.11,33.98
8/3/2022,10:31:19,-0.11,32.31
8/3/2022,10:31:20,-0.11,32.01
8/3/2022,10:31:21,-0.1,33.46
8/3/2022,10:31:22,-0.09,33.48
8/3/2022,10:31:23,-0.09,33.73
8/3/2022,10:31:24,-0.08,41.09
8/3/2022,10:31:25,-0.08,33.67
8/3/2022,10:31:26,-0.07,24.29
8/3/2022,10:31:27,-0.07,31.18
8/3/2022,10:31:28,-0.07,28.05
8/3/2022,10:31:29,-0.06,27.19
8/3/2022,10:31:30,-0.05,26.26
8/3/2022,10:31:31,-0.05,26.1
8/3/2022,10:31:32,-0.05,25.44
8/3/2022,10:31:33,-0.05,25.36
8/3/2022,10:31:34,-0.05,24.02
8/3/2022,10:31:35,-0.05,23.09
8/3/2022,10:31:36,-0.05,22.22
8/3/2022,10:31:37,-0.05,21.64
8/3/2022,10:31:38,-0.05,21.01
8/3/2022,10:31:39,-0.05,20.26
8/3/2022,10:31:40,-0.05,19.61
8/3/2022,10:31:41,-0.06,18.94
8/3/2022,10:31:42,-0.06,18.04
8/3/2022,10:31:43,-0.06,16.97
8/3/2022,10:31:44,-0.07,15.96
8/3/2022,10:31:45,-0.07,14.84
8/3/2022,10:31:46,-0.07,13.78
8/3/2022,10:31:47,-0.08,12.88
8/3/2022,10:31:48,-0.08,12.21
8/3/2022,10:31:49,-0.08,11.81
8/3/2022,10:31:50,-0.09,11.43
8/3/2022,10:31:51,-0.09,11.15
8/3/2022,10:31:52,-0.09,10.82
8/3/2022,10:31:53,-0.09,10.68
8/3/2022,10:31:54,-0.09,10.81
8/3/2022,10:31:55,-0.09,10.98
8/3/2022,10:31:56,-0.09,11.24
8/3/2022,10:31:57,-0.09,11.39
8/3/2022,10:31:58,-0.09,11.64
8/3/2022,10:31:59,-0.08,12.11
8/3/2022,10:32:00,-0.07,12.8
8/3/2022,10:32:01,-0.07,13.54
8/3/2022,10:32:02,-0.07,14.3
8/3/2022,10:32:03,-0.06,25.39
8/3/2022,10:32:04,-0.06,26.26
8/3/2022,10:32:05,-0.06,27.78
8/3/2022,10:32:06,-0.05,28.84
8/3/2022,10:32:07,-0.05,29.51
8/3/2022,10:32:08,-0.05,29.53
8/3/2022,10:32:09,-0.04,30.68
8/3/2022,10:32:10,-0.04,30.67
8/3/2022,10:32:11,-0.03,31.57
8/3/2022,10:32:12,-0.03,31.76
8/3/2022,10:32:13,-0.02,31.96
8/3/2022,10:32:14,-0.01,31.94
8/3/2022,10:32:15,0,31.79
8/3/2022,10:32:16,0.02,31.36
8/3/2022,10:32:17,0.05,30.89
8/3/2022,10:32:18,0.1,30.5
8/3/2022,10:32:19,0.15,30.05
8/3/2022,10:32:20,0.24,29.68
8/3/2022,10:32:21,0.34,29.37
8/3/2022,10:32:22,0.49,29.11
8/3/2022,10:32:23,0.64,28.63
8/3/2022,10:32:24,0.87,27.98
8/3/2022,10:32:25,7.06,27.57
8/3/2022,10:32:26,7.98,26.85
8/3/2022,10:32:27,8.65,26.27
8/3/2022,10:32:28,11.09,25.69
8/3/2022,10:32:29,10.97,25.08
8/3/2022,10:32:30,11.13,24.74
8/3/2022,10:32:31,11.66,24.67
8/3/2022,10:32:32,12.11,24.72
8/3/2022,10:32:33,12.49,24.65
8/3/2022,10:32:34,12.76,24.61
8/3/2022,10:32:35,12.96,24.65
8/3/2022,10:32:36,13.12,24.84
8/3/2022,10:32:37,13.19,24.74
8/3/2022,10:32:38,13.22,24.79
8/3/2022,10:32:39,13.24,24.74
8/3/2022,10:32:40,13.25,24.61
8/3/2022,10:32:41,13.25,24.56
8/3/2022,10:32:42,13.24,24.63
8/3/2022,10:32:43,13.23,24.59
8/3/2022,10:32:44,13.22,24.63
8/3/2022,10:32:45,13.22,24.6
8/3/2022,10:32:46,13.22,24.76
8/3/2022,10:32:47,13.21,24.77
8/3/2022,10:32:48,13.26,25.06
8/3/2022,10:32:49,13.34,25.22
8/3/2022,10:32:50,13.36,25.23
8/3/2022,10:32:51,13.35,25.43
8/3/2022,10:32:52,13.31,25.84
8/3/2022,10:32:53,13.26,26.33
8/3/2022,10:32:54,13.2,26.77
8/3/2022,10:32:55,13.14,27.23
8/3/2022,10:32:56,13.08,27.59
8/3/2022,10:32:57,13.05,28.16
8/3/2022,10:32:58,13,28.68
8/3/2022,10:32:59,12.97,29.18
8/3/2022,10:33:00,12.94,29.56
8/3/2022,10:33:01,12.91,29.93
8/3/2022,10:33:02,12.88,30.36
8/3/2022,10:33:03,12.85,30.76
8/3/2022,10:33:04,12.83,31.14
8/3/2022,10:33:05,12.8,31.46
8/3/2022,10:33:06,12.77,31.66
8/3/2022,10:33:07,12.74,31.75
8/3/2022,10:33:08,12.72,31.91
8/3/2022,10:33:09,12.7,32.02
8/3/2022,10:33:10,12.68,32.02
8/3/2022,10:33:11,12.67,31.97
8/3/2022,10:33:12,12.66,31.97
8/3/2022,10:33:13,12.65,31.9
8/3/2022,10:33:14,12.64,31.81
8/3/2022,10:33:15,12.64,31.86
8/3/2022,10:33:16,12.63,31.8
8/3/2022,10:33:17,12.63,35.36
8/3/2022,10:33:18,12.63,27.86
8/3/2022,10:33:19,12.63,26.14
8/3/2022,10:33:20,12.63,29.59
8/3/2022,10:33:21,12.64,29.56
8/3/2022,10:33:22,12.65,29.86
8/3/2022,10:33:23,12.66,30.33
8/3/2022,10:33:24,12.66,30.38
8/3/2022,10:33:25,12.67,30.21
8/3/2022,10:33:26,12.68,30.04
8/3/2022,10:33:27,12.69,30.02
8/3/2022,10:33:28,12.7,29.86
8/3/2022,10:33:29,12.72,29.82
8/3/2022,10:33:30,12.73,29.7
8/3/2022,10:33:31,12.75,29.51
8/3/2022,10:33:32,12.76,29.26
8/3/2022,10:33:33,12.78,29.06
8/3/2022,10:33:34,12.79,28.92
8/3/2022,10:33:35,12.81,28.66
8/3/2022,10:33:36,12.83,28.4
8/3/2022,10:33:37,12.85,28.04
8/3/2022,10:33:38,12.87,27.77
8/3/2022,10:33:39,12.9,27.31
8/3/2022,10:33:40,12.92,26.99
8/3/2022,10:33:41,12.94,26.41
8/3/2022,10:33:42,12.97,26.01
8/3/2022,10:33:43,13,25.6
8/3/2022,10:33:44,13.03,25.21
8/3/2022,10:33:45,13.06,24.68
8/3/2022,10:33:46,13.09,24.3
8/3/2022,10:33:47,13.13,24.21
8/3/2022,10:33:48,13.16,23.87
8/3/2022,10:33:49,13.19,23.42
8/3/2022,10:33:50,13.22,23.16
8/3/2022,10:33:51,13.25,22.86
8/3/2022,10:33:52,13.27,22.52
8/3/2022,10:33:53,13.3,22.09
8/3/2022,10:33:54,13.33,21.96
8/3/2022,10:33:55,13.36,21.76
8/3/2022,10:33:56,13.39,21.56
8/3/2022,10:33:57,13.42,21.33
8/3/2022,10:33:58,13.44,21.01
8/3/2022,10:33:59,13.46,20.74
8/3/2022,10:34:00,13.48,20.64
8/3/2022,10:34:01,13.5,20.44
8/3/2022,10:34:02,13.53,20.16
8/3/2022,10:34:03,13.54,20.11
8/3/2022,10:34:04,13.56,20.02
8/3/2022,10:34:05,13.58,19.81
8/3/2022,10:34:06,13.58,19.69
8/3/2022,10:34:07,13.6,19.72
8/3/2022,10:34:08,13.62,19.75
8/3/2022,10:34:09,13.63,19.58
8/3/2022,10:34:10,13.64,19.51
8/3/2022,10:34:11,13.65,19.55
8/3/2022,10:34:12,13.66,19.63
8/3/2022,10:34:13,13.67,19.65
8/3/2022,10:34:14,13.67,19.56
8/3/2022,10:34:15,13.68,19.47
8/3/2022,10:34:16,13.68,19.45
8/3/2022,10:34:17,13.69,19.31
8/3/2022,10:34:18,13.69,19.21
8/3/2022,10:34:19,13.69,19.23
8/3/2022,10:34:20,13.7,19.09
8/3/2022,10:34:21,13.7,18.98
8/3/2022,10:34:22,13.71,18.84
8/3/2022,10:34:23,13.71,18.9
8/3/2022,10:34:24,13.71,18.81
8/3/2022,10:34:25,13.71,18.78
8/3/2022,10:34:26,13.72,18.71
8/3/2022,10:34:27,13.72,18.66
8/3/2022,10:34:28,13.71,18.77
8/3/2022,10:34:29,13.71,18.81
8/3/2022,10:34:30,13.7,18.91
8/3/2022,10:34:31,13.7,19
8/3/2022,10:34:32,13.69,19.12
8/3/2022,10:34:33,13.69,19.21
8/3/2022,10:34:34,13.68,19.27
8/3/2022,10:34:35,13.67,19.44
8/3/2022,10:34:36,13.66,19.55
8/3/2022,10:34:37,13.65,19.61
8/3/2022,10:34:38,13.64,19.71
8/3/2022,10:34:39,13.63,19.91
8/3/2022,10:34:40,13.62,20.1
8/3/2022,10:34:41,13.61,20.11
8/3/2022,10:34:42,13.6,20.31
8/3/2022,10:34:43,13.59,20.38
8/3/2022,10:34:44,13.58,20.6
8/3/2022,10:34:45,13.57,20.45
8/3/2022,10:34:46,13.57,20.64
8/3/2022,10:34:47,13.57,20.62
8/3/2022,10:34:48,13.57,20.72
8/3/2022,10:34:49,13.57,20.56
8/3/2022,10:34:50,13.57,20.34
8/3/2022,10:34:51,13.58,20.27
8/3/2022,10:34:52,13.59,20.2
8/3/2022,10:34:53,13.59,20.02
8/3/2022,10:34:54,13.61,19.83
8/3/2022,10:34:55,13.62,19.57
8/3/2022,10:34:56,13.64,19.41
8/3/2022,10:34:57,13.65,18.99
8/3/2022,10:34:58,13.66,18.83
8/3/2022,10:34:59,13.68,18.63
8/3/2022,10:35:00,13.69,18.62
8/3/2022,10:35:01,13.71,18.28
8/3/2022,10:35:02,13.72,18.05
8/3/2022,10:35:03,13.74,17.71
8/3/2022,10:35:04,13.75,17.62
8/3/2022,10:35:05,13.76,13.67
8/3/2022,10:35:06,13.77,14.02
8/3/2022,10:35:07,13.78,16.68
8/3/2022,10:35:08,13.8,16.4
8/3/2022,10:35:09,13.81,15.45
8/3/2022,10:35:10,13.82,15.44
8/3/2022,10:35:11,13.83,125.4
8/3/2022,10:35:12,13.84,16.85
8/3/2022,10:35:13,13.84,15.32
8/3/2022,10:35:14,13.85,17.79
8/3/2022,10:35:15,13.85,17.39
8/3/2022,10:35:16,13.86,16.54
8/3/2022,10:35:17,13.87,16.47
8/3/2022,10:35:18,13.87,16.32
8/3/2022,10:35:19,13.88,19.97
8/3/2022,10:35:20,13.89,13.76
8/3/2022,10:35:21,13.9,13.48
8/3/2022,10:35:22,13.91,15.29
8/3/2022,10:35:23,13.92,16.04
8/3/2022,10:35:24,13.92,15.55
8/3/2022,10:35:25,13.93,15.24
8/3/2022,10:35:26,13.94,15.02
8/3/2022,10:35:27,13.94,14.91
8/3/2022,10:35:28,13.95,15.08
8/3/2022,10:35:29,13.95,15.24
8/3/2022,10:35:30,13.96,12.25
8/3/2022,10:35:31,13.96,15.66
8/3/2022,10:35:32,13.97,12.43
8/3/2022,10:35:33,13.98,15.16
8/3/2022,10:35:34,13.99,14.45
8/3/2022,10:35:35,13.99,14.8
8/3/2022,10:35:36,14.01,14.03
8/3/2022,10:35:37,14.01,12.11
8/3/2022,10:35:38,14.02,11.97
8/3/2022,10:35:39,14.03,14.17
8/3/2022,10:35:40,14.04,13.07
8/3/2022,10:35:41,14.05,13.3
8/3/2022,10:35:42,14.05,13.6
8/3/2022,10:35:43,14.06,13.48
8/3/2022,10:35:44,14.07,13.3
8/3/2022,10:35:45,14.08,13.31
8/3/2022,10:35:46,14.09,13.32
8/3/2022,10:35:47,14.09,13.6
8/3/2022,10:35:48,14.02,45.03
8/3/2022,10:35:49,13.93,90.2
8/3/2022,10:35:50,13.6,132.55
8/3/2022,10:35:51,13.47,103.57
8/3/2022,10:35:52,13.31,52.58
8/3/2022,10:35:53,11.16,46.56
8/3/2022,10:35:54,11.44,48.75
8/3/2022,10:35:55,11.53,50.92
8/3/2022,10:35:56,11.55,32.3
8/3/2022,10:35:57,11.61,34.99
8/3/2022,10:35:58,11.6,39.02
8/3/2022,10:35:59,11.63,37.08
8/3/2022,10:36:00,11.63,38.01
8/3/2022,10:36:01,11.64,37.7
8/3/2022,10:36:02,11.66,32.56
8/3/2022,10:36:03,11.66,31.59
8/3/2022,10:36:04,11.66,33.91
8/3/2022,10:36:05,11.69,29.35
8/3/2022,10:36:06,11.71,34.72
8/3/2022,10:36:07,11.72,36.42
8/3/2022,10:36:08,11.75,37.32
8/3/2022,10:36:09,11.77,40.17
8/3/2022,10:36:10,11.78,36.39
8/3/2022,10:36:11,11.8,31.9
8/3/2022,10:36:12,11.82,33.96
8/3/2022,10:36:13,11.84,32.68
8/3/2022,10:36:14,11.87,34.12
8/3/2022,10:36:15,11.93,33.89
8/3/2022,10:36:16,11.96,33.7
8/3/2022,10:36:17,12.01,33.39
8/3/2022,10:36:18,12.07,32.89
8/3/2022,10:36:19,12.13,32.98
8/3/2022,10:36:20,12.2,32.7
8/3/2022,10:36:21,12.26,32.17
8/3/2022,10:36:22,12.33,31.36
8/3/2022,10:36:23,12.41,31.29
8/3/2022,10:36:24,12.49,30.78
8/3/2022,10:36:25,12.58,30.21
8/3/2022,10:36:26,12.66,29.98
8/3/2022,10:36:27,12.75,29.36
8/3/2022,10:36:28,12.83,28.71
8/3/2022,10:36:29,12.92,28.28
8/3/2022,10:36:30,13.02,27.53
8/3/2022,10:36:31,13.1,30.27
8/3/2022,10:36:32,13.19,16.7
8/3/2022,10:36:33,13.27,18.76
8/3/2022,10:36:34,13.35,18.76
8/3/2022,10:36:35,13.42,20.57
8/3/2022,10:36:36,13.49,20.97
8/3/2022,10:36:37,13.56,20.82
8/3/2022,10:36:38,13.62,20.91
8/3/2022,10:36:39,13.69,21.19
8/3/2022,10:36:40,13.74,21
8/3/2022,10:36:41,13.8,20.86
8/3/2022,10:36:42,13.85,20.68
8/3/2022,10:36:43,13.91,20.48
8/3/2022,10:36:44,13.95,20.23
8/3/2022,10:36:45,13.99,20.01
8/3/2022,10:36:46,14.03,19.68
8/3/2022,10:36:47,14.07,19.52
8/3/2022,10:36:48,14.11,19.27
8/3/2022,10:36:49,14.13,19.07
8/3/2022,10:36:50,14.17,18.6
8/3/2022,10:36:51,14.2,18.35
8/3/2022,10:36:52,14.23,18.01
8/3/2022,10:36:53,14.27,17.62
8/3/2022,10:36:54,14.29,17.03
8/3/2022,10:36:55,14.32,16.76
8/3/2022,10:36:56,14.34,16.44
8/3/2022,10:36:57,14.37,15.98
8/3/2022,10:36:58,14.4,15.84
8/3/2022,10:36:59,14.42,15.51
8/3/2022,10:37:00,14.45,15.22
8/3/2022,10:37:01,14.47,15.17
8/3/2022,10:37:02,14.49,15.03
8/3/2022,10:37:03,14.51,14.82
8/3/2022,10:37:04,14.53,14.67
8/3/2022,10:37:05,14.56,14.38
8/3/2022,10:37:06,14.58,13.93
8/3/2022,10:37:07,14.61,13.72
8/3/2022,10:37:08,14.63,13.55
8/3/2022,10:37:09,14.66,13.45
8/3/2022,10:37:10,14.67,13.34
8/3/2022,10:37:11,14.7,13.14
8/3/2022,10:37:12,14.72,13.03
8/3/2022,10:37:13,14.74,12.85
8/3/2022,10:37:14,14.76,12.66
8/3/2022,10:37:15,14.79,12.57
8/3/2022,10:37:16,14.81,12.29
8/3/2022,10:37:17,14.83,12.13
8/3/2022,10:37:18,14.85,12
8/3/2022,10:37:19,14.86,11.76
8/3/2022,10:37:20,14.88,11.76
8/3/2022,10:37:21,14.89,11.65
8/3/2022,10:37:22,14.91,11.59
8/3/2022,10:37:23,14.92,11.22
8/3/2022,10:37:24,14.93,10.78
8/3/2022,10:37:25,14.94,10.66
8/3/2022,10:37:26,14.95,10.45
8/3/2022,10:37:27,14.95,10.26
8/3/2022,10:37:28,14.96,10.2
8/3/2022,10:37:29,14.96,9.97
8/3/2022,10:37:30,14.97,9.74
8/3/2022,10:37:31,14.97,9.63
8/3/2022,10:37:32,14.97,9.54
8/3/2022,10:37:33,14.97,9.38
8/3/2022,10:37:34,14.97,9.27
8/3/2022,10:37:35,14.97,9.04
8/3/2022,10:37:36,14.98,8.89
8/3/2022,10:37:37,14.97,8.72
8/3/2022,10:37:38,14.98,8.67
8/3/2022,10:37:39,14.98,8.56
8/3/2022,10:37:40,14.98,8.51
8/3/2022,10:37:41,14.98,8.37
8/3/2022,10:37:42,14.98,8.15
8/3/2022,10:37:43,14.98,8.07
8/3/2022,10:37:44,14.98,7.95
8/3/2022,10:37:45,14.98,7.87
8/3/2022,10:37:46,14.98,7.79
8/3/2022,10:37:47,14.98,7.61
8/3/2022,10:37:48,14.98,7.49
8/3/2022,10:37:49,14.98,7.4
8/3/2022,10:37:50,14.98,7.35
8/3/2022,10:37:51,14.98,7.38
8/3/2022,10:37:52,14.97,7.31
8/3/2022,10:37:53,14.97,7.26
8/3/2022,10:37:54,14.96,7.12
8/3/2022,10:37:55,14.95,7.08
8/3/2022,10:37:56,14.94,7.14
8/3/2022,10:37:57,14.93,7.35
8/3/2022,10:37:58,14.92,7.34
8/3/2022,10:37:59,14.9,7.53
8/3/2022,10:38:00,14.88,7.75
8/3/2022,10:38:01,14.87,7.97
8/3/2022,10:38:02,14.85,8.14
8/3/2022,10:38:03,14.83,8.36
8/3/2022,10:38:04,14.81,8.5
8/3/2022,10:38:05,14.8,8.7
8/3/2022,10:38:06,14.78,8.86
8/3/2022,10:38:07,14.76,8.89
8/3/2022,10:38:08,14.74,9.05
8/3/2022,10:38:09,14.72,9.11
8/3/2022,10:38:10,14.71,9.18
8/3/2022,10:38:11,14.69,9.26
8/3/2022,10:38:12,14.67,9.19
8/3/2022,10:38:13,14.65,9.2
8/3/2022,10:38:14,14.64,8.85
8/3/2022,10:38:15,14.63,8.75
8/3/2022,10:38:16,14.63,8.38
8/3/2022,10:38:17,14.62,8.29
8/3/2022,10:38:18,14.61,8.14
8/3/2022,10:38:19,14.61,7.99
8/3/2022,10:38:20,14.62,7.89
8/3/2022,10:38:21,14.62,7.76
8/3/2022,10:38:22,14.62,7.8
8/3/2022,10:38:23,14.62,7.81
8/3/2022,10:38:24,14.62,7.74
8/3/2022,10:38:25,14.63,7.62
8/3/2022,10:38:26,14.63,7.5
8/3/2022,10:38:27,14.63,7.42
8/3/2022,10:38:28,14.63,7.36
8/3/2022,10:38:29,14.63,7.19
8/3/2022,10:38:30,14.63,7.25
8/3/2022,10:38:31,14.63,7.18
8/3/2022,10:38:32,14.64,7.08
8/3/2022,10:38:33,14.64,7.02
8/3/2022,10:38:34,14.64,6.97
8/3/2022,10:38:35,14.65,6.99
8/3/2022,10:38:36,14.65,6.96
8/3/2022,10:38:37,14.66,6.87
8/3/2022,10:38:38,14.66,6.75
8/3/2022,10:38:39,14.65,6.76
8/3/2022,10:38:40,14.65,6.73
8/3/2022,10:38:41,14.65,6.7
8/3/2022,10:38:42,14.65,6.68
8/3/2022,10:38:43,14.64,6.66
8/3/2022,10:38:44,14.64,6.63
8/3/2022,10:38:45,14.63,6.55
8/3/2022,10:38:46,14.63,6.54
8/3/2022,10:38:47,14.63,6.45
8/3/2022,10:38:48,14.63,6.35
8/3/2022,10:38:49,14.64,6.25
8/3/2022,10:38:50,14.63,6.18
8/3/2022,10:38:51,14.63,6.11
8/3/2022,10:38:52,14.63,6.09
8/3/2022,10:38:53,14.62,5.96
8/3/2022,10:38:54,14.62,5.95
8/3/2022,10:38:55,14.62,5.96
8/3/2022,10:38:56,14.61,5.97
8/3/2022,10:38:57,14.61,5.97
8/3/2022,10:38:58,14.61,5.93
8/3/2022,10:38:59,14.6,6.04
8/3/2022,10:39:00,14.6,5.96
8/3/2022,10:39:01,14.6,5.89
8/3/2022,10:39:02,14.6,5.86
8/3/2022,10:39:03,14.6,5.87
8/3/2022,10:39:04,14.59,5.83
8/3/2022,10:39:05,14.59,5.77
8/3/2022,10:39:06,14.59,5.71
8/3/2022,10:39:07,14.59,5.66
8/3/2022,10:39:08,14.58,5.61
8/3/2022,10:39:09,14.58,5.56
8/3/2022,10:39:10,14.58,5.5
8/3/2022,10:39:11,14.58,5.41
8/3/2022,10:39:12,14.58,5.32
8/3/2022,10:39:13,14.58,5.28
8/3/2022,10:39:14,14.57,5.25
8/3/2022,10:39:15,14.57,5.31
8/3/2022,10:39:16,14.57,5.31
8/3/2022,10:39:17,14.56,5.32
8/3/2022,10:39:18,14.56,5.35
8/3/2022,10:39:19,14.56,5.36
8/3/2022,10:39:20,14.55,5.4
8/3/2022,10:39:21,14.54,5.38
8/3/2022,10:39:22,14.54,5.38
8/3/2022,10:39:23,14.53,5.53
8/3/2022,10:39:24,14.53,5.56
8/3/2022,10:39:25,14.52,5.58
8/3/2022,10:39:26,14.52,5.64
8/3/2022,10:39:27,14.52,5.7
8/3/2022,10:39:28,14.51,5.68
8/3/2022,10:39:29,14.51,5.61
8/3/2022,10:39:30,14.51,5.65
8/3/2022,10:39:31,14.5,5.67
8/3/2022,10:39:32,14.5,5.69
8/3/2022,10:39:33,14.49,5.86
8/3/2022,10:39:34,14.48,6.11
8/3/2022,10:39:35,14.46,6.4
8/3/2022,10:39:36,14.44,6.8
8/3/2022,10:39:37,14.42,8.47
8/3/2022,10:39:38,14.41,10.05
8/3/2022,10:39:39,14.38,10.18
8/3/2022,10:39:40,14.37,10.18
8/3/2022,10:39:41,14.33,10.17
8/3/2022,10:39:42,14.29,10.17
8/3/2022,10:39:43,14.24,10.18
8/3/2022,10:39:44,14.2,10.16
8/3/2022,10:39:45,14.16,10.21
8/3/2022,10:39:46,14.11,10.17
8/3/2022,10:39:47,14.07,10.18
8/3/2022,10:39:48,14.02,9.94
8/3/2022,10:39:49,13.97,9.93
8/3/2022,10:39:50,13.92,9.57
8/3/2022,10:39:51,13.88,9.16
8/3/2022,10:39:52,13.84,6.35
8/3/2022,10:39:53,13.8,6.16
8/3/2022,10:39:54,13.77,6.11
8/3/2022,10:39:55,13.74,6.19
8/3/2022,10:39:56,13.71,6.28
8/3/2022,10:39:57,13.69,6.37
8/3/2022,10:39:58,13.65,6.44
8/3/2022,10:39:59,13.63,6.53
8/3/2022,10:40:00,13.61,6.54
8/3/2022,10:40:01,13.61,6.68
8/3/2022,10:40:02,13.6,6.66
8/3/2022,10:40:03,13.6,6.59
8/3/2022,10:40:04,13.6,6.51
8/3/2022,10:40:05,13.59,6.49
8/3/2022,10:40:06,13.59,6.48
8/3/2022,10:40:07,13.59,6.47
8/3/2022,10:40:08,13.59,6.32
8/3/2022,10:40:09,13.59,6.26
8/3/2022,10:40:10,13.59,6.14
8/3/2022,10:40:11,13.59,6.09
8/3/2022,10:40:12,13.59,6
8/3/2022,10:40:13,13.58,5.96
8/3/2022,10:40:14,13.58,5.93
8/3/2022,10:40:15,13.59,5.86
8/3/2022,10:40:16,13.59,5.76
8/3/2022,10:40:17,13.6,5.75
8/3/2022,10:40:18,13.61,5.69
8/3/2022,10:40:19,13.61,5.76
8/3/2022,10:40:20,13.62,5.73
8/3/2022,10:40:21,13.62,5.68
8/3/2022,10:40:22,13.62,5.54
8/3/2022,10:40:23,13.62,5.46
8/3/2022,10:40:24,13.62,5.35
8/3/2022,10:40:25,13.63,5.23
8/3/2022,10:40:26,13.63,5.09
8/3/2022,10:40:27,13.63,5.08
8/3/2022,10:40:28,13.63,4.98
8/3/2022,10:40:29,13.64,4.89
8/3/2022,10:40:30,13.64,4.9
8/3/2022,10:40:31,13.64,4.7
8/3/2022,10:40:32,13.65,4.62
8/3/2022,10:40:33,13.65,4.59
8/3/2022,10:40:34,13.66,4.47
8/3/2022,10:40:35,13.66,4.36
8/3/2022,10:40:36,13.66,4.47
8/3/2022,10:40:37,13.66,4.5
8/3/2022,10:40:38,13.66,4.45
8/3/2022,10:40:39,13.66,4.4
8/3/2022,10:40:40,13.66,4.37
8/3/2022,10:40:41,13.66,4.33
8/3/2022,10:40:42,13.65,4.25
8/3/2022,10:40:43,13.65,4.23
8/3/2022,10:40:44,13.65,4.17
8/3/2022,10:40:45,13.65,4.23
8/3/2022,10:40:46,13.65,4.28
8/3/2022,10:40:47,13.65,4.22
8/3/2022,10:40:48,13.65,4.18
8/3/2022,10:40:49,13.65,4.18
8/3/2022,10:40:50,13.65,4.06
8/3/2022,10:40:51,13.64,4.01
8/3/2022,10:40:52,13.64,3.93
8/3/2022,10:40:53,13.65,3.91
8/3/2022,10:40:54,13.64,3.94
8/3/2022,10:40:55,13.64,3.92
8/3/2022,10:40:56,13.64,3.93
8/3/2022,10:40:57,13.64,3.96
8/3/2022,10:40:58,13.64,3.95
8/3/2022,10:40:59,13.64,3.94
8/3/2022,10:41:00,13.64,3.84
8/3/2022,10:41:01,13.63,3.84
8/3/2022,10:41:02,13.63,3.85
8/3/2022,10:41:03,13.64,3.86
8/3/2022,10:41:04,13.64,3.9
8/3/2022,10:41:05,13.64,3.91
8/3/2022,10:41:06,13.65,3.94
8/3/2022,10:41:07,13.64,3.98
8/3/2022,10:41:08,13.64,4.08
8/3/2022,10:41:09,13.64,4.1
8/3/2022,10:41:10,13.64,4.13
8/3/2022,10:41:11,13.64,4.1
8/3/2022,10:41:12,13.63,4.04
8/3/2022,10:41:13,13.63,4.05
8/3/2022,10:41:14,13.63,4.01
8/3/2022,10:41:15,13.63,3.99
8/3/2022,10:41:16,13.63,4.01
8/3/2022,10:41:17,13.63,4.09
8/3/2022,10:41:18,13.63,4.21
8/3/2022,10:41:19,13.63,4.22
8/3/2022,10:41:20,13.63,4.24
8/3/2022,10:41:21,13.63,4.36
8/3/2022,10:41:22,13.63,4.33
8/3/2022,10:41:23,13.62,4.34
8/3/2022,10:41:24,13.62,4.45
8/3/2022,10:41:25,13.61,4.5
8/3/2022,10:41:26,13.61,4.61
8/3/2022,10:41:27,13.61,4.75
8/3/2022,10:41:28,13.6,4.88
8/3/2022,10:41:29,13.6,4.99
8/3/2022,10:41:30,13.6,5.17
8/3/2022,10:41:31,13.59,5.31
8/3/2022,10:41:32,13.59,5.3
8/3/2022,10:41:33,13.6,5.57
8/3/2022,10:41:34,13.59,5.67
8/3/2022,10:41:35,13.59,5.7
8/3/2022,10:41:36,13.59,5.73
8/3/2022,10:41:37,13.58,5.79
8/3/2022,10:41:38,13.57,5.84
8/3/2022,10:41:39,13.57,5.84
8/3/2022,10:41:40,13.57,5.93
8/3/2022,10:41:41,13.57,5.94
8/3/2022,10:41:42,13.57,6.04
8/3/2022,10:41:43,13.57,6.02
8/3/2022,10:41:44,13.57,6.23
8/3/2022,10:41:45,13.56,6.1
8/3/2022,10:41:46,13.56,6.12
8/3/2022,10:41:47,13.56,6.09
8/3/2022,10:41:48,13.55,5.85
8/3/2022,10:41:49,13.55,6.02
8/3/2022,10:41:50,13.54,6.11
8/3/2022,10:41:51,13.53,6.13
8/3/2022,10:41:52,13.53,6.14
8/3/2022,10:41:53,13.52,6.22
8/3/2022,10:41:54,13.5,6.11
8/3/2022,10:41:55,13.5,6.15
8/3/2022,10:41:56,13.49,6.26
8/3/2022,10:41:57,13.49,6.35
8/3/2022,10:41:58,13.48,6.4
8/3/2022,10:41:59,13.48,6.24
8/3/2022,10:42:00,13.47,6.33
8/3/2022,10:42:01,13.47,6.27
8/3/2022,10:42:02,13.46,6.24
8/3/2022,10:42:03,13.46,6.25
8/3/2022,10:42:04,13.45,6.09
8/3/2022,10:42:05,13.45,6.14
8/3/2022,10:42:06,13.45,6.08
8/3/2022,10:42:07,13.45,5.94
8/3/2022,10:42:08,13.45,5.92
8/3/2022,10:42:09,13.45,5.88
8/3/2022,10:42:10,13.45,5.71
8/3/2022,10:42:11,13.45,5.6
8/3/2022,10:42:12,13.45,5.43
8/3/2022,10:42:13,13.45,5.36
8/3/2022,10:42:14,13.45,5.29
8/3/2022,10:42:15,13.46,5.29
8/3/2022,10:42:16,13.46,5.17
8/3/2022,10:42:17,13.46,5.14
8/3/2022,10:42:18,13.46,5.12
8/3/2022,10:42:19,13.46,4.99
8/3/2022,10:42:20,13.46,4.95
8/3/2022,10:42:21,13.46,4.92
8/3/2022,10:42:22,13.46,4.89
8/3/2022,10:42:23,13.46,4.87
8/3/2022,10:42:24,13.46,4.83
8/3/2022,10:42:25,13.46,4.75
8/3/2022,10:42:26,13.46,4.7
8/3/2022,10:42:27,13.46,4.68
8/3/2022,10:42:28,13.47,4.69
8/3/2022,10:42:29,13.46,4.55
8/3/2022,10:42:30,13.47,4.57
8/3/2022,10:42:31,13.47,4.57
8/3/2022,10:42:32,13.47,4.47
8/3/2022,10:42:33,13.47,4.37
8/3/2022,10:42:34,13.47,4.37
8/3/2022,10:42:35,13.48,4.33
8/3/2022,10:42:36,13.48,4.34
8/3/2022,10:42:37,13.48,4.29
8/3/2022,10:42:38,13.48,4.23
8/3/2022,10:42:39,13.48,4.24
8/3/2022,10:42:40,13.48,4.15
8/3/2022,10:42:41,13.49,4.14
8/3/2022,10:42:42,13.49,4.16
8/3/2022,10:42:43,13.49,4.12
8/3/2022,10:42:44,13.5,4.09
8/3/2022,10:42:45,13.5,4.03
8/3/2022,10:42:46,13.5,4
8/3/2022,10:42:47,13.5,4.07
8/3/2022,10:42:48,13.5,4.01
8/3/2022,10:42:49,13.5,4.09
8/3/2022,10:42:50,13.5,4.07
8/3/2022,10:42:51,13.5,4.09
8/3/2022,10:42:52,13.51,4.34
8/3/2022,10:42:53,13.5,4.33
8/3/2022,10:42:54,13.5,4.3
8/3/2022,10:42:55,13.5,4.33
8/3/2022,10:42:56,13.5,4.38
8/3/2022,10:42:57,13.5,4.19
8/3/2022,10:42:58,13.49,4.2
8/3/2022,10:42:59,13.49,4.24
8/3/2022,10:43:00,13.48,4.29
8/3/2022,10:43:01,13.48,4.29
8/3/2022,10:43:02,13.47,4.26
8/3/2022,10:43:03,13.47,4.37
8/3/2022,10:43:04,13.46,4.26
8/3/2022,10:43:05,13.46,4.39
8/3/2022,10:43:06,13.46,4.33
8/3/2022,10:43:07,13.46,4.19
8/3/2022,10:43:08,13.45,4.24
8/3/2022,10:43:09,13.45,4.21
8/3/2022,10:43:10,13.45,4.15
8/3/2022,10:43:11,13.45,4.1
8/3/2022,10:43:12,13.45,4.09
8/3/2022,10:43:13,13.45,4.11
8/3/2022,10:43:14,13.44,4.11
8/3/2022,10:43:15,13.44,4.19
8/3/2022,10:43:16,13.44,4.13
8/3/2022,10:43:17,13.45,4.14
8/3/2022,10:43:18,13.45,4.02
8/3/2022,10:43:19,13.45,4.07
8/3/2022,10:43:20,13.45,4.03
8/3/2022,10:43:21,13.45,4.05
8/3/2022,10:43:22,13.45,4.05
8/3/2022,10:43:23,13.46,4.07
8/3/2022,10:43:24,13.46,4.11
8/3/2022,10:43:25,13.46,4.17
8/3/2022,10:43:26,13.45,4.23
8/3/2022,10:43:27,13.45,4.27
8/3/2022,10:43:28,13.45,4.33
8/3/2022,10:43:29,13.45,4.23
8/3/2022,10:43:30,13.45,4.25
8/3/2022,10:43:31,13.45,4.3
8/3/2022,10:43:32,13.44,4.41
8/3/2022,10:43:33,13.44,4.54
8/3/2022,10:43:34,13.44,4.61
8/3/2022,10:43:35,13.44,4.75
8/3/2022,10:43:36,13.43,4.89
8/3/2022,10:43:37,13.44,4.87
8/3/2022,10:43:38,13.43,4.93
8/3/2022,10:43:39,13.43,4.99
8/3/2022,10:43:40,13.43,5.05
8/3/2022,10:43:41,13.43,5.05
8/3/2022,10:43:42,13.43,5.04
8/3/2022,10:43:43,13.43,5.06
8/3/2022,10:43:44,13.43,5.07
8/3/2022,10:43:45,13.43,5.06
8/3/2022,10:43:46,13.43,5.01
8/3/2022,10:43:47,13.42,4.96
8/3/2022,10:43:48,13.43,4.89
8/3/2022,10:43:49,13.43,4.78
8/3/2022,10:43:50,13.42,4.71
8/3/2022,10:43:51,13.42,4.74
8/3/2022,10:43:52,13.43,4.77
8/3/2022,10:43:53,13.42,4.72
8/3/2022,10:43:54,13.42,4.84
8/3/2022,10:43:55,13.43,4.8
8/3/2022,10:43:56,13.42,4.84
8/3/2022,10:43:57,13.42,4.87
8/3/2022,10:43:58,13.42,4.91
8/3/2022,10:43:59,13.42,4.93
8/3/2022,10:44:00,13.41,5.01
8/3/2022,10:44:01,13.41,5.06
8/3/2022,10:44:02,13.4,5.13
8/3/2022,10:44:03,13.4,5.16
8/3/2022,10:44:04,13.4,5.42
8/3/2022,10:44:05,13.39,5.54
8/3/2022,10:44:06,13.39,5.47
8/3/2022,10:44:07,13.38,5.59
8/3/2022,10:44:08,13.37,5.7
8/3/2022,10:44:09,13.37,5.75
8/3/2022,10:44:10,13.37,5.89
8/3/2022,10:44:11,13.36,6.03
8/3/2022,10:44:12,13.35,6.28
8/3/2022,10:44:13,13.34,6.4
8/3/2022,10:44:14,13.33,6.52
8/3/2022,10:44:15,13.32,6.57
8/3/2022,10:44:16,13.31,6.77
8/3/2022,10:44:17,13.3,6.83
8/3/2022,10:44:18,13.29,7.13
8/3/2022,10:44:19,13.28,7.2
8/3/2022,10:44:20,13.27,7.38
8/3/2022,10:44:21,13.27,7.44
8/3/2022,10:44:22,13.26,7.46
8/3/2022,10:44:23,13.25,7.53
8/3/2022,10:44:24,13.25,7.5
8/3/2022,10:44:25,13.25,7.54
8/3/2022,10:44:26,13.25,7.58
8/3/2022,10:44:27,13.25,7.48
8/3/2022,10:44:28,13.24,7.42
8/3/2022,10:44:29,13.24,7.48
8/3/2022,10:44:30,13.23,7.5
8/3/2022,10:44:31,13.23,7.35
8/3/2022,10:44:32,13.23,7.24
8/3/2022,10:44:33,13.23,7.16
8/3/2022,10:44:34,13.23,6.83
8/3/2022,10:44:35,13.24,6.73
8/3/2022,10:44:36,13.24,6.78
8/3/2022,10:44:37,13.25,6.7
8/3/2022,10:44:38,13.25,6.71
8/3/2022,10:44:39,13.26,6.71
8/3/2022,10:44:40,13.27,6.6
8/3/2022,10:44:41,13.27,6.52
8/3/2022,10:44:42,13.27,6.44
8/3/2022,10:44:43,13.27,6.45
8/3/2022,10:44:44,13.28,6.29
8/3/2022,10:44:45,13.28,6.47
8/3/2022,10:44:46,13.28,6.39
8/3/2022,10:44:47,13.29,6.27
8/3/2022,10:44:48,13.3,6.17
8/3/2022,10:44:49,13.31,6.23
8/3/2022,10:44:50,13.31,6.25
8/3/2022,10:44:51,13.32,6.19
8/3/2022,10:44:52,13.32,6.18
8/3/2022,10:44:53,13.33,6.04
8/3/2022,10:44:54,13.33,5.92
8/3/2022,10:44:55,13.34,5.94
8/3/2022,10:44:56,13.34,5.89
8/3/2022,10:44:57,13.34,5.9
8/3/2022,10:44:58,13.34,5.85
8/3/2022,10:44:59,13.34,5.73
8/3/2022,10:45:00,13.34,5.51
8/3/2022,10:45:01,13.35,5.53
8/3/2022,10:45:02,13.35,5.5
8/3/2022,10:45:03,13.36,5.45
8/3/2022,10:45:04,13.36,5.33
8/3/2022,10:45:05,13.36,5.24
8/3/2022,10:45:06,13.36,5.11
8/3/2022,10:45:07,13.36,5.12
8/3/2022,10:45:08,13.36,5.14
8/3/2022,10:45:09,13.36,5.13
8/3/2022,10:45:10,13.35,5.04
8/3/2022,10:45:11,13.35,5.17
8/3/2022,10:45:12,13.34,5.19
8/3/2022,10:45:13,13.34,5.24
8/3/2022,10:45:14,13.33,5.32
8/3/2022,10:45:15,13.33,5.42
8/3/2022,10:45:16,13.33,5.51
8/3/2022,10:45:17,13.32,5.62
8/3/2022,10:45:18,13.32,5.76
8/3/2022,10:45:19,13.31,5.82
8/3/2022,10:45:20,13.31,6.06
8/3/2022,10:45:21,13.3,6.16
8/3/2022,10:45:22,13.29,6.19
8/3/2022,10:45:23,13.29,6.3
8/3/2022,10:45:24,13.28,6.42
8/3/2022,10:45:25,13.27,6.44
8/3/2022,10:45:26,13.26,6.36
8/3/2022,10:45:27,13.26,6.35
8/3/2022,10:45:28,13.26,6.4
8/3/2022,10:45:29,13.25,6.39
8/3/2022,10:45:30,13.25,6.22
8/3/2022,10:45:31,13.25,6.25
8/3/2022,10:45:32,13.25,6.23
8/3/2022,10:45:33,13.25,6.14
8/3/2022,10:45:34,13.25,6.09
8/3/2022,10:45:35,13.25,6.03
8/3/2022,10:45:36,13.25,6.02
8/3/2022,10:45:37,13.25,6.03
8/3/2022,10:45:38,13.26,5.99
8/3/2022,10:45:39,13.26,5.94
8/3/2022,10:45:40,13.26,5.93
8/3/2022,10:45:41,13.27,5.95
8/3/2022,10:45:42,13.27,6.05
8/3/2022,10:45:43,13.27,6.01
8/3/2022,10:45:44,13.27,6.04
8/3/2022,10:45:45,13.28,6.08
8/3/2022,10:45:46,13.28,6.05
8/3/2022,10:45:47,13.27,6.1
8/3/2022,10:45:48,13.27,6.12
8/3/2022,10:45:49,13.28,6.14
8/3/2022,10:45:50,13.27,6.19
8/3/2022,10:45:51,13.27,6.2
8/3/2022,10:45:52,13.27,6.21
8/3/2022,10:45:53,13.27,6.28
8/3/2022,10:45:54,13.27,6.33
8/3/2022,10:45:55,13.27,6.47
8/3/2022,10:45:56,13.27,6.43
8/3/2022,10:45:57,13.26,6.34
8/3/2022,10:45:58,13.26,6.34
8/3/2022,10:45:59,13.26,6.34
8/3/2022,10:46:00,13.25,6.42
8/3/2022,10:46:01,13.25,6.52
8/3/2022,10:46:02,13.25,6.5
8/3/2022,10:46:03,13.25,6.45
8/3/2022,10:46:04,13.25,6.53
8/3/2022,10:46:05,13.24,6.59
8/3/2022,10:46:06,13.24,6.69
8/3/2022,10:46:07,13.24,6.69
8/3/2022,10:46:08,13.24,6.62
8/3/2022,10:46:09,13.23,6.68
8/3/2022,10:46:10,13.23,6.61
8/3/2022,10:46:11,13.23,6.69
8/3/2022,10:46:12,13.23,6.85
8/3/2022,10:46:13,13.22,7.01
8/3/2022,10:46:14,13.21,7.22
8/3/2022,10:46:15,13.2,7.35
8/3/2022,10:46:16,13.2,7.42
8/3/2022,10:46:17,13.19,7.55
8/3/2022,10:46:18,13.18,7.75
8/3/2022,10:46:19,13.17,7.8
8/3/2022,10:46:20,13.16,7.84
8/3/2022,10:46:21,13.16,8.08
8/3/2022,10:46:22,13.15,8.16
8/3/2022,10:46:23,13.15,8.22
8/3/2022,10:46:24,13.14,8.4
8/3/2022,10:46:25,13.13,8.48
8/3/2022,10:46:26,13.12,8.58
8/3/2022,10:46:27,13.11,8.52
8/3/2022,10:46:28,13.11,8.55
8/3/2022,10:46:29,13.11,8.53
8/3/2022,10:46:30,13.1,8.54
8/3/2022,10:46:31,13.1,8.48
8/3/2022,10:46:32,13.1,8.46
8/3/2022,10:46:33,13.1,8.32
8/3/2022,10:46:34,13.1,8.21
8/3/2022,10:46:35,13.1,8.07
8/3/2022,10:46:36,13.11,7.98
8/3/2022,10:46:37,13.11,7.97
8/3/2022,10:46:38,13.11,7.99
8/3/2022,10:46:39,13.12,7.98
8/3/2022,10:46:40,13.12,7.96
8/3/2022,10:46:41,13.12,7.83
8/3/2022,10:46:42,13.13,7.71
8/3/2022,10:46:43,13.13,7.57
8/3/2022,10:46:44,13.14,7.44
8/3/2022,10:46:45,13.14,7.43
8/3/2022,10:46:46,13.14,7.45
