HI,Drise,Dfall,storm_name,peak tau,peak constituent,rise,fall,A,B,C,Drise_point,Dfall_point,norm_df,storm,constituent
0.7847974273563981,0.7036233427714043,0.08117408458499391,st1_down,1.0,0.25460151392662406,"                        tau_n        cn
Date_Time                              
2021-07-23 14:30:00  0.517255  0.007842
2021-07-23 15:50:00  0.862245  1.000000
2021-07-23 16:09:00  0.946830  0.939019
2021-07-23 16:40:00  1.000000  0.254602","                        tau_n        cn
Date_Time                              
2021-07-23 16:55:00  0.982003  0.147177
2021-07-23 19:19:00  0.730467  0.065656
2021-07-23 21:02:00  0.659296  0.039144",0.2154571246775446,-0.34070424193973603,-0.12871330887846502,"(np.float64(0.8622453652022968), np.float64(1.0))","(np.float64(0.9820030710156851), np.float64(0.14717695684601348))","                     shear_stress  SSC (mg/L)     tau_n        cn
Date_Time                                                        
2021-07-23 14:30:00     68.223515    4.409565  0.517255  0.007842
2021-07-23 15:50:00    113.726185  562.325800  0.862245  1.000000
2021-07-23 16:09:00    124.882455  528.034800  0.946830  0.939019
2021-07-23 16:40:00    131.895386  143.169000  1.000000  0.254602
2021-07-23 16:55:00    129.521674   82.761400  0.982003  0.147177
2021-07-23 19:19:00     96.345185   36.920000  0.730467  0.065656
2021-07-23 21:02:00     86.958069   22.011900  0.659296  0.039144",st1_down,SSC (mg/L)
-0.04419363982893121,-0.06320509842558905,0.019011458596657847,st1_down,1.0,1.0,"                        tau_n        cn
Date_Time                              
2021-07-23 14:30:00  0.517255  0.298295
2021-07-23 15:50:00  0.862245  0.704545
2021-07-23 16:09:00  0.946830  1.000000
2021-07-23 16:40:00  1.000000  1.000000","                        tau_n        cn
Date_Time                              
2021-07-23 16:55:00  0.982003  0.943182
2021-07-23 19:19:00  0.730467  0.602273
2021-07-23 21:02:00  0.659296  0.534091",0.46590909090909083,-0.34070424193973603,-0.1252048489693548,"(np.float64(0.8622453652022968), np.float64(0.7045454545454546))","(np.float64(0.9820030710156851), np.float64(0.9431818181818182))","                     shear_stress  SRP (mg/L)     tau_n        cn
Date_Time                                                        
2021-07-23 14:30:00     68.223515     0.02625  0.517255  0.298295
2021-07-23 15:50:00    113.726185     0.06200  0.862245  0.704545
2021-07-23 16:09:00    124.882455     0.08800  0.946830  1.000000
2021-07-23 16:40:00    131.895386     0.08800  1.000000  1.000000
2021-07-23 16:55:00    129.521674     0.08300  0.982003  0.943182
2021-07-23 19:19:00     96.345185     0.05300  0.730467  0.602273
2021-07-23 21:02:00     86.958069     0.04700  0.659296  0.534091",st1_down,SRP (mg/L)
0.3706996892584864,0.3334777301601587,0.03722195909832769,st1_down,1.0,0.5573033707865168,"                        tau_n        cn
Date_Time                              
2021-07-23 14:30:00  0.517255  0.070225
2021-07-23 15:50:00  0.862245  0.808989
2021-07-23 16:09:00  0.946830  1.000000
2021-07-23 16:40:00  1.000000  0.557303","                        tau_n        cn
Date_Time                              
2021-07-23 16:55:00  0.982003  0.480899
2021-07-23 19:19:00  0.730467  0.217978
2021-07-23 21:02:00  0.659296  0.173034",0.3842696629213483,-0.34070424193973603,-0.19439404044706843,"(np.float64(0.9468295905932003), np.float64(1.0))","(np.float64(0.9820030710156851), np.float64(0.48089887640449436))","                     shear_stress  TP (mg/L)     tau_n        cn
Date_Time                                                       
2021-07-23 14:30:00     68.223515    0.03125  0.517255  0.070225
2021-07-23 15:50:00    113.726185    0.36000  0.862245  0.808989
2021-07-23 16:09:00    124.882455    0.44500  0.946830  1.000000
2021-07-23 16:40:00    131.895386    0.24800  1.000000  0.557303
2021-07-23 16:55:00    129.521674    0.21400  0.982003  0.480899
2021-07-23 19:19:00     96.345185    0.09700  0.730467  0.217978
2021-07-23 21:02:00     86.958069    0.07700  0.659296  0.173034",st1_down,TP (mg/L)
0.4584213934531477,0.36956984161044815,0.08885155184269958,st1_down,1.0,0.47239263803680986,"                        tau_n        cn
Date_Time                              
2021-07-23 14:30:00  0.517255  0.000000
2021-07-23 15:50:00  0.862245  0.730061
2021-07-23 16:09:00  0.946830  1.000000
2021-07-23 16:40:00  1.000000  0.472393","                        tau_n        cn
Date_Time                              
2021-07-23 16:55:00  0.982003  0.306748
2021-07-23 19:19:00  0.730467  0.061350
2021-07-23 21:02:00  0.659296  0.042945",0.4294478527607362,-0.34070424193973603,-0.2685016771204928,"(np.float64(0.9468295905932003), np.float64(1.0))","(np.float64(0.9820030710156851), np.float64(0.3067484662576687))","                     shear_stress  PP (mg/L)     tau_n        cn
Date_Time                                                       
2021-07-23 14:30:00     68.223515       0.00  0.517255  0.000000
2021-07-23 15:50:00    113.726185       1.19  0.862245  0.730061
2021-07-23 16:09:00    124.882455       1.63  0.946830  1.000000
2021-07-23 16:40:00    131.895386       0.77  1.000000  0.472393
2021-07-23 16:55:00    129.521674       0.50  0.982003  0.306748
2021-07-23 19:19:00     96.345185       0.10  0.730467  0.061350
2021-07-23 21:02:00     86.958069       0.07  0.659296  0.042945",st1_down,PP (mg/L)
0.7356117040014949,0.6964676167622592,0.03914408723923563,st1_down,1.0,0.2807200929152149,"                        tau_n        cn
Date_Time                              
2021-07-23 14:30:00  0.517255  0.055452
2021-07-23 15:50:00  0.862245  1.000000
2021-07-23 16:09:00  0.946830  0.972280
2021-07-23 16:40:00  1.000000  0.280720","                        tau_n        cn
Date_Time                              
2021-07-23 16:55:00  0.982003  0.226113
2021-07-23 19:19:00  0.730467  0.124100
2021-07-23 21:02:00  0.659296  0.093012",0.18770809136662797,-0.34070424193973603,-0.09206556491269743,"(np.float64(0.8622453652022968), np.float64(1.0))","(np.float64(0.9820030710156851), np.float64(0.22611304684475417))","                     shear_stress  POC (mg/L)     tau_n        cn
Date_Time                                                        
2021-07-23 14:30:00     68.223515    2.864641  0.517255  0.055452
2021-07-23 15:50:00    113.726185   51.660000  0.862245  1.000000
2021-07-23 16:09:00    124.882455   50.228000  0.946830  0.972280
2021-07-23 16:40:00    131.895386   14.502000  1.000000  0.280720
2021-07-23 16:55:00    129.521674   11.681000  0.982003  0.226113
2021-07-23 19:19:00     96.345185    6.411000  0.730467  0.124100
2021-07-23 21:02:00     86.958069    4.805000  0.659296  0.093012",st1_down,POC (mg/L)
-0.6901560027860472,-0.6253526910171159,-0.06480331176893124,st1_down,1.0,1.0,"                        tau_n        cn
Date_Time                              
2021-07-23 14:30:00  0.517255  0.130993
2021-07-23 15:50:00  0.862245  0.685586
2021-07-23 16:09:00  0.946830  0.943241
2021-07-23 16:40:00  1.000000  1.000000","                        tau_n        cn
Date_Time                              
2021-07-23 16:55:00  0.982003  0.970874
2021-07-23 19:19:00  0.730467  0.961165
2021-07-23 21:02:00  0.659296  0.862584",0.13741598207617622,-0.34070424193973603,0.2032882598635598,"(np.float64(0.5172547487905711), np.float64(0.1309932785660941))","(np.float64(0.7304666828088201), np.float64(0.9611650485436892))","                     shear_stress  DOC (mg/L)     tau_n        cn
Date_Time                                                        
2021-07-23 14:30:00     68.223515       1.754  0.517255  0.130993
2021-07-23 15:50:00    113.726185       9.180  0.862245  0.685586
2021-07-23 16:09:00    124.882455      12.630  0.946830  0.943241
2021-07-23 16:40:00    131.895386      13.390  1.000000  1.000000
2021-07-23 16:55:00    129.521674      13.000  0.982003  0.970874
2021-07-23 19:19:00     96.345185      12.870  0.730467  0.961165
2021-07-23 21:02:00     86.958069      11.550  0.659296  0.862584",st1_down,DOC (mg/L)
0.739751423729254,0.6852148102040593,0.05453661352519466,st1_up,1.0,0.23971660820667,"                        tau_n        cn
Date_Time                              
2021-07-23 14:30:00  0.528676  0.012275
2021-07-23 14:54:00  0.649049  0.192030
2021-07-23 15:02:00  0.681272  0.346515
2021-07-23 16:13:00  0.980586  1.000000
2021-07-23 16:58:00  1.000000  0.239717","                        tau_n        cn
Date_Time                              
2021-07-23 17:58:00  0.854358  0.103636
2021-07-23 20:13:00  0.698122  0.084725",0.15499137019096934,-0.30187786678415074,-0.08262623187280776,"(np.float64(0.9805859518480526), np.float64(1.0))","(np.float64(0.8543577090481839), np.float64(0.10363565503034351))","                     shear_stress  SSC (mg/L)     tau_n        cn
Date_Time                                                        
2021-07-23 14:30:00     68.223515    4.409565  0.528676  0.012275
2021-07-23 14:54:00     83.757128   68.981000  0.649049  0.192030
2021-07-23 15:02:00     87.915423  124.475000  0.681272  0.346515
2021-07-23 16:13:00    126.540663  359.220000  0.980586  1.000000
2021-07-23 16:58:00    129.045967   86.111000  1.000000  0.239717
2021-07-23 17:58:00    110.251417   37.228000  0.854358  0.103636
2021-07-23 20:13:00     90.089846   30.435000  0.698122  0.084725",st1_up,SSC (mg/L)
0.05699265711304116,0.06302852654361855,-0.006035869430577395,st1_up,1.0,0.9222222222222223,"                        tau_n        cn
Date_Time                              
2021-07-23 14:30:00  0.528676  0.291667
2021-07-23 14:54:00  0.649049  0.466667
2021-07-23 15:02:00  0.681272  0.500000
2021-07-23 16:13:00  0.980586  1.000000
2021-07-23 16:58:00  1.000000  0.922222","                        tau_n        cn
Date_Time                              
2021-07-23 17:58:00  0.854358  0.744444
2021-07-23 20:13:00  0.698122  0.533333",0.38888888888888895,-0.30187786678415074,-0.11049041174350549,"(np.float64(0.9805859518480526), np.float64(1.0))","(np.float64(0.8543577090481839), np.float64(0.7444444444444445))","                     shear_stress  SRP (mg/L)     tau_n        cn
Date_Time                                                        
2021-07-23 14:30:00     68.223515     0.02625  0.528676  0.291667
2021-07-23 14:54:00     83.757128     0.04200  0.649049  0.466667
2021-07-23 15:02:00     87.915423     0.04500  0.681272  0.500000
2021-07-23 16:13:00    126.540663     0.09000  0.980586  1.000000
2021-07-23 16:58:00    129.045967     0.08300  1.000000  0.922222
2021-07-23 17:58:00    110.251417     0.06700  0.854358  0.744444
2021-07-23 20:13:00     90.089846     0.04800  0.698122  0.533333",st1_up,SRP (mg/L)
0.3298929332954702,0.29830087210788697,0.031592061187583245,st1_up,1.0,0.574585635359116,"                        tau_n        cn
Date_Time                              
2021-07-23 14:30:00  0.528676  0.086326
2021-07-23 14:54:00  0.649049  0.259669
2021-07-23 15:02:00  0.681272  0.331492
2021-07-23 16:13:00  0.980586  1.000000
2021-07-23 16:58:00  1.000000  0.574586","                        tau_n        cn
Date_Time                              
2021-07-23 17:58:00  0.854358  0.364641
2021-07-23 20:13:00  0.698122  0.237569",0.3370165745856354,-0.30187786678415074,-0.16356188869860952,"(np.float64(0.9805859518480526), np.float64(1.0))","(np.float64(0.8543577090481839), np.float64(0.36464088397790057))","                     shear_stress  TP (mg/L)     tau_n        cn
Date_Time                                                       
2021-07-23 14:30:00     68.223515    0.03125  0.528676  0.086326
2021-07-23 14:54:00     83.757128    0.09400  0.649049  0.259669
2021-07-23 15:02:00     87.915423    0.12000  0.681272  0.331492
2021-07-23 16:13:00    126.540663    0.36200  0.980586  1.000000
2021-07-23 16:58:00    129.045967    0.20800  1.000000  0.574586
2021-07-23 17:58:00    110.251417    0.13200  0.854358  0.364641
2021-07-23 20:13:00     90.089846    0.08600  0.698122  0.237569",st1_up,TP (mg/L)
0.7088771794969436,0.660331627981928,0.04854555151501563,st1_up,1.0,0.22891566265060243,"                        tau_n        cn
Date_Time                              
2021-07-23 14:30:00  0.528676  0.000000
2021-07-23 14:54:00  0.649049  0.090361
2021-07-23 15:02:00  0.681272  0.168675
2021-07-23 16:13:00  0.980586  1.000000
2021-07-23 16:58:00  1.000000  0.228916","                        tau_n        cn
Date_Time                              
2021-07-23 17:58:00  0.854358  0.078313
2021-07-23 20:13:00  0.698122  0.036145",0.1927710843373494,-0.30187786678415074,-0.12366651242290524,"(np.float64(0.9805859518480526), np.float64(1.0))","(np.float64(0.8543577090481839), np.float64(0.0783132530120482))","                     shear_stress  PP (mg/L)     tau_n        cn
Date_Time                                                       
2021-07-23 14:30:00     68.223515       0.00  0.528676  0.000000
2021-07-23 14:54:00     83.757128       0.15  0.649049  0.090361
2021-07-23 15:02:00     87.915423       0.28  0.681272  0.168675
2021-07-23 16:13:00    126.540663       1.66  0.980586  1.000000
2021-07-23 16:58:00    129.045967       0.38  1.000000  0.228916
2021-07-23 17:58:00    110.251417       0.13  0.854358  0.078313
2021-07-23 20:13:00     90.089846       0.06  0.698122  0.036145",st1_up,PP (mg/L)
0.7677381561384321,0.74123736931701,0.02650078682142213,st1_up,1.0,0.230722268801497,"                        tau_n        cn
Date_Time                              
2021-07-23 14:30:00  0.528676  0.069396
2021-07-23 14:54:00  0.649049  0.269022
2021-07-23 15:02:00  0.681272  0.719782
2021-07-23 16:13:00  0.980586  1.000000
2021-07-23 16:58:00  1.000000  0.230722","                        tau_n        cn
Date_Time                              
2021-07-23 17:58:00  0.854358  0.158400
2021-07-23 20:13:00  0.698122  0.138265",0.09245749564206565,-0.30187786678415074,-0.02280754931667034,"(np.float64(0.9805859518480526), np.float64(1.0))","(np.float64(0.8543577090481839), np.float64(0.1583998761757657))","                     shear_stress  POC (mg/L)     tau_n        cn
Date_Time                                                        
2021-07-23 14:30:00     68.223515    2.864641  0.528676  0.069396
2021-07-23 14:54:00     83.757128   11.105057  0.649049  0.269022
2021-07-23 15:02:00     87.915423   29.712121  0.681272  0.719782
2021-07-23 16:13:00    126.540663   41.279351  0.980586  1.000000
2021-07-23 16:58:00    129.045967    9.524065  1.000000  0.230722
2021-07-23 17:58:00    110.251417    6.538644  0.854358  0.158400
2021-07-23 20:13:00     90.089846    5.707480  0.698122  0.138265",st1_up,POC (mg/L)
-0.7718978339419281,-0.7297179440554983,-0.042179889886429886,st1_up,1.0,0.9900061031431187,"                        tau_n        cn
Date_Time                              
2021-07-23 14:30:00  0.528676  0.133811
2021-07-23 14:54:00  0.649049  0.344980
2021-07-23 15:02:00  0.681272  0.338419
2021-07-23 16:13:00  0.980586  0.949191
2021-07-23 16:58:00  1.000000  0.990006","                        tau_n        cn
Date_Time                              
2021-07-23 17:58:00  0.854358  1.000000
2021-07-23 20:13:00  0.698122  0.921041",0.06896551724137923,-0.30187786678415074,0.2298954132787553,"(np.float64(0.5286760710039148), np.float64(0.13381141287763199))","(np.float64(0.8543577090481839), np.float64(1.0))","                     shear_stress  DOC (mg/L)     tau_n        cn
Date_Time                                                        
2021-07-23 14:30:00     68.223515       1.754  0.528676  0.133811
2021-07-23 14:54:00     83.757128       4.522  0.649049  0.344980
2021-07-23 15:02:00     87.915423       4.436  0.681272  0.338419
2021-07-23 16:13:00    126.540663      12.442  0.980586  0.949191
2021-07-23 16:58:00    129.045967      12.977  1.000000  0.990006
2021-07-23 17:58:00    110.251417      13.108  0.854358  1.000000
2021-07-23 20:13:00     90.089846      12.073  0.698122  0.921041",st1_up,DOC (mg/L)
0.17369777575697318,0.15689425896953005,0.01680351678744314,st2_down,1.0,0.7823843980452516,"                        tau_n        cn
Date_Time                              
2022-08-03 14:30:00  0.823018  0.050705
2022-08-03 15:02:00  0.872909  1.000000
2022-08-03 15:17:00  0.989836  0.832635
2022-08-03 15:47:00  0.959381  0.952839
2022-08-03 16:17:00  1.000000  0.782384","                        tau_n        cn
Date_Time                              
2022-08-03 18:02:00  0.938881  0.301872
2022-08-03 18:17:00  0.932613  0.198286
2022-08-03 19:02:00  0.903335  0.113131",0.6692535958604513,-0.09666456756689656,-0.5936247463523204,"(np.float64(0.8729092449183128), np.float64(1.0))","(np.float64(0.9326128858701277), np.float64(0.19828639038493853))","                     shear_stress  SSC (mg/L)     tau_n        cn
Date_Time                                                        
2022-08-03 14:30:00     58.333339      2.9270  0.823018  0.050705
2022-08-03 15:02:00     61.869488     57.7261  0.872909  1.000000
2022-08-03 15:17:00     70.156915     48.0648  0.989836  0.832635
2022-08-03 15:47:00     67.998376     55.0037  0.959381  0.952839
2022-08-03 16:17:00     70.877342     45.1640  1.000000  0.782384
2022-08-03 18:02:00     66.545412     17.4259  0.938881  0.301872
2022-08-03 18:17:00     66.101123     11.4463  0.932613  0.198286
2022-08-03 19:02:00     64.026015      6.5306  0.903335  0.113131",st2_down,SSC (mg/L)
0.06687519336479229,0.07448310838351503,-0.0076079150187227385,st2_down,1.0,1.0,"                        tau_n        cn
Date_Time                              
2022-08-03 14:30:00  0.831470  0.027960
2022-08-03 15:02:00  0.881873  0.208385
2022-08-03 15:17:00  1.000000  1.000000","                        tau_n        cn
Date_Time                              
2022-08-03 15:47:00  0.969233  0.760117
2022-08-03 18:17:00  0.942190  0.400292",0.5997083765549289,-0.05781029760845069,-0.5418980789464782,"(np.float64(0.8314695535573989), np.float64(0.027960061847656807))","(np.float64(0.9692326995954473), np.float64(0.7601166493780284))","                     shear_stress  SRP (mg/L)     tau_n        cn
Date_Time                                                        
2022-08-03 14:30:00     58.333339    0.002000  0.831470  0.027960
2022-08-03 15:02:00     61.869488    0.014906  0.881873  0.208385
2022-08-03 15:17:00     70.156915    0.071531  1.000000  1.000000
2022-08-03 15:47:00     67.998376    0.054372  0.969233  0.760117
2022-08-03 18:17:00     66.101123    0.028633  0.942190  0.400292",st2_down,SRP (mg/L)
0.10077650528672454,0.11551752551883197,-0.014741020232107443,st2_down,1.0,1.0,"                        tau_n        cn
Date_Time                              
2022-08-03 14:30:00  0.831470  0.227122
2022-08-03 15:02:00  0.881873  0.980723
2022-08-03 15:17:00  1.000000  1.000000","                        tau_n        cn
Date_Time                              
2022-08-03 15:47:00  0.969233  0.845786
2022-08-03 18:17:00  0.942190  0.440974",0.5590255867897866,-0.05781029760845069,-0.501215289181336,"(np.float64(0.8818729766070893), np.float64(0.9807232556279384))","(np.float64(0.9692326995954473), np.float64(0.8457860450235072))","                     shear_stress  TP (mg/L)     tau_n        cn
Date_Time                                                       
2022-08-03 14:30:00     58.333339   0.023000  0.831470  0.227122
2022-08-03 15:02:00     61.869488   0.099315  0.881873  0.980723
2022-08-03 15:17:00     70.156915   0.101267  1.000000  1.000000
2022-08-03 15:47:00     67.998376   0.085650  0.969233  0.845786
2022-08-03 18:17:00     66.101123   0.044656  0.942190  0.440974",st2_down,TP (mg/L)
0.1482269067426528,0.13208392081429532,0.01614298592835748,st2_down,1.0,0.8333333333333334,"                        tau_n        cn
Date_Time                              
2022-08-03 14:30:00  0.831470  0.000000
2022-08-03 15:02:00  0.881873  1.000000
2022-08-03 15:17:00  1.000000  0.833333","                        tau_n        cn
Date_Time                              
2022-08-03 15:47:00  0.969233  0.291667
2022-08-03 18:17:00  0.942190  0.166667",0.6666666666666667,-0.05781029760845069,-0.6184914186596244,"(np.float64(0.8818729766070893), np.float64(1.0))","(np.float64(0.9692326995954473), np.float64(0.2916666666666667))","                     shear_stress  PP (mg/L)     tau_n        cn
Date_Time                                                       
2022-08-03 14:30:00     58.333339       0.00  0.831470  0.000000
2022-08-03 15:02:00     61.869488       0.48  0.881873  1.000000
2022-08-03 15:17:00     70.156915       0.40  1.000000  0.833333
2022-08-03 15:47:00     67.998376       0.14  0.969233  0.291667
2022-08-03 18:17:00     66.101123       0.08  0.942190  0.166667",st2_down,PP (mg/L)
0.19968050100080836,0.16274944235821773,0.03693105864259062,st2_down,1.0,0.8046180160577996,"                        tau_n        cn
Date_Time                              
2022-08-03 14:30:00  0.823018  0.268264
2022-08-03 15:02:00  0.872909  1.000000
2022-08-03 15:17:00  0.989836  0.842450
2022-08-03 15:47:00  0.959381  0.765041
2022-08-03 16:17:00  1.000000  0.804618","                        tau_n        cn
Date_Time                              
2022-08-03 18:02:00  0.938881  0.307799
2022-08-03 18:17:00  0.932613  0.464208
2022-08-03 19:02:00  0.903335  0.318402",0.48621588658564346,-0.09666456756689656,-0.408437834006882,"(np.float64(0.8729092449183128), np.float64(1.0))","(np.float64(0.9388813077054753), np.float64(0.3077992004978138))","                     shear_stress  POC (mg/L)     tau_n        cn
Date_Time                                                        
2022-08-03 14:30:00     58.333339    1.820000  0.823018  0.268264
2022-08-03 15:02:00     61.869488    6.784352  0.872909  1.000000
2022-08-03 15:17:00     70.156915    5.715476  0.989836  0.842450
2022-08-03 15:47:00     67.998376    5.190304  0.959381  0.765041
2022-08-03 16:17:00     70.877342    5.458812  1.000000  0.804618
2022-08-03 18:02:00     66.545412    2.088218  0.938881  0.307799
2022-08-03 18:17:00     66.101123    3.149352  0.932613  0.464208
2022-08-03 19:02:00     64.026015    2.160152  0.903335  0.318402",st2_down,POC (mg/L)
0.017836570943256733,0.07384997809968422,-0.05601340715642748,st2_down,1.0,1.0,"                        tau_n        cn
Date_Time                              
2022-08-03 14:30:00  0.823018  0.322633
2022-08-03 15:02:00  0.872909  0.565297
2022-08-03 15:17:00  0.989836  0.753653
2022-08-03 15:47:00  0.959381  0.924520
2022-08-03 16:17:00  1.000000  1.000000","                        tau_n        cn
Date_Time                              
2022-08-03 18:02:00  0.938881  0.934760
2022-08-03 18:17:00  0.932613  0.928892
2022-08-03 19:02:00  0.903335  0.359913",0.6400874467840294,-0.09666456756689656,-0.543422879217133,"(np.float64(0.8230181436795838), np.float64(0.32263260844551833))","(np.float64(0.9326128858701277), np.float64(0.9288919571971004))","                     shear_stress  DOC (mg/L)     tau_n        cn
Date_Time                                                        
2022-08-03 14:30:00     58.333339       2.804  0.823018  0.322633
2022-08-03 15:02:00     61.869488       4.913  0.872909  0.565297
2022-08-03 15:17:00     70.156915       6.550  0.989836  0.753653
2022-08-03 15:47:00     67.998376       8.035  0.959381  0.924520
2022-08-03 16:17:00     70.877342       8.691  1.000000  1.000000
2022-08-03 18:02:00     66.545412       8.124  0.938881  0.934760
2022-08-03 18:17:00     66.101123       8.073  0.932613  0.928892
2022-08-03 19:02:00     64.026015       3.128  0.903335  0.359913",st2_down,DOC (mg/L)
0.09914394515206068,0.06658189918621647,0.0325620459658442,st3_down,1.0,0.7207949308493977,"                        tau_n        cn
Date_Time                              
2022-08-08 13:15:00  0.840045  0.059623
2022-08-08 13:43:00  0.864161  0.172730
2022-08-08 13:58:00  0.880260  0.218851
2022-08-08 14:13:00  0.941277  0.404100
2022-08-08 14:28:00  0.979861  1.000000
2022-08-08 14:43:00  1.000000  0.720795","                        tau_n        cn
Date_Time                              
2022-08-08 15:23:00  0.987933  0.482386
2022-08-08 16:13:00  0.944865  0.201434
2022-08-08 16:43:00  0.927524  0.161941
2022-08-08 16:58:00  0.911208  0.083123
2022-08-08 17:28:00  0.903868  0.033520
2022-08-08 17:58:00  0.890304  0.017207
2022-08-08 18:13:00  0.897420  0.116505",0.6042903144687132,-0.10257978064086293,-0.530351328575136,"(np.float64(0.9798613584290454), np.float64(1.0))","(np.float64(0.9448650372196695), np.float64(0.20143386896804433))","                     shear_stress  SSC (mg/L)     tau_n        cn
Date_Time                                                        
2022-08-08 13:15:00     62.624899    2.927000  0.840045  0.059623
2022-08-08 13:43:00     64.422767    8.479607  0.864161  0.172730
2022-08-08 13:58:00     65.622902   10.743802  0.880260  0.218851
2022-08-08 14:13:00     70.171737   19.837990  0.941277  0.404100
2022-08-08 14:28:00     73.048145   49.091802  0.979861  1.000000
2022-08-08 14:43:00     74.549470   35.385122  1.000000  0.720795
2022-08-08 15:23:00     73.649884   23.681202  0.987933  0.482386
2022-08-08 16:13:00     70.439187    9.888752  0.944865  0.201434
2022-08-08 16:43:00     69.146411    7.950000  0.927524  0.161941
2022-08-08 16:58:00     67.930071    4.080633  0.911208  0.083123
2022-08-08 17:28:00     67.382843    1.645549  0.903868  0.033520
2022-08-08 17:58:00     66.371712    0.844737  0.890304  0.017207
2022-08-08 18:13:00     66.902201    5.719422  0.897420  0.116505",st3_down,SSC (mg/L)
-0.086669485065099,-0.09627582459892188,0.009606339533822885,st3_down,1.0,1.0,"                        tau_n        cn
Date_Time                              
2022-08-08 13:15:00  0.850305  0.039262
2022-08-08 13:58:00  0.891012  0.225248
2022-08-08 14:28:00  0.991830  0.528412
2022-08-08 15:23:00  1.000000  1.000000","                        tau_n        cn
Date_Time                              
2022-08-08 16:13:00  0.956406  0.764206
2022-08-08 18:13:00  0.908382  0.595782",0.40421831259643737,-0.0916183771558573,-0.31259993544058007,"(np.float64(0.9918297267334465), np.float64(0.5284119686374897))","(np.float64(0.9564059482537843), np.float64(0.7642059843187449))","                     shear_stress  SRP (mg/L)     tau_n        cn
Date_Time                                                        
2022-08-08 13:15:00     62.624899    0.002000  0.850305  0.039262
2022-08-08 13:58:00     65.622902    0.011474  0.891012  0.225248
2022-08-08 14:28:00     73.048145    0.026917  0.991830  0.528412
2022-08-08 15:23:00     73.649884    0.050940  1.000000  1.000000
2022-08-08 16:13:00     70.439187    0.038928  0.956406  0.764206
2022-08-08 18:13:00     66.902201    0.030349  0.908382  0.595782",st3_down,SRP (mg/L)
0.06349390218421766,0.029716983845044162,0.03377691833917349,st3_down,1.0,1.0,"                        tau_n        cn
Date_Time                              
2022-08-08 13:15:00  0.850305  0.311073
2022-08-08 13:58:00  0.891012  0.392755
2022-08-08 14:28:00  0.991830  0.863148
2022-08-08 15:23:00  1.000000  1.000000","                        tau_n        cn
Date_Time                              
2022-08-08 16:13:00  0.956406  0.551167
2022-08-08 18:13:00  0.908382  0.471961",0.5280391464706097,-0.0916183771558573,-0.4364207693147524,"(np.float64(0.8503054597725183), np.float64(0.31107270039506235))","(np.float64(0.9564059482537843), np.float64(0.5511667254999817))","                     shear_stress  TP (mg/L)     tau_n        cn
Date_Time                                                       
2022-08-08 13:15:00     62.624899   0.023000  0.850305  0.311073
2022-08-08 13:58:00     65.622902   0.029039  0.891012  0.392755
2022-08-08 14:28:00     73.048145   0.063819  0.991830  0.863148
2022-08-08 15:23:00     73.649884   0.073938  1.000000  1.000000
2022-08-08 16:13:00     70.439187   0.040752  0.956406  0.551167
2022-08-08 18:13:00     66.902201   0.034896  0.908382  0.471961",st3_down,TP (mg/L)
-0.09025996460392476,0.04926895445100403,-0.13952891905492878,st3_down,1.0,0.5862068965517242,"                        tau_n        cn
Date_Time                              
2022-08-08 13:15:00  0.850305  0.000000
2022-08-08 13:58:00  0.891012  0.344828
2022-08-08 14:28:00  0.991830  0.379310
2022-08-08 15:23:00  1.000000  0.586207","                        tau_n        cn
Date_Time                              
2022-08-08 16:13:00  0.956406  1.000000
2022-08-08 18:13:00  0.908382  0.206897",0.3793103448275863,-0.0916183771558573,-0.32560302028794585,"(np.float64(0.8910116074838264), np.float64(0.3448275862068966))","(np.float64(0.9564059482537843), np.float64(1.0))","                     shear_stress  PP (mg/L)     tau_n        cn
Date_Time                                                       
2022-08-08 13:15:00     62.624899       0.00  0.850305  0.000000
2022-08-08 13:58:00     65.622902       0.10  0.891012  0.344828
2022-08-08 14:28:00     73.048145       0.11  0.991830  0.379310
2022-08-08 15:23:00     73.649884       0.17  1.000000  0.586207
2022-08-08 16:13:00     70.439187       0.29  0.956406  1.000000
2022-08-08 18:13:00     66.902201       0.06  0.908382  0.206897",st3_down,PP (mg/L)
0.1253508632092747,0.0574900289420502,0.0678608342672245,st3_down,1.0,0.9546476296615698,"                        tau_n        cn
Date_Time                              
2022-08-08 13:15:00  0.840045  0.283313
2022-08-08 13:43:00  0.864161  0.284150
2022-08-08 13:58:00  0.880260  0.318416
2022-08-08 14:13:00  0.941277  0.570124
2022-08-08 14:28:00  0.979861  1.000000
2022-08-08 14:43:00  1.000000  0.954648","                        tau_n        cn
Date_Time                              
2022-08-08 15:23:00  0.987933  0.422476
2022-08-08 16:13:00  0.944865  0.367599
2022-08-08 16:43:00  0.927524  0.286897
2022-08-08 16:58:00  0.911208  0.283065
2022-08-08 17:28:00  0.903868  0.300359
2022-08-08 17:58:00  0.890304  0.324415
2022-08-08 18:13:00  0.897420  0.278222",0.6764252081707629,-0.10257978064086293,-0.5784976637307593,"(np.float64(0.8400448589460867), np.float64(0.28331296005296225))","(np.float64(0.9879330413458988), np.float64(0.42247645564597314))","                     shear_stress  POC (mg/L)     tau_n        cn
Date_Time                                                        
2022-08-08 13:15:00     62.624899    1.520000  0.840045  0.283313
2022-08-08 13:43:00     64.422767    1.524491  0.864161  0.284150
2022-08-08 13:58:00     65.622902    1.708333  0.880260  0.318416
2022-08-08 14:13:00     70.171737    3.058769  0.941277  0.570124
2022-08-08 14:28:00     73.048145    5.365092  0.979861  1.000000
2022-08-08 14:43:00     74.549470    5.121772  1.000000  0.954648
2022-08-08 15:23:00     73.649884    2.266625  0.987933  0.422476
2022-08-08 16:13:00     70.439187    1.972202  0.944865  0.367599
2022-08-08 16:43:00     69.146411    1.539230  0.927524  0.286897
2022-08-08 16:58:00     67.930071    1.518672  0.911208  0.283065
2022-08-08 17:28:00     67.382843    1.611455  0.903868  0.300359
2022-08-08 17:58:00     66.371712    1.740515  0.890304  0.324415
2022-08-08 18:13:00     66.902201    1.492689  0.897420  0.278222",st3_down,POC (mg/L)
-0.5416060861366411,-0.48071854313835544,-0.06088754299828564,st3_down,1.0,0.8558365989787436,"                        tau_n        cn
Date_Time                              
2022-08-08 13:15:00  0.840045  0.332977
2022-08-08 13:43:00  0.864161  0.398884
2022-08-08 13:58:00  0.880260  0.406603
2022-08-08 14:13:00  0.941277  0.463128
2022-08-08 14:28:00  0.979861  0.626885
2022-08-08 14:43:00  1.000000  0.855837","                        tau_n        cn
Date_Time                              
2022-08-08 15:23:00  0.987933  0.920318
2022-08-08 16:13:00  0.944865  0.998694
2022-08-08 16:58:00  0.911208  1.000000
2022-08-08 17:28:00  0.903868  0.971737
2022-08-08 18:13:00  0.897420  0.960100",-0.1042631516446979,-0.10257978064086293,0.19205468223235955,"(np.float64(0.8400448589460867), np.float64(0.33297708110675694))","(np.float64(0.9448650372196695), np.float64(0.9986937418358866))","                     shear_stress  DOC (mg/L)     tau_n        cn
Date_Time                                                        
2022-08-08 13:15:00     62.624899       2.804  0.840045  0.332977
2022-08-08 13:43:00     64.422767       3.359  0.864161  0.398884
2022-08-08 13:58:00     65.622902       3.424  0.880260  0.406603
2022-08-08 14:13:00     70.171737       3.900  0.941277  0.463128
2022-08-08 14:28:00     73.048145       5.279  0.979861  0.626885
2022-08-08 14:43:00     74.549470       7.207  1.000000  0.855837
2022-08-08 15:23:00     73.649884       7.750  0.987933  0.920318
2022-08-08 16:13:00     70.439187       8.410  0.944865  0.998694
2022-08-08 16:58:00     67.930071       8.421  0.911208  1.000000
2022-08-08 17:28:00     67.382843       8.183  0.903868  0.971737
2022-08-08 18:13:00     66.902201       8.085  0.897420  0.960100",st3_down,DOC (mg/L)
0.21234239309632422,0.29691892482629784,-0.08457653172997362,st4_down,1.0,0.42780748663101603,"                        tau_n        cn
Date_Time                              
2023-07-29 14:00:00  0.854349  0.071301
2023-07-29 14:52:00  0.941104  1.000000
2023-07-29 15:07:00  0.971378  0.588235
2023-07-29 15:22:00  0.971121  0.285205
2023-07-29 15:37:00  1.000000  0.427807","                        tau_n        cn
Date_Time                              
2023-07-29 15:52:00  0.994925  0.231729
2023-07-29 16:07:00  0.937283  0.493167
2023-07-29 16:22:00  0.930100  0.279263",0.14854426620320854,-0.0698996637715118,-0.118640666728765,"(np.float64(0.9411035526158342), np.float64(1.0))","(np.float64(0.9372832488431257), np.float64(0.49316696374331553))","                     shear_stress  SSC (mg/L)     tau_n        cn
Date_Time                                                        
2023-07-29 14:00:00     66.121986   13.333333  0.854349  0.071301
2023-07-29 14:52:00     72.836323  187.000000  0.941104  1.000000
2023-07-29 15:07:00     75.179406  110.000000  0.971378  0.588235
2023-07-29 15:22:00     75.159540   53.333333  0.971121  0.285205
2023-07-29 15:37:00     77.394590   80.000000  1.000000  0.427807
2023-07-29 15:52:00     77.001830   43.333333  0.994925  0.231729
2023-07-29 16:07:00     72.540652   92.222222  0.937283  0.493167
2023-07-29 16:22:00     71.984734   52.222222  0.930100  0.279263",st4_down,SSC (mg/L)
0.03595172172052626,0.04833379475595044,-0.012382073035424178,st4_down,1.0,1.0,"                        tau_n        cn
Date_Time                              
2023-07-29 14:00:00  0.854349  0.000000
2023-07-29 14:52:00  0.941104  0.249670
2023-07-29 15:07:00  0.971378  0.918098
2023-07-29 15:22:00  0.971121  0.542933
2023-07-29 15:37:00  1.000000  1.000000","                        tau_n        cn
Date_Time                              
2023-07-29 15:52:00  0.994925  0.875826
2023-07-29 16:07:00  0.937283  0.482166
2023-07-29 16:22:00  0.930100  0.280053",0.7199471598414795,-0.0698996637715118,-0.6500474960699678,"(np.float64(0.8543489394401441), np.float64(0.0))","(np.float64(0.9372832488431257), np.float64(0.48216644649933943))","                     shear_stress  PP (mg/L)     tau_n        cn
Date_Time                                                       
2023-07-29 14:00:00     66.121986     0.0000  0.854349  0.000000
2023-07-29 14:52:00     72.836323     0.0189  0.941104  0.249670
2023-07-29 15:07:00     75.179406     0.0695  0.971378  0.918098
2023-07-29 15:22:00     75.159540     0.0411  0.971121  0.542933
2023-07-29 15:37:00     77.394590     0.0757  1.000000  1.000000
2023-07-29 15:52:00     77.001830     0.0663  0.994925  0.875826
2023-07-29 16:07:00     72.540652     0.0365  0.937283  0.482166
2023-07-29 16:22:00     71.984734     0.0212  0.930100  0.280053",st4_down,PP (mg/L)
0.42964915677978094,0.39478228720937286,0.03486686957040808,st4_down,1.0,0.2499128403858339,"                        tau_n        cn
Date_Time                              
2023-07-29 14:00:00  0.854349  0.002928
2023-07-29 14:52:00  0.941104  1.000000
2023-07-29 15:07:00  0.971378  0.319699
2023-07-29 15:22:00  0.971121  0.231559
2023-07-29 15:37:00  1.000000  0.249913","                        tau_n        cn
Date_Time                              
2023-07-29 15:52:00  0.994925  0.197923
2023-07-29 16:07:00  0.937283  0.276677
2023-07-29 16:22:00  0.930100  0.345637",-0.09572403888434816,-0.0698996637715118,0.11319286239950144,"(np.float64(0.9411035526158342), np.float64(1.0))","(np.float64(0.9372832488431257), np.float64(0.27667657033773824))","                     shear_stress  POC (mg/L)     tau_n        cn
Date_Time                                                        
2023-07-29 14:00:00     66.121986    0.087680  0.854349  0.002928
2023-07-29 14:52:00     72.836323   29.943163  0.941104  1.000000
2023-07-29 15:07:00     75.179406    9.572804  0.971378  0.319699
2023-07-29 15:22:00     75.159540    6.933604  0.971121  0.231559
2023-07-29 15:37:00     77.394590    7.483181  1.000000  0.249913
2023-07-29 15:52:00     77.001830    5.926426  0.994925  0.197923
2023-07-29 16:07:00     72.540652    8.284572  0.937283  0.276677
2023-07-29 16:22:00     71.984734   10.349461  0.930100  0.345637",st4_down,POC (mg/L)
-0.1763736518199555,-0.20120439611012453,0.024830744290169016,st4_down,1.0,0.7623300970873786,"                        tau_n        cn
Date_Time                              
2023-07-29 14:00:00  0.854349  0.544466
2023-07-29 15:07:00  0.971378  0.607379
2023-07-29 15:22:00  0.971121  0.689903
2023-07-29 15:37:00  1.000000  0.762330","                        tau_n        cn
Date_Time                              
2023-07-29 15:52:00  0.994925  0.807379
2023-07-29 16:07:00  0.937283  0.887573
2023-07-29 16:22:00  0.930100  1.000000",-0.23766990291262136,-0.0698996637715118,0.2909565203819331,"(np.float64(0.8543489394401441), np.float64(0.5444660194174756))","(np.float64(0.9372832488431257), np.float64(0.8875728155339805))","                     shear_stress  DOC (mg/L)     tau_n        cn
Date_Time                                                        
2023-07-29 14:00:00     66.121986       2.804  0.854349  0.544466
2023-07-29 15:07:00     75.179406       3.128  0.971378  0.607379
2023-07-29 15:22:00     75.159540       3.553  0.971121  0.689903
2023-07-29 15:37:00     77.394590       3.926  1.000000  0.762330
2023-07-29 15:52:00     77.001830       4.158  0.994925  0.807379
2023-07-29 16:07:00     72.540652       4.571  0.937283  0.887573
2023-07-29 16:22:00     71.984734       5.150  0.930100  1.000000",st4_down,DOC (mg/L)
0.1447797214889952,0.29374360504310976,-0.14896388355411455,st4_up,1.0,0.4736842103268698,"                        tau_n        cn
Date_Time                              
2023-07-29 14:00:00  0.833062  0.126316
2023-07-29 15:16:00  0.945423  0.947368
2023-07-29 15:31:00  0.952664  1.000000
2023-07-29 15:46:00  1.000000  0.473684","                        tau_n        cn
Date_Time                              
2023-07-29 16:01:00  0.927976  0.652632
2023-07-29 16:16:00  0.896877  0.484211
2023-07-29 16:31:00  0.917027  0.428809
2023-07-29 16:46:00  0.871403  0.189474
2023-07-29 17:16:00  0.867853  0.146411
2023-07-29 17:46:00  0.864201  0.246316
2023-07-29 18:31:00  0.850014  0.198947",0.2747368419895845,-0.14998634819114764,-0.20369067708684982,"(np.float64(0.9526639353823235), np.float64(1.0))","(np.float64(0.9279756031116293), np.float64(0.6526315786831025))","                     shear_stress  SSC (mg/L)     tau_n        cn
Date_Time                                                        
2023-07-29 14:00:00     66.121986   13.333333  0.833062  0.126316
2023-07-29 15:16:00     75.040340  100.000000  0.945423  0.947368
2023-07-29 15:31:00     75.615060  105.555556  0.952664  1.000000
2023-07-29 15:46:00     79.372229   50.000000  1.000000  0.473684
2023-07-29 16:01:00     73.655492   68.888889  0.927976  0.652632
2023-07-29 16:16:00     71.187133   51.111111  0.896877  0.484211
2023-07-29 16:31:00     72.786455   45.263158  0.917027  0.428809
2023-07-29 16:46:00     69.165219   20.000000  0.871403  0.189474
2023-07-29 17:16:00     68.883405   15.454545  0.867853  0.146411
2023-07-29 17:46:00     68.593555   26.000000  0.864201  0.246316
2023-07-29 18:31:00     67.467478   21.000000  0.850014  0.198947",st4_up,SSC (mg/L)
-0.17562342751062646,-0.10257379962864496,-0.0730496278819815,st4_up,1.0,1.0,"                        tau_n        cn
Date_Time                              
2023-07-29 14:00:00  0.833062  0.000000
2023-07-29 15:16:00  0.945423  0.145251
2023-07-29 15:31:00  0.952664  0.977654
2023-07-29 15:46:00  1.000000  1.000000","                        tau_n        cn
Date_Time                              
2023-07-29 16:01:00  0.927976  0.659218
2023-07-29 16:16:00  0.896877  0.844972
2023-07-29 16:31:00  0.917027  0.924581
2023-07-29 17:16:00  0.867853  0.255587
2023-07-29 17:46:00  0.864201  0.269553",0.7304469273743017,-0.13579906079907078,-0.5946478665752308,"(np.float64(0.9454231201528954), np.float64(0.1452513966480447))","(np.float64(0.8968770769686989), np.float64(0.8449720670391061))","                     shear_stress  PP (mg/L)     tau_n        cn
Date_Time                                                       
2023-07-29 14:00:00     66.121986     0.0000  0.833062  0.000000
2023-07-29 15:16:00     75.040340     0.0104  0.945423  0.145251
2023-07-29 15:31:00     75.615060     0.0700  0.952664  0.977654
2023-07-29 15:46:00     79.372229     0.0716  1.000000  1.000000
2023-07-29 16:01:00     73.655492     0.0472  0.927976  0.659218
2023-07-29 16:16:00     71.187133     0.0605  0.896877  0.844972
2023-07-29 16:31:00     72.786455     0.0662  0.917027  0.924581
2023-07-29 17:16:00     68.883405     0.0183  0.867853  0.255587
2023-07-29 17:46:00     68.593555     0.0193  0.864201  0.269553",st4_up,PP (mg/L)
0.3675840699750945,0.3002995936661341,0.06728447630896038,st4_up,1.0,0.5359223300970875,"                        tau_n        cn
Date_Time                              
2023-07-29 14:00:00  0.833062  0.006306
2023-07-29 15:16:00  0.945423  1.000000
2023-07-29 15:31:00  0.952664  0.801582
2023-07-29 15:46:00  1.000000  0.535922","                        tau_n        cn
Date_Time                              
2023-07-29 16:01:00  0.927976  0.539446
2023-07-29 16:31:00  0.917027  0.425746
2023-07-29 17:16:00  0.867853  0.212010
2023-07-29 18:31:00  0.850014  0.307443",0.2284789644012945,-0.14998634819114764,-0.14809793119594156,"(np.float64(0.9454231201528954), np.float64(1.0))","(np.float64(0.8678527177459371), np.float64(0.21201006832074795))","                     shear_stress  POC (mg/L)     tau_n        cn
Date_Time                                                        
2023-07-29 14:00:00     66.121986     0.08768  0.833062  0.006306
2023-07-29 15:16:00     75.040340    13.90500  0.945423  1.000000
2023-07-29 15:31:00     75.615060    11.14600  0.952664  0.801582
2023-07-29 15:46:00     79.372229     7.45200  1.000000  0.535922
2023-07-29 16:01:00     73.655492     7.50100  0.927976  0.539446
2023-07-29 16:31:00     72.786455     5.92000  0.917027  0.425746
2023-07-29 17:16:00     68.883405     2.94800  0.867853  0.212010
2023-07-29 18:31:00     67.467478     4.27500  0.850014  0.307443",st4_up,POC (mg/L)
0.413890162176749,0.3593102840787637,0.05457987809798532,st4_up,1.0,0.48810634328358204,"                        tau_n        cn
Date_Time                              
2023-07-29 14:00:00  0.833062  0.326901
2023-07-29 15:16:00  0.945423  1.000000
2023-07-29 15:31:00  0.952664  0.470033
2023-07-29 15:46:00  1.000000  0.488106","                        tau_n        cn
Date_Time                              
2023-07-29 16:01:00  0.927976  0.507346
2023-07-29 16:16:00  0.896877  0.502682
2023-07-29 16:31:00  0.917027  0.521455
2023-07-29 16:46:00  0.871403  0.543727
2023-07-29 17:16:00  0.867853  0.579991
2023-07-29 17:46:00  0.864201  0.575910
2023-07-29 18:31:00  0.850014  0.612407",-0.12430037313432829,-0.14998634819114764,0.19750966109236745,"(np.float64(0.9454231201528954), np.float64(1.0))","(np.float64(0.8968770769686989), np.float64(0.5026819029850745))","                     shear_stress  DOC (mg/L)     tau_n        cn
Date_Time                                                        
2023-07-29 14:00:00     66.121986      2.8035  0.833062  0.326901
2023-07-29 15:16:00     75.040340      8.5760  0.945423  1.000000
2023-07-29 15:31:00     75.615060      4.0310  0.952664  0.470033
2023-07-29 15:46:00     79.372229      4.1860  1.000000  0.488106
2023-07-29 16:01:00     73.655492      4.3510  0.927976  0.507346
2023-07-29 16:16:00     71.187133      4.3110  0.896877  0.502682
2023-07-29 16:31:00     72.786455      4.4720  0.917027  0.521455
2023-07-29 16:46:00     69.165219      4.6630  0.871403  0.543727
2023-07-29 17:16:00     68.883405      4.9740  0.867853  0.579991
2023-07-29 17:46:00     68.593555      4.9390  0.864201  0.575910
2023-07-29 18:31:00     67.467478      5.2520  0.850014  0.612407",st4_up,DOC (mg/L)
0.36516163611226826,0.2887270950770228,0.07643454103524543,st5_up,1.0,0.41666666666666663,"                        tau_n        cn
Date_Time                              
2023-08-13 17:30:00  0.915604  0.308642
2023-08-13 19:00:00  0.992990  1.000000
2023-08-13 19:15:00  0.969005  0.676638
2023-08-13 19:30:00  0.951559  0.578704
2023-08-13 19:45:00  0.957960  0.549769
2023-08-13 20:00:00  0.971544  0.514403
2023-08-13 20:15:00  0.982335  0.514403
2023-08-13 20:30:00  0.986803  0.507055
2023-08-13 20:45:00  1.000000  0.416667","                        tau_n        cn
Date_Time                              
2023-08-13 21:00:00  0.998324  0.474537
2023-08-13 21:15:00  0.985192  0.290698
2023-08-13 21:30:00  0.968841  0.416667
2023-08-13 21:45:00  0.972889  0.462963",-0.04629629629629628,-0.027111134870550613,0.057592602492359035,"(np.float64(0.9929904268604808), np.float64(1.0))","(np.float64(0.9851915155086498), np.float64(0.29069767430555554))","                     shear_stress  SSC (mg/L)     tau_n        cn
Date_Time                                                        
2023-08-13 17:30:00     62.839556   13.333333  0.915604  0.308642
2023-08-13 19:00:00     68.150730   43.200000  0.992990  1.000000
2023-08-13 19:15:00     66.504599   29.230769  0.969005  0.676638
2023-08-13 19:30:00     65.307222   25.000000  0.951559  0.578704
2023-08-13 19:45:00     65.746534   23.750000  0.957960  0.549769
2023-08-13 20:00:00     66.678810   22.222222  0.971544  0.514403
2023-08-13 20:15:00     67.419439   22.222222  0.982335  0.514403
2023-08-13 20:30:00     67.726088   21.904762  0.986803  0.507055
2023-08-13 20:45:00     68.631810   18.000000  1.000000  0.416667
2023-08-13 21:00:00     68.516799   20.500000  0.998324  0.474537
2023-08-13 21:15:00     67.615477   12.558140  0.985192  0.290698
2023-08-13 21:30:00     66.493297   18.000000  0.968841  0.416667
2023-08-13 21:45:00     66.771123   20.000000  0.972889  0.462963",st5_up,SSC (mg/L)
0.15508532623689614,0.4145643056700681,-0.25947897943317194,st5_up,1.0,0.38686131386861317,"                        tau_n        cn
Date_Time                              
2023-08-13 17:30:00  0.915604  0.000000
2023-08-13 19:00:00  0.992990  0.086375
2023-08-13 19:15:00  0.969005  1.000000
2023-08-13 19:30:00  0.951559  0.705596
2023-08-13 19:45:00  0.957960  0.704380
2023-08-13 20:00:00  0.971544  0.709246
2023-08-13 20:15:00  0.982335  0.570560
2023-08-13 20:30:00  0.986803  0.215328
2023-08-13 20:45:00  1.000000  0.386861","                        tau_n        cn
Date_Time                              
2023-08-13 21:00:00  0.998324  0.585158
2023-08-13 21:15:00  0.985192  0.228710
2023-08-13 21:30:00  0.968841  0.782238
2023-08-13 21:45:00  0.972889  0.413625",-0.026763990267639926,-0.027111134870550613,0.037252239524130315,"(np.float64(0.9690054729961438), np.float64(1.0))","(np.float64(0.9688407919241385), np.float64(0.7822384428223844))","                     shear_stress  PP (mg/L)     tau_n        cn
Date_Time                                                       
2023-08-13 17:30:00     62.839556     0.0000  0.915604  0.000000
2023-08-13 19:00:00     68.150730     0.0071  0.992990  0.086375
2023-08-13 19:15:00     66.504599     0.0822  0.969005  1.000000
2023-08-13 19:30:00     65.307222     0.0580  0.951559  0.705596
2023-08-13 19:45:00     65.746534     0.0579  0.957960  0.704380
2023-08-13 20:00:00     66.678810     0.0583  0.971544  0.709246
2023-08-13 20:15:00     67.419439     0.0469  0.982335  0.570560
2023-08-13 20:30:00     67.726088     0.0177  0.986803  0.215328
2023-08-13 20:45:00     68.631810     0.0318  1.000000  0.386861
2023-08-13 21:00:00     68.516799     0.0481  0.998324  0.585158
2023-08-13 21:15:00     67.615477     0.0188  0.985192  0.228710
2023-08-13 21:30:00     66.493297     0.0643  0.968841  0.782238
2023-08-13 21:45:00     66.771123     0.0340  0.972889  0.413625",st5_up,PP (mg/L)
0.04337557756207465,0.04337557756207448,1.6332722649176318e-16,st5_up,1.0,0.9224122412241224,"                        tau_n        cn
Date_Time                              
2023-08-13 17:30:00  0.915604  0.015784
2023-08-13 19:00:00  0.992990  1.000000
2023-08-13 19:15:00  0.969005  0.914671
2023-08-13 19:30:00  0.951559  0.860846
2023-08-13 19:45:00  0.957960  0.726733
2023-08-13 20:15:00  0.982335  0.929073
2023-08-13 20:45:00  1.000000  0.922412","                        tau_n        cn
Date_Time                              
2023-08-13 21:45:00  0.972889  0.583618",0.3387938793879387,-0.027111134870550613,-0.3137862367098646,"(np.float64(0.9515590860407287), np.float64(0.8608460846084609))","(np.float64(0.9728888651294494), np.float64(0.5836183618361837))","                     shear_stress  POC (mg/L)     tau_n        cn
Date_Time                                                        
2023-08-13 17:30:00     62.839556     0.08768  0.915604  0.015784
2023-08-13 19:00:00     68.150730     5.55500  0.992990  1.000000
2023-08-13 19:15:00     66.504599     5.08100  0.969005  0.914671
2023-08-13 19:30:00     65.307222     4.78200  0.951559  0.860846
2023-08-13 19:45:00     65.746534     4.03700  0.957960  0.726733
2023-08-13 20:15:00     67.419439     5.16100  0.982335  0.929073
2023-08-13 20:45:00     68.631810     5.12400  1.000000  0.922412
2023-08-13 21:45:00     66.771123     3.24200  0.972889  0.583618",st5_up,POC (mg/L)
0.3944935423997776,0.3763477154675468,0.018145826932230748,st5_up,1.0,0.2946464646464646,"                        tau_n        cn
Date_Time                              
2023-08-13 17:30:00  0.915604  0.348586
2023-08-13 19:00:00  0.992990  1.000000
2023-08-13 19:15:00  0.969005  0.341313
2023-08-13 19:30:00  0.951559  0.322323
2023-08-13 19:45:00  0.957960  0.315960
2023-08-13 20:00:00  0.971544  0.336566
2023-08-13 20:15:00  0.982335  0.316263
2023-08-13 20:30:00  0.986803  0.331919
2023-08-13 20:45:00  1.000000  0.294646","                        tau_n        cn
Date_Time                              
2023-08-13 21:00:00  0.998324  0.257374
2023-08-13 21:15:00  0.985192  0.253030
2023-08-13 21:30:00  0.968841  0.253333
2023-08-13 21:45:00  0.972889  0.250707",0.04393939393939389,-0.027111134870550613,-0.03595119389723267,"(np.float64(0.9929904268604808), np.float64(1.0))","(np.float64(0.9983242341932632), np.float64(0.25737373737373737))","                     shear_stress  DOC (mg/L)     tau_n        cn
Date_Time                                                        
2023-08-13 17:30:00     62.839556       3.451  0.915604  0.348586
2023-08-13 19:00:00     68.150730       9.900  0.992990  1.000000
2023-08-13 19:15:00     66.504599       3.379  0.969005  0.341313
2023-08-13 19:30:00     65.307222       3.191  0.951559  0.322323
2023-08-13 19:45:00     65.746534       3.128  0.957960  0.315960
2023-08-13 20:00:00     66.678810       3.332  0.971544  0.336566
2023-08-13 20:15:00     67.419439       3.131  0.982335  0.316263
2023-08-13 20:30:00     67.726088       3.286  0.986803  0.331919
2023-08-13 20:45:00     68.631810       2.917  1.000000  0.294646
2023-08-13 21:00:00     68.516799       2.548  0.998324  0.257374
2023-08-13 21:15:00     67.615477       2.505  0.985192  0.253030
2023-08-13 21:30:00     66.493297       2.508  0.968841  0.253333
2023-08-13 21:45:00     66.771123       2.482  0.972889  0.250707",st5_up,DOC (mg/L)
0.04133377888651822,0.004136597703175269,0.037197181183342955,st6_up,1.0,1.0,"                        tau_n        cn
Date_Time                              
2023-08-28 12:00:00  0.908717  0.070865
2023-08-28 12:20:00  1.000000  1.000000","                        tau_n        cn
Date_Time                              
2023-08-28 12:35:00  0.976878  0.552027
2023-08-28 12:50:00  0.970471  0.462162
2023-08-28 13:05:00  0.971597  0.370207
2023-08-28 13:20:00  0.979117  0.379300
2023-08-28 14:05:00  0.975900  0.344595
2023-08-28 14:35:00  0.972401  0.308108
2023-08-28 15:20:00  0.934603  0.302606",0.6973938224039836,-0.06539741409438038,-0.6319964083096032,"(np.float64(0.9087165285070733), np.float64(0.07086486486678013))","(np.float64(0.9759003791887793), np.float64(0.34459459456336744))","                     shear_stress  SSC (mg/L)     tau_n        cn
Date_Time                                                        
2023-08-28 12:00:00     62.694946    5.520000  0.908717  0.070865
2023-08-28 12:20:00     68.992853   77.894737  1.000000  1.000000
2023-08-28 12:35:00     67.397574   43.000000  0.976878  0.552027
2023-08-28 12:50:00     66.955564   36.000000  0.970471  0.462162
2023-08-28 13:05:00     67.033241   28.837209  0.971597  0.370207
2023-08-28 13:20:00     67.552095   29.545455  0.979117  0.379300
2023-08-28 14:05:00     67.330151   26.842105  0.975900  0.344595
2023-08-28 14:35:00     67.088753   24.000000  0.972401  0.308108
2023-08-28 15:20:00     64.480899   23.571429  0.934603  0.302606",st6_up,SSC (mg/L)
-0.4926977980269833,-0.22452001643226535,-0.268177781594718,st6_up,1.0,0.3310772701635646,"                        tau_n        cn
Date_Time                              
2023-08-28 12:00:00  0.908717  0.000000
2023-08-28 12:20:00  1.000000  0.331077","                        tau_n        cn
Date_Time                              
2023-08-28 12:35:00  0.976878  0.684715
2023-08-28 12:50:00  0.970471  0.133672
2023-08-28 13:05:00  0.971597  0.551043
2023-08-28 13:20:00  0.979117  1.000000
2023-08-28 14:35:00  0.972401  0.389171",-0.05809362662154538,-0.027598514197344937,0.06723086736257272,"(np.float64(0.9087165285070733), np.float64(0.0))","(np.float64(0.979117294043528), np.float64(1.0))","                     shear_stress  PP (mg/L)     tau_n        cn
Date_Time                                                       
2023-08-28 12:00:00     62.694946     0.0000  0.908717  0.000000
2023-08-28 12:20:00     68.992853     0.0587  1.000000  0.331077
2023-08-28 12:35:00     67.397574     0.1214  0.976878  0.684715
2023-08-28 12:50:00     66.955564     0.0237  0.970471  0.133672
2023-08-28 13:05:00     67.033241     0.0977  0.971597  0.551043
2023-08-28 13:20:00     67.552095     0.1773  0.979117  1.000000
2023-08-28 14:35:00     67.088753     0.0690  0.972401  0.389171",st6_up,PP (mg/L)
0.04526241202927321,0.05415575233375016,-0.008893340304476954,st6_up,1.0,1.0,"                        tau_n        cn
Date_Time                              
2023-08-28 12:00:00  0.908717  0.007103
2023-08-28 12:20:00  1.000000  1.000000","                        tau_n        cn
Date_Time                              
2023-08-28 12:35:00  0.976878  0.494949
2023-08-28 12:50:00  0.970471  0.447751
2023-08-28 13:05:00  0.971597  0.366930
2023-08-28 13:20:00  0.979117  0.428098
2023-08-28 14:05:00  0.975900  0.354854",0.6451460142067876,-0.024099620811220746,-0.6210463933955669,"(np.float64(0.9087165285070733), np.float64(0.007103393843725336))","(np.float64(0.9704710163735146), np.float64(0.44775059194948696))","                     shear_stress  POC (mg/L)     tau_n        cn
Date_Time                                                        
2023-08-28 12:00:00     62.694946       0.090  0.908717  0.007103
2023-08-28 12:20:00     68.992853      12.670  1.000000  1.000000
2023-08-28 12:35:00     67.397574       6.271  0.976878  0.494949
2023-08-28 12:50:00     66.955564       5.673  0.970471  0.447751
2023-08-28 13:05:00     67.033241       4.649  0.971597  0.366930
2023-08-28 13:20:00     67.552095       5.424  0.979117  0.428098
2023-08-28 14:05:00     67.330151       4.496  0.975900  0.354854",st6_up,POC (mg/L)
-0.17371472956907935,-0.19619634597505048,0.022481616405971114,st6_up,1.0,0.7255726975222068,"                        tau_n        cn
Date_Time                              
2023-08-28 12:00:00  0.908717  0.262272
2023-08-28 12:20:00  1.000000  0.725573","                        tau_n        cn
Date_Time                              
2023-08-28 12:35:00  0.976878  0.772557
2023-08-28 12:50:00  0.970471  0.779804
2023-08-28 13:05:00  0.971597  0.747779
2023-08-28 13:20:00  0.979117  0.754091
2023-08-28 14:05:00  0.975900  0.749416
2023-08-28 14:35:00  0.972401  0.762506
2023-08-28 15:20:00  0.934603  1.000000",-0.27442730247779323,-0.06539741409438038,0.32187788063322964,"(np.float64(0.9087165285070733), np.float64(0.2622720897615709))","(np.float64(0.9715968860843551), np.float64(0.7477793361383824))","                     shear_stress  DOC (mg/L)     tau_n        cn
Date_Time                                                        
2023-08-28 12:00:00     62.694946       1.122  0.908717  0.262272
2023-08-28 12:20:00     68.992853       3.104  1.000000  0.725573
2023-08-28 12:35:00     67.397574       3.305  0.976878  0.772557
2023-08-28 12:50:00     66.955564       3.336  0.970471  0.779804
2023-08-28 13:05:00     67.033241       3.199  0.971597  0.747779
2023-08-28 13:20:00     67.552095       3.226  0.979117  0.754091
2023-08-28 14:05:00     67.330151       3.206  0.975900  0.749416
2023-08-28 14:35:00     67.088753       3.262  0.972401  0.762506
2023-08-28 15:20:00     64.480899       4.278  0.934603  1.000000",st6_up,DOC (mg/L)
-0.041760232547360505,-0.034524851229384645,-0.007235381317975857,st7_down,1.0,1.0,"                        tau_n       cn
Date_Time                             
2023-09-14 17:00:00  0.987883  0.14691
2023-09-14 17:52:00  1.000000  1.00000","                        tau_n        cn
Date_Time                              
2023-09-14 18:07:00  0.995928  0.838789
2023-09-14 18:22:00  0.978891  0.746727
2023-09-14 18:37:00  0.975204  0.627660
2023-09-14 18:52:00  0.976799  0.563204
2023-09-14 19:09:00  0.978946  0.615353",0.3846474760638299,-0.021053613253886883,-0.363593862809943,"(np.float64(0.9878827856506459), np.float64(0.14690982776595743))","(np.float64(0.9788909169323861), np.float64(0.7467266776595745))","                     shear_stress  SSC (mg/L)     tau_n        cn
Date_Time                                                        
2023-09-14 17:00:00     69.186684    5.523810  0.987883  0.146910
2023-09-14 17:52:00     70.035317   37.600000  1.000000  1.000000
2023-09-14 18:07:00     69.750104   31.538462  0.995928  0.838789
2023-09-14 18:22:00     68.556936   28.076923  0.978891  0.746727
2023-09-14 18:37:00     68.298739   23.600000  0.975204  0.627660
2023-09-14 18:52:00     68.410458   21.176471  0.976799  0.563204
2023-09-14 19:09:00     68.560821   23.137255  0.978946  0.615353",st7_down,SSC (mg/L)
-0.06627781414371497,-0.05793179472963545,-0.008346019414079519,st7_down,1.0,1.0,"                        tau_n        cn
Date_Time                              
2023-09-14 17:00:00  0.987883  0.016423
2023-09-14 17:52:00  1.000000  1.000000","                        tau_n        cn
Date_Time                              
2023-09-14 18:07:00  0.995928  0.864019
2023-09-14 18:22:00  0.978891  0.821128
2023-09-14 18:37:00  0.975204  0.769807
2023-09-14 19:09:00  0.978946  0.705001",0.2949990634950366,-0.021053613253886883,-0.2739454502411497,"(np.float64(0.9878827856506459), np.float64(0.016422519572953737))","(np.float64(0.9752042505434362), np.float64(0.7698070799775238))","                     shear_stress  POC (mg/L)     tau_n        cn
Date_Time                                                        
2023-09-14 17:00:00     69.186684     0.08768  0.987883  0.016423
2023-09-14 17:52:00     70.035317     5.33900  1.000000  1.000000
2023-09-14 18:07:00     69.750104     4.61300  0.995928  0.864019
2023-09-14 18:22:00     68.556936     4.38400  0.978891  0.821128
2023-09-14 18:37:00     68.298739     4.11000  0.975204  0.769807
2023-09-14 19:09:00     68.560821     3.76400  0.978946  0.705001",st7_down,POC (mg/L)
-0.04747163617933636,-0.03483233311811785,-0.012639303061218516,st7_down,1.0,1.0,"                        tau_n        cn
Date_Time                              
2023-09-14 17:00:00  0.987883  0.207647
2023-09-14 17:52:00  1.000000  1.000000","                        tau_n        cn
Date_Time                              
2023-09-14 18:07:00  0.995928  0.900574
2023-09-14 18:22:00  0.978891  0.857619
2023-09-14 18:37:00  0.975204  0.769487
2023-09-14 18:52:00  0.976799  0.608961",0.3910386965376782,-0.023200563364039306,-0.3678381331736389,"(np.float64(0.9878827856506459), np.float64(0.2076467320866506))","(np.float64(0.9788909169323861), np.float64(0.8576189594519533))","                     shear_stress  DOC (mg/L)     tau_n        cn
Date_Time                                                        
2023-09-14 17:00:00     69.186684      1.1215  0.987883  0.207647
2023-09-14 17:52:00     70.035317      5.4010  1.000000  1.000000
2023-09-14 18:07:00     69.750104      4.8640  0.995928  0.900574
2023-09-14 18:22:00     68.556936      4.6320  0.978891  0.857619
2023-09-14 18:37:00     68.298739      4.1560  0.975204  0.769487
2023-09-14 18:52:00     68.410458      3.2890  0.976799  0.608961",st7_down,DOC (mg/L)
-0.07858821821596765,-0.056987471152040725,-0.02160074706392693,st7_up,1.0,0.9811320756004717,"                        tau_n        cn
Date_Time                              
2023-09-14 17:00:00  0.980404  0.179524
2023-09-14 17:45:00  0.985805  1.000000
2023-09-14 18:00:00  1.000000  0.981132","                        tau_n        cn
Date_Time                              
2023-09-14 18:15:00  0.975116  0.947917
2023-09-14 18:45:00  0.968389  0.663542
2023-09-14 19:15:00  0.972182  0.585000
2023-09-14 20:00:00  0.965141  0.617500",0.36363207561590916,-0.03485910898631772,-0.32943068566258016,"(np.float64(0.9804036069032347), np.float64(0.1795238095255119))","(np.float64(0.9751160748356843), np.float64(0.9479166667513022))","                     shear_stress  SSC (mg/L)     tau_n        cn
Date_Time                                                        
2023-09-14 17:00:00     69.186684    5.523810  0.980404  0.179524
2023-09-14 17:45:00     69.567825   30.769231  0.985805  1.000000
2023-09-14 18:00:00     70.569594   30.188679  1.000000  0.981132
2023-09-14 18:15:00     68.813545   29.166667  0.975116  0.947917
2023-09-14 18:45:00     68.338820   20.416667  0.968389  0.663542
2023-09-14 19:15:00     68.606481   18.000000  0.972182  0.585000
2023-09-14 20:00:00     68.109601   19.000000  0.965141  0.617500",st7_up,SSC (mg/L)
-0.16175489572720703,-0.26570370125463855,0.1039488055274315,st7_up,1.0,0.8164298228538058,"                        tau_n        cn
Date_Time                              
2023-09-14 17:00:00  0.980404  0.017068
2023-09-14 17:45:00  0.985805  1.000000
2023-09-14 18:00:00  1.000000  0.816430","                        tau_n        cn
Date_Time                              
2023-09-14 18:15:00  0.975116  0.814678
2023-09-14 18:45:00  0.968389  0.577380
2023-09-14 20:00:00  0.965141  0.923691",-0.10726104730387387,-0.03485910898631772,0.13572106347841473,"(np.float64(0.9804036069032347), np.float64(0.017068295113879698))","(np.float64(0.968389026475246), np.float64(0.5773797936538837))","                     shear_stress  POC (mg/L)     tau_n        cn
Date_Time                                                        
2023-09-14 17:00:00     69.186684     0.08768  0.980404  0.017068
2023-09-14 17:45:00     69.567825     5.13700  0.985805  1.000000
2023-09-14 18:00:00     70.569594     4.19400  1.000000  0.816430
2023-09-14 18:15:00     68.813545     4.18500  0.975116  0.814678
2023-09-14 18:45:00     68.338820     2.96600  0.968389  0.577380
2023-09-14 20:00:00     68.109601     4.74500  0.965141  0.923691",st7_up,POC (mg/L)
0.05976001222656344,0.07529033900894634,-0.0155303267823829,st7_up,1.0,0.3619758759333716,"                        tau_n        cn
Date_Time                              
2023-09-14 17:00:00  0.980404  0.128834
2023-09-14 17:45:00  0.985805  1.000000
2023-09-14 18:00:00  1.000000  0.361976","                        tau_n        cn
Date_Time                              
2023-09-14 18:15:00  0.975116  0.265594
2023-09-14 18:45:00  0.968389  0.085353
2023-09-14 20:00:00  0.965141  0.000000",0.3619758759333716,-0.03485910898631772,-0.3493577194237924,"(np.float64(0.9858045302994528), np.float64(1.0))","(np.float64(0.9751160748356843), np.float64(0.2655944859276278))","                     shear_stress  DOC (mg/L)     tau_n        cn
Date_Time                                                        
2023-09-14 17:00:00     69.186684      1.1215  0.980404  0.128834
2023-09-14 17:45:00     69.567825      8.7050  0.985805  1.000000
2023-09-14 18:00:00     70.569594      3.1510  1.000000  0.361976
2023-09-14 18:15:00     68.813545      2.3120  0.975116  0.265594
2023-09-14 18:45:00     68.338820      0.7430  0.968389  0.085353
2023-09-14 20:00:00     68.109601      0.0000  0.965141  0.000000",st7_up,DOC (mg/L)
