storm_name,HI,tau_mid,c_rise,c_fall,rise,fall,tau_col,constituent_col,k,t_rise_mid,t_fall_mid,rise_bracket,fall_bracket,peak_label,storm,constituent
SP23_down_constituents,0.5077974318890675,0.5,0.44828397325043634,0.22064652287683736,"                     shear_stress  SSC (mg/L)
Date_Time                                    
2023-04-15 12:30:00      0.136313    0.294785
2023-04-15 16:30:00      0.172986    0.225564
2023-04-15 20:30:00      0.227613    0.119048
2023-04-16 00:30:00      0.247588    0.095238
2023-04-16 12:30:00      0.000000    0.249433
...                           ...         ...
2023-05-02 17:00:00      0.800717    0.428571
2023-05-03 00:00:00      0.729402    0.222222
2023-05-03 07:00:00      0.793316    0.136054
2023-05-03 14:00:00      0.723784    0.068027
2023-05-03 20:00:00      1.000000    0.492063

[66 rows x 2 columns]","                     shear_stress  SSC (mg/L)
Date_Time                                    
2023-05-03 20:00:00      1.000000    0.492063
2023-05-04 02:00:00      0.921218    0.282738
2023-05-04 02:00:00      0.921218    0.111111
2023-05-04 08:00:00      0.772369    0.068027
2023-05-04 17:00:00      0.862274    0.208333
2023-05-04 23:00:00      0.903234    0.222222
2023-05-05 02:00:00      0.859217    0.170068",shear_stress,SSC (mg/L),0.5,1970-01-20 11:09:16.643091658,1970-01-20 11:33:58.749472389,"{'t0': Timestamp('1970-01-20 11:09:09'), 't1': Timestamp('1970-01-20 11:09:23.400000'), 'tau0': np.float64(0.4585384963184563), 'tau1': np.float64(0.5366542222183888), 'c0': np.float64(0.5513784461904762), 'c1': np.float64(0.35714285714285715), 'extrapolated': False}","{'t0': Timestamp('1970-01-20 11:33:39.600000'), 't1': Timestamp('1970-01-20 11:34:01.200000'), 'tau0': np.float64(0.8622735924513225), 'tau1': np.float64(0.903234129334761), 'c0': np.float64(0.20833333333333334), 'c1': np.float64(0.22222222221428573), 'extrapolated': False}",2023-05-03 20:00:00,SP23_down_constituents,SSC (mg/L)
SP23_down_constituents,160.47090938409448,0.5,0.014623183440218552,-2.3319723613020837,"                     shear_stress  POC (mg/L)
Date_Time                                    
2023-04-18 00:30:00      0.492697    0.000000
2023-05-01 20:00:00      0.746668    0.508523
2023-05-03 20:00:00      1.000000    1.000000","                     shear_stress  POC (mg/L)
Date_Time                                    
2023-05-03 20:00:00      1.000000       1.000
2023-05-04 02:00:00      0.921218       0.475",shear_stress,POC (mg/L),0.5,1970-01-20 11:10:12.117654220,1970-01-20 11:34:41.086862865,"{'t0': Timestamp('1970-01-20 11:09:37.800000'), 't1': Timestamp('1970-01-20 11:29:31.200000'), 'tau0': np.float64(0.49269676135765705), 'tau1': np.float64(0.746667645841692), 'c0': np.float64(0.0), 'c1': np.float64(0.5085227272727273), 'extrapolated': False}","{'t0': Timestamp('1970-01-20 11:32:24'), 't1': Timestamp('1970-01-20 11:32:45.600000'), 'tau0': np.float64(1.0), 'tau1': np.float64(0.9212178339019598), 'c0': np.float64(1.0), 'c1': np.float64(0.475), 'extrapolated': True}",2023-05-03 20:00:00,SP23_down_constituents,POC (mg/L)
SP23_down_constituents,0.4849768904271712,0.5,0.6926586466815945,0.35673521008646214,"                     shear_stress  DOC (mg/L)
Date_Time                                    
2023-04-15 12:30:00      0.136313    0.933792
2023-04-15 16:30:00      0.172986    0.799656
2023-04-15 20:30:00      0.227613    0.514187
2023-04-16 00:30:00      0.247588    0.480653
2023-04-16 12:30:00      0.000000    0.508169
...                           ...         ...
2023-05-02 17:00:00      0.800717    0.239037
2023-05-03 00:00:00      0.729402    0.359415
2023-05-03 07:00:00      0.793316    0.154772
2023-05-03 14:00:00      0.723784    0.240757
2023-05-03 20:00:00      1.000000    0.746346

[73 rows x 2 columns]","                     shear_stress  DOC (mg/L)
Date_Time                                    
2023-05-03 20:00:00      1.000000    0.746346
2023-05-04 02:00:00      0.921218    0.432502
2023-05-04 02:00:00      0.921218    0.249355
2023-05-04 08:00:00      0.772369    0.210662
2023-05-04 17:00:00      0.862274    0.463457
2023-05-04 23:00:00      0.903234    0.343078",shear_stress,DOC (mg/L),0.5,1970-01-20 11:09:16.643091658,1970-01-20 11:33:58.749472389,"{'t0': Timestamp('1970-01-20 11:09:09'), 't1': Timestamp('1970-01-20 11:09:23.400000'), 'tau0': np.float64(0.4585384963184563), 'tau1': np.float64(0.5366542222183888), 'c0': np.float64(0.4840928632846088), 'c1': np.float64(0.8770421324161649), 'extrapolated': False}","{'t0': Timestamp('1970-01-20 11:33:39.600000'), 't1': Timestamp('1970-01-20 11:34:01.200000'), 'tau0': np.float64(0.8622735924513225), 'tau1': np.float64(0.903234129334761), 'c0': np.float64(0.46345657781599314), 'c1': np.float64(0.3430782459157351), 'extrapolated': False}",2023-05-03 20:00:00,SP23_down_constituents,DOC (mg/L)
SP23_up_constituents,0.9658015705666977,0.5,0.2322156154806492,0.007941409339325843,"                     shear_stress  SSC (mg/L)
Date_Time                                    
2023-04-17 16:30:00      0.187520    0.348315
2023-04-17 20:30:00      0.304735    0.000000
2023-04-18 00:30:00      0.238775    0.130787
2023-04-18 08:30:00      0.123466    0.213483
2023-04-18 12:30:00      0.055933    0.142022
...                           ...         ...
2023-05-02 17:00:00      0.700969    0.087191
2023-05-03 00:00:00      0.593960    0.063596
2023-05-03 07:00:00      0.689865    0.101124
2023-05-03 14:00:00      0.585529    0.228539
2023-05-03 20:00:00      1.000000    0.536404

[63 rows x 2 columns]","                     shear_stress  SSC (mg/L)
Date_Time                                    
2023-05-03 20:00:00      1.000000    0.536404
2023-05-04 05:00:00      0.736555    0.115056
2023-05-04 14:00:00      0.684664    0.017753
2023-05-04 20:00:00      0.893517    0.004719
2023-05-04 23:00:00      0.854800    0.117079
2023-05-05 05:00:00      0.699932    0.036854
2023-05-05 11:00:00      0.560329    0.003820",shear_stress,SSC (mg/L),0.5,1970-01-20 11:12:00.151177000,1970-01-20 11:33:45.059857488,"{'t0': Timestamp('1970-01-20 11:11:47.400000'), 't1': Timestamp('1970-01-20 11:12:05.400000'), 'tau0': np.float64(0.2630608660664844), 'tau1': np.float64(0.5975322964842636), 'c0': np.float64(0.16853932584269662), 'c1': np.float64(0.25842696629213485), 'extrapolated': False}","{'t0': Timestamp('1970-01-20 11:33:28.800000'), 't1': Timestamp('1970-01-20 11:33:50.400000'), 'tau0': np.float64(0.6846642339720356), 'tau1': np.float64(0.8935171006549828), 'c0': np.float64(0.017752808988764045), 'c1': np.float64(0.004719101123595505), 'extrapolated': False}",2023-05-03 20:00:00,SP23_up_constituents,SSC (mg/L)
SP23_up_constituents,-0.32308859571783577,0.5,0.3943191086762656,0.5825269099941139,"                     shear_stress  POC (mg/L)
Date_Time                                    
2023-04-19 02:30:00      0.368838    0.417278
2023-04-22 05:30:00      0.011008    0.000000
2023-04-24 12:00:00      0.146414    0.161369
2023-04-24 17:00:00      0.596701    0.458028
2023-04-24 22:00:00      0.574801    0.466178
2023-05-04 20:00:00      0.893517    1.000000","                     shear_stress  POC (mg/L)
Date_Time                                    
2023-05-04 20:00:00      0.893517    1.000000
2023-05-04 23:00:00      0.854800    0.510187
2023-05-05 11:00:00      0.560329    0.237164
2023-05-05 17:00:00      0.745465    0.525672",shear_stress,POC (mg/L),0.5,1970-01-20 11:19:11.734428116,1970-01-20 11:35:10.256574014,"{'t0': Timestamp('1970-01-20 11:18:57.600000'), 't1': Timestamp('1970-01-20 11:19:15.600000'), 'tau0': np.float64(0.14641418481276172), 'tau1': np.float64(0.5967008622158594), 'c0': np.float64(0.1613691931540342), 'c1': np.float64(0.4580277098614508), 'extrapolated': False}","{'t0': Timestamp('1970-01-20 11:33:50.400000'), 't1': Timestamp('1970-01-20 11:35:06'), 'tau0': np.float64(0.8935171006549828), 'tau1': np.float64(0.7454651307345967), 'c0': np.float64(1.0), 'c1': np.float64(0.5256723716381418), 'extrapolated': True}",2023-05-04 20:00:00,SP23_up_constituents,POC (mg/L)
SP23_up_constituents,0.15467184920575672,0.5,0.4982581907347087,0.42119167499185667,"                     shear_stress  DOC (mg/L)
Date_Time                                    
2023-04-17 16:30:00      0.187520    0.531759
2023-04-17 20:30:00      0.304735    0.386808
2023-04-18 00:30:00      0.238775    0.365635
2023-04-18 04:30:00      0.177217    0.335098
2023-04-18 08:30:00      0.123466    0.304560
...                           ...         ...
2023-05-02 17:00:00      0.700969    0.388844
2023-05-03 00:00:00      0.593960    0.271173
2023-05-03 07:00:00      0.689865    0.083876
2023-05-03 14:00:00      0.585529    0.364821
2023-05-03 20:00:00      1.000000    0.603013

[69 rows x 2 columns]","                     shear_stress  DOC (mg/L)
Date_Time                                    
2023-05-03 20:00:00      1.000000    0.603013
2023-05-04 05:00:00      0.736555    0.171417
2023-05-04 14:00:00      0.684664    0.399430
2023-05-04 20:00:00      0.893517    0.428339
2023-05-04 23:00:00      0.854800    0.283388
2023-05-05 05:00:00      0.699932    0.076547
2023-05-05 11:00:00      0.560329    0.078990
2023-05-05 17:00:00      0.745465    0.533388",shear_stress,DOC (mg/L),0.5,1970-01-20 11:12:00.151177000,1970-01-20 11:33:45.059857488,"{'t0': Timestamp('1970-01-20 11:11:47.400000'), 't1': Timestamp('1970-01-20 11:12:05.400000'), 'tau0': np.float64(0.2630608660664844), 'tau1': np.float64(0.5975322964842636), 'c0': np.float64(0.2536644951140064), 'c1': np.float64(0.598941368078176), 'extrapolated': False}","{'t0': Timestamp('1970-01-20 11:33:28.800000'), 't1': Timestamp('1970-01-20 11:33:50.400000'), 'tau0': np.float64(0.6846642339720356), 'tau1': np.float64(0.8935171006549828), 'c0': np.float64(0.39942996742671005), 'c1': np.float64(0.42833876221498374), 'extrapolated': False}",2023-05-03 20:00:00,SP23_up_constituents,DOC (mg/L)
st1_down,0.9035660736465991,0.5,0.6996498283333333,0.06746998001866623,"                     shear_stress  SSC (mg/L)
Date_Time                                    
2021-07-23 14:30:00      0.000000    0.000000
2021-07-23 15:50:00      0.714643    1.000000
2021-07-23 16:09:00      0.889858    0.938537
2021-07-23 16:40:00      1.000000    0.248710","                     shear_stress  SSC (mg/L)
Date_Time                                    
2021-07-23 16:40:00      1.000000    0.248710
2021-07-23 16:55:00      0.962720    0.140437
2021-07-23 19:19:00      0.441666    0.058271
2021-07-23 21:02:00      0.294236    0.031550",shear_stress,SSC (mg/L),0.5,1970-01-19 19:57:33.958319176,1970-01-19 19:57:46.972711024,"{'t0': Timestamp('1970-01-19 19:57:30.600000'), 't1': Timestamp('1970-01-19 19:57:35.400000'), 'tau0': np.float64(0.0), 'tau1': np.float64(0.7146432109842936), 'c0': np.float64(0.0), 'c1': np.float64(1.0), 'extrapolated': False}","{'t0': Timestamp('1970-01-19 19:57:39.300000'), 't1': Timestamp('1970-01-19 19:57:47.940000'), 'tau0': np.float64(0.962719614663786), 'tau1': np.float64(0.44166552334608367), 'c0': np.float64(0.14043655690244908), 'c1': np.float64(0.058271175943370244), 'extrapolated': False}",2021-07-23 16:40:00,st1_down,SSC (mg/L)
st1_down,-0.1692590741171489,0.5,0.4050604269298245,0.4875893486279802,"                     shear_stress  SRP (mg/L)
Date_Time                                    
2021-07-23 14:30:00      0.000000    0.000000
2021-07-23 15:50:00      0.714643    0.578947
2021-07-23 16:09:00      0.889858    1.000000
2021-07-23 16:40:00      1.000000    1.000000","                     shear_stress  SRP (mg/L)
Date_Time                                    
2021-07-23 16:40:00      1.000000    1.000000
2021-07-23 16:55:00      0.962720    0.919028
2021-07-23 19:19:00      0.441666    0.433198
2021-07-23 21:02:00      0.294236    0.336032",shear_stress,SRP (mg/L),0.5,1970-01-19 19:57:33.958319176,1970-01-19 19:57:46.972711024,"{'t0': Timestamp('1970-01-19 19:57:30.600000'), 't1': Timestamp('1970-01-19 19:57:35.400000'), 'tau0': np.float64(0.0), 'tau1': np.float64(0.7146432109842936), 'c0': np.float64(0.0), 'c1': np.float64(0.5789473684210527), 'extrapolated': False}","{'t0': Timestamp('1970-01-19 19:57:39.300000'), 't1': Timestamp('1970-01-19 19:57:47.940000'), 'tau0': np.float64(0.962719614663786), 'tau1': np.float64(0.44166552334608367), 'c0': np.float64(0.9190283400809718), 'c1': np.float64(0.4331983805668016), 'extrapolated': False}",2021-07-23 16:40:00,st1_down,SRP (mg/L)
st1_down,0.6571942713139622,0.5,0.5559151203977845,0.19057088793554888,"                     shear_stress  TP (mg/L)
Date_Time                                   
2021-07-23 14:30:00      0.000000   0.000000
2021-07-23 15:50:00      0.714643   0.794562
2021-07-23 16:09:00      0.889858   1.000000
2021-07-23 16:40:00      1.000000   0.523867","                     shear_stress  TP (mg/L)
Date_Time                                   
2021-07-23 16:40:00      1.000000   0.523867
2021-07-23 16:55:00      0.962720   0.441692
2021-07-23 19:19:00      0.441666   0.158912
2021-07-23 21:02:00      0.294236   0.110574",shear_stress,TP (mg/L),0.5,1970-01-19 19:57:33.958319176,1970-01-19 19:57:46.972711024,"{'t0': Timestamp('1970-01-19 19:57:30.600000'), 't1': Timestamp('1970-01-19 19:57:35.400000'), 'tau0': np.float64(0.0), 'tau1': np.float64(0.7146432109842936), 'c0': np.float64(0.0), 'c1': np.float64(0.7945619335347431), 'extrapolated': False}","{'t0': Timestamp('1970-01-19 19:57:39.300000'), 't1': Timestamp('1970-01-19 19:57:47.940000'), 'tau0': np.float64(0.962719614663786), 'tau1': np.float64(0.44166552334608367), 'c0': np.float64(0.4416918429003021), 'c1': np.float64(0.15891238670694866), 'extrapolated': False}",2021-07-23 16:40:00,st1_down,TP (mg/L)
st1_down,0.8261052103953005,0.5,0.5107872979856851,0.08882324971597366,"                     shear_stress  PP (mg/L)
Date_Time                                   
2021-07-23 14:30:00      0.000000   0.000000
2021-07-23 15:50:00      0.714643   0.730061
2021-07-23 16:09:00      0.889858   1.000000
2021-07-23 16:40:00      1.000000   0.472393","                     shear_stress  PP (mg/L)
Date_Time                                   
2021-07-23 16:40:00      1.000000   0.472393
2021-07-23 16:55:00      0.962720   0.306748
2021-07-23 19:19:00      0.441666   0.061350
2021-07-23 21:02:00      0.294236   0.042945",shear_stress,PP (mg/L),0.5,1970-01-19 19:57:33.958319176,1970-01-19 19:57:46.972711024,"{'t0': Timestamp('1970-01-19 19:57:30.600000'), 't1': Timestamp('1970-01-19 19:57:35.400000'), 'tau0': np.float64(0.0), 'tau1': np.float64(0.7146432109842936), 'c0': np.float64(0.0), 'c1': np.float64(0.7300613496932515), 'extrapolated': False}","{'t0': Timestamp('1970-01-19 19:57:39.300000'), 't1': Timestamp('1970-01-19 19:57:47.940000'), 'tau0': np.float64(0.962719614663786), 'tau1': np.float64(0.44166552334608367), 'c0': np.float64(0.3067484662576687), 'c1': np.float64(0.06134969325153375), 'extrapolated': False}",2021-07-23 16:40:00,st1_down,PP (mg/L)
st1_down,0.8788400304046167,0.5,0.6996498283333333,0.08476955192828181,"                     shear_stress  POC (mg/L)
Date_Time                                    
2021-07-23 14:30:00      0.000000    0.000000
2021-07-23 15:50:00      0.714643    1.000000
2021-07-23 16:09:00      0.889858    0.970653
2021-07-23 16:40:00      1.000000    0.238493","                     shear_stress  POC (mg/L)
Date_Time                                    
2021-07-23 16:40:00      1.000000    0.238493
2021-07-23 16:55:00      0.962720    0.180680
2021-07-23 19:19:00      0.441666    0.072678
2021-07-23 21:02:00      0.294236    0.039765",shear_stress,POC (mg/L),0.5,1970-01-19 19:57:33.958319176,1970-01-19 19:57:46.972711024,"{'t0': Timestamp('1970-01-19 19:57:30.600000'), 't1': Timestamp('1970-01-19 19:57:35.400000'), 'tau0': np.float64(0.0), 'tau1': np.float64(0.7146432109842936), 'c0': np.float64(0.0), 'c1': np.float64(1.0), 'extrapolated': False}","{'t0': Timestamp('1970-01-19 19:57:39.300000'), 't1': Timestamp('1970-01-19 19:57:47.940000'), 'tau0': np.float64(0.962719614663786), 'tau1': np.float64(0.44166552334608367), 'c0': np.float64(0.18068028153154178), 'c1': np.float64(0.07267820753447395), 'extrapolated': False}",2021-07-23 16:40:00,st1_down,POC (mg/L)
st1_down,-0.5332128507884384,0.5,0.4465107962532944,0.9565618869488686,"                     shear_stress  DOC (mg/L)
Date_Time                                    
2021-07-23 14:30:00      0.000000    0.000000
2021-07-23 15:50:00      0.714643    0.638192
2021-07-23 16:09:00      0.889858    0.934685
2021-07-23 16:40:00      1.000000    1.000000","                     shear_stress  DOC (mg/L)
Date_Time                                    
2021-07-23 16:40:00      1.000000    1.000000
2021-07-23 16:55:00      0.962720    0.966483
2021-07-23 19:19:00      0.441666    0.955311
2021-07-23 21:02:00      0.294236    0.841870",shear_stress,DOC (mg/L),0.5,1970-01-19 19:57:33.958319176,1970-01-19 19:57:46.972711024,"{'t0': Timestamp('1970-01-19 19:57:30.600000'), 't1': Timestamp('1970-01-19 19:57:35.400000'), 'tau0': np.float64(0.0), 'tau1': np.float64(0.7146432109842936), 'c0': np.float64(0.0), 'c1': np.float64(0.6381918184943279), 'extrapolated': False}","{'t0': Timestamp('1970-01-19 19:57:39.300000'), 't1': Timestamp('1970-01-19 19:57:47.940000'), 'tau0': np.float64(0.962719614663786), 'tau1': np.float64(0.44166552334608367), 'c0': np.float64(0.9664833276039876), 'c1': np.float64(0.9553111034719833), 'extrapolated': False}",2021-07-23 16:40:00,st1_down,DOC (mg/L)
st1_up,0.8439386653908993,0.5,0.5220030208187566,0.08146448809895733,"                     shear_stress  SSC (mg/L)
Date_Time                                    
2021-07-23 14:30:00      0.000000    0.000000
2021-07-23 14:54:00      0.255393    0.181989
2021-07-23 15:02:00      0.323761    0.338393
2021-07-23 16:13:00      0.958810    1.000000
2021-07-23 16:58:00      1.000000    0.230268","                     shear_stress  SSC (mg/L)
Date_Time                                    
2021-07-23 16:58:00      1.000000    0.230268
2021-07-23 17:58:00      0.690993    0.092496
2021-07-23 20:13:00      0.359511    0.073350",shear_stress,SSC (mg/L),0.5,1970-01-19 19:57:33.702239763,1970-01-19 19:57:47.747050714,"{'t0': Timestamp('1970-01-19 19:57:32.520000'), 't1': Timestamp('1970-01-19 19:57:36.780000'), 'tau0': np.float64(0.32376051307886744), 'tau1': np.float64(0.9588095427420817), 'c0': np.float64(0.3383931903360617), 'c1': np.float64(1.0), 'extrapolated': False}","{'t0': Timestamp('1970-01-19 19:57:43.080000'), 't1': Timestamp('1970-01-19 19:57:51.180000'), 'tau0': np.float64(0.6909932172083166), 'tau1': np.float64(0.3595108412442643), 'c0': np.float64(0.09249568741693834), 'c1': np.float64(0.07335025276211231), 'extrapolated': False}",2021-07-23 16:58:00,st1_up,SSC (mg/L)
st1_up,0.0459642265474175,0.5,0.49001487373653685,0.4674917190685065,"                     shear_stress  SRP (mg/L)
Date_Time                                    
2021-07-23 14:30:00      0.000000    0.000000
2021-07-23 14:54:00      0.255393    0.247059
2021-07-23 15:02:00      0.323761    0.294118
2021-07-23 16:13:00      0.958810    1.000000
2021-07-23 16:58:00      1.000000    0.890196","                     shear_stress  SRP (mg/L)
Date_Time                                    
2021-07-23 16:58:00      1.000000    0.890196
2021-07-23 17:58:00      0.690993    0.639216
2021-07-23 20:13:00      0.359511    0.341176",shear_stress,SRP (mg/L),0.5,1970-01-19 19:57:33.702239763,1970-01-19 19:57:47.747050714,"{'t0': Timestamp('1970-01-19 19:57:32.520000'), 't1': Timestamp('1970-01-19 19:57:36.780000'), 'tau0': np.float64(0.32376051307886744), 'tau1': np.float64(0.9588095427420817), 'c0': np.float64(0.29411764705882354), 'c1': np.float64(1.0), 'extrapolated': False}","{'t0': Timestamp('1970-01-19 19:57:43.080000'), 't1': Timestamp('1970-01-19 19:57:51.180000'), 'tau0': np.float64(0.6909932172083166), 'tau1': np.float64(0.3595108412442643), 'c0': np.float64(0.63921568627451), 'c1': np.float64(0.3411764705882353), 'extrapolated': False}",2021-07-23 16:58:00,st1_up,SRP (mg/L)
st1_up,0.523791199208938,0.5,0.4713835199173879,0.22447698073252897,"                     shear_stress  TP (mg/L)
Date_Time                                   
2021-07-23 14:30:00      0.000000   0.000000
2021-07-23 14:54:00      0.255393   0.189720
2021-07-23 15:02:00      0.323761   0.268330
2021-07-23 16:13:00      0.958810   1.000000
2021-07-23 16:58:00      1.000000   0.534392","                     shear_stress  TP (mg/L)
Date_Time                                   
2021-07-23 16:58:00      1.000000   0.534392
2021-07-23 17:58:00      0.690993   0.304611
2021-07-23 20:13:00      0.359511   0.165533",shear_stress,TP (mg/L),0.5,1970-01-19 19:57:33.702239763,1970-01-19 19:57:47.747050714,"{'t0': Timestamp('1970-01-19 19:57:32.520000'), 't1': Timestamp('1970-01-19 19:57:36.780000'), 'tau0': np.float64(0.32376051307886744), 'tau1': np.float64(0.9588095427420817), 'c0': np.float64(0.26832955404383974), 'c1': np.float64(1.0), 'extrapolated': False}","{'t0': Timestamp('1970-01-19 19:57:43.080000'), 't1': Timestamp('1970-01-19 19:57:51.180000'), 'tau0': np.float64(0.6909932172083166), 'tau1': np.float64(0.3595108412442643), 'c0': np.float64(0.3046107331821618), 'c1': np.float64(0.1655328798185941), 'extrapolated': False}",2021-07-23 16:58:00,st1_up,TP (mg/L)
st1_up,0.8647506898483485,0.5,0.39938498684031903,0.05401654395507958,"                     shear_stress  PP (mg/L)
Date_Time                                   
2021-07-23 14:30:00      0.000000   0.000000
2021-07-23 14:54:00      0.255393   0.090361
2021-07-23 15:02:00      0.323761   0.168675
2021-07-23 16:13:00      0.958810   1.000000
2021-07-23 16:58:00      1.000000   0.228916","                     shear_stress  PP (mg/L)
Date_Time                                   
2021-07-23 16:58:00      1.000000   0.228916
2021-07-23 17:58:00      0.690993   0.078313
2021-07-23 20:13:00      0.359511   0.036145",shear_stress,PP (mg/L),0.5,1970-01-19 19:57:33.702239763,1970-01-19 19:57:47.747050714,"{'t0': Timestamp('1970-01-19 19:57:32.520000'), 't1': Timestamp('1970-01-19 19:57:36.780000'), 'tau0': np.float64(0.32376051307886744), 'tau1': np.float64(0.9588095427420817), 'c0': np.float64(0.16867469879518074), 'c1': np.float64(1.0), 'extrapolated': False}","{'t0': Timestamp('1970-01-19 19:57:43.080000'), 't1': Timestamp('1970-01-19 19:57:51.180000'), 'tau0': np.float64(0.6909932172083166), 'tau1': np.float64(0.3595108412442643), 'c0': np.float64(0.0783132530120482), 'c1': np.float64(0.03614457831325301), 'extrapolated': False}",2021-07-23 16:58:00,st1_up,PP (mg/L)
st1_up,0.8937007349710979,0.5,0.7824510460901812,0.08317397112048189,"                     shear_stress  POC (mg/L)
Date_Time                                    
2021-07-23 14:30:00      0.000000    0.000000
2021-07-23 14:54:00      0.255393    0.214512
2021-07-23 15:02:00      0.323761    0.698885
2021-07-23 16:13:00      0.958810    1.000000
2021-07-23 16:58:00      1.000000    0.173356","                     shear_stress  POC (mg/L)
Date_Time                                    
2021-07-23 16:58:00      1.000000    0.173356
2021-07-23 17:58:00      0.690993    0.095641
2021-07-23 20:13:00      0.359511    0.074004",shear_stress,POC (mg/L),0.5,1970-01-19 19:57:33.702239763,1970-01-19 19:57:47.747050714,"{'t0': Timestamp('1970-01-19 19:57:32.520000'), 't1': Timestamp('1970-01-19 19:57:36.780000'), 'tau0': np.float64(0.32376051307886744), 'tau1': np.float64(0.9588095427420817), 'c0': np.float64(0.698885399676496), 'c1': np.float64(1.0), 'extrapolated': False}","{'t0': Timestamp('1970-01-19 19:57:43.080000'), 't1': Timestamp('1970-01-19 19:57:51.180000'), 'tau0': np.float64(0.6909932172083166), 'tau1': np.float64(0.3595108412442643), 'c0': np.float64(0.09564053182820219), 'c1': np.float64(0.07400392491719908), 'extrapolated': False}",2021-07-23 16:58:00,st1_up,POC (mg/L)
st1_up,-0.5441540127794506,0.5,0.4319036194681033,0.9474770680807547,"                     shear_stress  DOC (mg/L)
Date_Time                                    
2021-07-23 14:30:00      0.000000    0.000000
2021-07-23 14:54:00      0.255393    0.243791
2021-07-23 15:02:00      0.323761    0.236216
2021-07-23 16:13:00      0.958810    0.941342
2021-07-23 16:58:00      1.000000    0.988462","                     shear_stress  DOC (mg/L)
Date_Time                                    
2021-07-23 16:58:00      1.000000    0.988462
2021-07-23 17:58:00      0.690993    1.000000
2021-07-23 20:13:00      0.359511    0.908843",shear_stress,DOC (mg/L),0.5,1970-01-19 19:57:33.702239763,1970-01-19 19:57:47.747050714,"{'t0': Timestamp('1970-01-19 19:57:32.520000'), 't1': Timestamp('1970-01-19 19:57:36.780000'), 'tau0': np.float64(0.32376051307886744), 'tau1': np.float64(0.9588095427420817), 'c0': np.float64(0.2362163114320944), 'c1': np.float64(0.9413422582349832), 'extrapolated': False}","{'t0': Timestamp('1970-01-19 19:57:43.080000'), 't1': Timestamp('1970-01-19 19:57:51.180000'), 'tau0': np.float64(0.6909932172083166), 'tau1': np.float64(0.3595108412442643), 'c0': np.float64(1.0), 'c1': np.float64(0.9088426986084199), 'extrapolated': False}",2021-07-23 16:58:00,st1_up,DOC (mg/L)
st2_down,0.9035848274544752,0.5,0.9417983656668205,0.09080365192885974,"                     shear_stress  SSC (mg/L)
Date_Time                                    
2022-08-03 14:30:00      0.000000    0.000000
2022-08-03 15:02:00      0.281900    1.000000
2022-08-03 15:17:00      0.942568    0.823696
2022-08-03 15:47:00      0.770491    0.950320
2022-08-03 16:17:00      1.000000    0.770761","                     shear_stress  SSC (mg/L)
Date_Time                                    
2022-08-03 16:17:00      1.000000    0.770761
2022-08-03 18:02:00      0.654661    0.264583
2022-08-03 18:17:00      0.619243    0.155464
2022-08-03 19:02:00      0.453817    0.065760",shear_stress,SSC (mg/L),0.5,1970-01-20 04:58:59.217108822,1970-01-20 04:59:12.566217693,"{'t0': Timestamp('1970-01-20 04:58:58.920000'), 't1': Timestamp('1970-01-20 04:58:59.820000'), 'tau0': np.float64(0.28189952504738), 'tau1': np.float64(0.9425679831577221), 'c0': np.float64(1.0), 'c1': np.float64(0.8236960096059971), 'extrapolated': False}","{'t0': Timestamp('1970-01-20 04:59:10.620000'), 't1': Timestamp('1970-01-20 04:59:13.320000'), 'tau0': np.float64(0.6192428109248015), 'tau1': np.float64(0.4538165121746121), 'c0': np.float64(0.15546423207680418), 'c1': np.float64(0.06576020409094309), 'extrapolated': False}",2022-08-03 16:17:00,st2_down,SSC (mg/L)
st2_down,0.3853850711928225,0.5,0.4544603049768879,0.2793180879890581,"                     shear_stress  SRP (mg/L)
Date_Time                                    
2022-08-03 14:30:00      0.000000    0.000000
2022-08-03 15:02:00      0.281900    0.185615
2022-08-03 15:17:00      0.942568    1.000000","                     shear_stress  SRP (mg/L)
Date_Time                                    
2022-08-03 15:17:00      0.942568    1.000000
2022-08-03 15:47:00      0.770491    0.753217
2022-08-03 18:17:00      0.619243    0.383041",shear_stress,SRP (mg/L),0.5,1970-01-20 04:58:59.217108822,1970-01-20 04:59:13.141806312,"{'t0': Timestamp('1970-01-20 04:58:58.920000'), 't1': Timestamp('1970-01-20 04:58:59.820000'), 'tau0': np.float64(0.28189952504738), 'tau1': np.float64(0.9425679831577221), 'c0': np.float64(0.18561467900463968), 'c1': np.float64(1.0), 'extrapolated': False}","{'t0': Timestamp('1970-01-20 04:58:59.820000'), 't1': Timestamp('1970-01-20 04:59:10.620000'), 'tau0': np.float64(0.9425679831577221), 'tau1': np.float64(0.6192428109248015), 'c0': np.float64(1.0), 'c1': np.float64(0.3830414234883634), 'extrapolated': True}",2022-08-03 15:17:00,st2_down,SRP (mg/L)
st2_down,0.867857330063389,0.5,0.9832922011281623,0.12993485678492245,"                     shear_stress  TP (mg/L)
Date_Time                                   
2022-08-03 14:30:00      0.000000   0.000000
2022-08-03 15:02:00      0.281900   0.975058
2022-08-03 15:17:00      0.942568   1.000000","                     shear_stress  TP (mg/L)
Date_Time                                   
2022-08-03 15:17:00      0.942568   1.000000
2022-08-03 15:47:00      0.770491   0.800468
2022-08-03 18:17:00      0.619243   0.276696",shear_stress,TP (mg/L),0.5,1970-01-20 04:58:59.217108822,1970-01-20 04:59:13.141806312,"{'t0': Timestamp('1970-01-20 04:58:58.920000'), 't1': Timestamp('1970-01-20 04:58:59.820000'), 'tau0': np.float64(0.28189952504738), 'tau1': np.float64(0.9425679831577221), 'c0': np.float64(0.9750584856216723), 'c1': np.float64(1.0), 'extrapolated': False}","{'t0': Timestamp('1970-01-20 04:58:59.820000'), 't1': Timestamp('1970-01-20 04:59:10.620000'), 'tau0': np.float64(0.9425679831577221), 'tau1': np.float64(0.6192428109248015), 'c0': np.float64(1.0), 'c1': np.float64(0.2766960830285011), 'extrapolated': True}",2022-08-03 15:17:00,st2_down,TP (mg/L)
st2_down,0.8606937710792781,0.5,0.9449798477777778,0.13164157900000004,"                     shear_stress  PP (mg/L)
Date_Time                                   
2022-08-03 14:30:00      0.000000   0.000000
2022-08-03 15:02:00      0.281900   1.000000
2022-08-03 15:17:00      0.942568   0.833333","                     shear_stress  PP (mg/L)
Date_Time                                   
2022-08-03 15:17:00      0.942568   0.833333
2022-08-03 15:47:00      0.770491   0.291667
2022-08-03 18:17:00      0.619243   0.166667",shear_stress,PP (mg/L),0.5,1970-01-20 04:58:59.217108822,1970-01-20 04:59:13.141806312,"{'t0': Timestamp('1970-01-20 04:58:58.920000'), 't1': Timestamp('1970-01-20 04:58:59.820000'), 'tau0': np.float64(0.28189952504738), 'tau1': np.float64(0.9425679831577221), 'c0': np.float64(1.0), 'c1': np.float64(0.8333333333333334), 'extrapolated': False}","{'t0': Timestamp('1970-01-20 04:58:59.820000'), 't1': Timestamp('1970-01-20 04:59:10.620000'), 'tau0': np.float64(0.9425679831577221), 'tau1': np.float64(0.6192428109248015), 'c0': np.float64(0.8333333333333334), 'c1': np.float64(0.16666666666666669), 'extrapolated': True}",2022-08-03 15:17:00,st2_down,PP (mg/L)
st2_down,0.8663522869897675,0.5,0.9289215829755181,0.12414824513052292,"                     shear_stress  POC (mg/L)
Date_Time                                    
2022-08-03 14:30:00      0.000000    0.000000
2022-08-03 15:02:00      0.281900    1.000000
2022-08-03 15:17:00      0.942568    0.784690
2022-08-03 15:47:00      0.770491    0.678901
2022-08-03 16:17:00      1.000000    0.732988","                     shear_stress  POC (mg/L)
Date_Time                                    
2022-08-03 16:17:00      1.000000    0.732988
2022-08-03 18:02:00      0.654661    0.054029
2022-08-03 18:17:00      0.619243    0.267780
2022-08-03 19:02:00      0.453817    0.068519",shear_stress,POC (mg/L),0.5,1970-01-20 04:58:59.217108822,1970-01-20 04:59:12.566217693,"{'t0': Timestamp('1970-01-20 04:58:58.920000'), 't1': Timestamp('1970-01-20 04:58:59.820000'), 'tau0': np.float64(0.28189952504738), 'tau1': np.float64(0.9425679831577221), 'c0': np.float64(1.0), 'c1': np.float64(0.7846897480478255), 'extrapolated': False}","{'t0': Timestamp('1970-01-20 04:59:10.620000'), 't1': Timestamp('1970-01-20 04:59:13.320000'), 'tau0': np.float64(0.6192428109248015), 'tau1': np.float64(0.4538165121746121), 'c0': np.float64(0.2677796003767404), 'c1': np.float64(0.0685189212864146), 'extrapolated': False}",2022-08-03 16:17:00,st2_down,POC (mg/L)
st2_down,0.35663424505543495,0.5,0.45004381435819035,0.2895427783826888,"                     shear_stress  DOC (mg/L)
Date_Time                                    
2022-08-03 14:30:00      0.000000    0.000000
2022-08-03 15:02:00      0.281900    0.358247
2022-08-03 15:17:00      0.942568    0.636317
2022-08-03 15:47:00      0.770491    0.888568
2022-08-03 16:17:00      1.000000    1.000000","                     shear_stress  DOC (mg/L)
Date_Time                                    
2022-08-03 16:17:00      1.000000    1.000000
2022-08-03 18:02:00      0.654661    0.903686
2022-08-03 18:17:00      0.619243    0.895023
2022-08-03 19:02:00      0.453817    0.055037",shear_stress,DOC (mg/L),0.5,1970-01-20 04:58:59.217108822,1970-01-20 04:59:12.566217693,"{'t0': Timestamp('1970-01-20 04:58:58.920000'), 't1': Timestamp('1970-01-20 04:58:59.820000'), 'tau0': np.float64(0.28189952504738), 'tau1': np.float64(0.9425679831577221), 'c0': np.float64(0.3582469848819433), 'c1': np.float64(0.6363173093256327), 'extrapolated': False}","{'t0': Timestamp('1970-01-20 04:59:10.620000'), 't1': Timestamp('1970-01-20 04:59:13.320000'), 'tau0': np.float64(0.6192428109248015), 'tau1': np.float64(0.4538165121746121), 'c0': np.float64(0.8950229318838118), 'c1': np.float64(0.05503652114829289), 'extrapolated': False}",2022-08-03 16:17:00,st2_down,DOC (mg/L)
st3_down,0.6634342256655748,0.5,0.32800669147906886,0.11039582610452574,"                     shear_stress  SSC (mg/L)
Date_Time                                    
2022-08-08 13:15:00      0.000000    0.043158
2022-08-08 13:43:00      0.150770    0.158245
2022-08-08 13:58:00      0.251414    0.205174
2022-08-08 14:13:00      0.632881    0.393666
2022-08-08 14:28:00      0.874098    1.000000
2022-08-08 14:43:00      1.000000    0.715906","                     shear_stress  SSC (mg/L)
Date_Time                                    
2022-08-08 14:43:00      1.000000    0.715906
2022-08-08 15:23:00      0.924560    0.473323
2022-08-08 16:13:00      0.655310    0.187452
2022-08-08 16:43:00      0.546897    0.147268
2022-08-08 16:58:00      0.444894    0.067069
2022-08-08 17:28:00      0.399003    0.016598
2022-08-08 17:58:00      0.314209    0.000000
2022-08-08 18:13:00      0.358697    0.101036",shear_stress,SSC (mg/L),0.5,1970-01-20 05:06:07.666491722,1970-01-20 05:06:17.393785897,"{'t0': Timestamp('1970-01-20 05:06:07.080000'), 't1': Timestamp('1970-01-20 05:06:07.980000'), 'tau0': np.float64(0.2514139154574189), 'tau1': np.float64(0.6328813218049388), 'c0': np.float64(0.20517443889265863), 'c1': np.float64(0.3936664894723072), 'extrapolated': False}","{'t0': Timestamp('1970-01-20 05:06:16.980000'), 't1': Timestamp('1970-01-20 05:06:17.880000'), 'tau0': np.float64(0.5468970470659731), 'tau1': np.float64(0.44489419328905166), 'c0': np.float64(0.14726829090773783), 'c1': np.float64(0.06706928324825039), 'extrapolated': False}",2022-08-08 14:43:00,st3_down,SSC (mg/L)
st3_down,-0.5178456609128863,0.5,0.31956089860384596,0.6627771912389842,"                     shear_stress  SRP (mg/L)
Date_Time                                    
2022-08-08 13:15:00      0.000000    0.000000
2022-08-08 13:58:00      0.251414    0.193587
2022-08-08 14:28:00      0.874098    0.509140
2022-08-08 15:23:00      0.924560    1.000000","                     shear_stress  SRP (mg/L)
Date_Time                                    
2022-08-08 15:23:00      0.924560    1.000000
2022-08-08 16:13:00      0.655310    0.754570
2022-08-08 18:13:00      0.358697    0.579263",shear_stress,SRP (mg/L),0.5,1970-01-20 05:06:07.798590415,1970-01-20 05:06:18.949996046,"{'t0': Timestamp('1970-01-20 05:06:07.080000'), 't1': Timestamp('1970-01-20 05:06:08.880000'), 'tau0': np.float64(0.2514139154574189), 'tau1': np.float64(0.8740981912912273), 'c0': np.float64(0.19358681482147452), 'c1': np.float64(0.5091398003261149), 'extrapolated': False}","{'t0': Timestamp('1970-01-20 05:06:15.180000'), 't1': Timestamp('1970-01-20 05:06:22.380000'), 'tau0': np.float64(0.655309842390454), 'tau1': np.float64(0.35869656976959435), 'c0': np.float64(0.7545699001630574), 'c1': np.float64(0.5792626859938128), 'extrapolated': False}",2022-08-08 15:23:00,st3_down,SRP (mg/L)
st3_down,0.26292322485009023,0.5,0.391146122459582,0.2883047225549004,"                     shear_stress  TP (mg/L)
Date_Time                                   
2022-08-08 13:15:00      0.000000   0.000000
2022-08-08 13:58:00      0.251414   0.118564
2022-08-08 14:28:00      0.874098   0.801355
2022-08-08 15:23:00      0.924560   1.000000","                     shear_stress  TP (mg/L)
Date_Time                                   
2022-08-08 15:23:00      0.924560   1.000000
2022-08-08 16:13:00      0.655310   0.348504
2022-08-08 18:13:00      0.358697   0.233534",shear_stress,TP (mg/L),0.5,1970-01-20 05:06:07.798590415,1970-01-20 05:06:18.949996046,"{'t0': Timestamp('1970-01-20 05:06:07.080000'), 't1': Timestamp('1970-01-20 05:06:08.880000'), 'tau0': np.float64(0.2514139154574189), 'tau1': np.float64(0.8740981912912273), 'c0': np.float64(0.11856444244636097), 'c1': np.float64(0.8013553811813257), 'extrapolated': False}","{'t0': Timestamp('1970-01-20 05:06:15.180000'), 't1': Timestamp('1970-01-20 05:06:22.380000'), 'tau0': np.float64(0.655309842390454), 'tau1': np.float64(0.35869656976959435), 'c0': np.float64(0.34850415311252764), 'c1': np.float64(0.23353429777944437), 'extrapolated': False}",2022-08-08 15:23:00,st3_down,TP (mg/L)
st3_down,-0.38672859457882003,0.5,0.35859368611111114,0.5847226577681992,"                     shear_stress  PP (mg/L)
Date_Time                                   
2022-08-08 13:15:00      0.000000   0.000000
2022-08-08 13:58:00      0.251414   0.344828
2022-08-08 14:28:00      0.874098   0.379310
2022-08-08 15:23:00      0.924560   0.586207","                     shear_stress  PP (mg/L)
Date_Time                                   
2022-08-08 15:23:00      0.924560   0.586207
2022-08-08 16:13:00      0.655310   1.000000
2022-08-08 18:13:00      0.358697   0.206897",shear_stress,PP (mg/L),0.5,1970-01-20 05:06:07.798590415,1970-01-20 05:06:18.949996046,"{'t0': Timestamp('1970-01-20 05:06:07.080000'), 't1': Timestamp('1970-01-20 05:06:08.880000'), 'tau0': np.float64(0.2514139154574189), 'tau1': np.float64(0.8740981912912273), 'c0': np.float64(0.3448275862068966), 'c1': np.float64(0.37931034482758624), 'extrapolated': False}","{'t0': Timestamp('1970-01-20 05:06:15.180000'), 't1': Timestamp('1970-01-20 05:06:22.380000'), 'tau0': np.float64(0.655309842390454), 'tau1': np.float64(0.35869656976959435), 'c0': np.float64(1.0), 'c1': np.float64(0.20689655172413793), 'extrapolated': False}",2022-08-08 15:23:00,st3_down,PP (mg/L)
st3_down,0.9661489051603313,0.5,0.28294215301739956,0.009577901655932053,"                     shear_stress  POC (mg/L)
Date_Time                                    
2022-08-08 13:15:00      0.000000    0.007053
2022-08-08 13:43:00      0.150770    0.008213
2022-08-08 13:58:00      0.251414    0.055687
2022-08-08 14:13:00      0.632881    0.404421
2022-08-08 14:28:00      0.874098    1.000000
2022-08-08 14:43:00      1.000000    0.937166","                     shear_stress  POC (mg/L)
Date_Time                                    
2022-08-08 14:43:00      1.000000    0.937166
2022-08-08 15:23:00      0.924560    0.199859
2022-08-08 16:13:00      0.655310    0.123828
2022-08-08 16:43:00      0.546897    0.012019
2022-08-08 16:58:00      0.444894    0.006710
2022-08-08 17:28:00      0.399003    0.030670
2022-08-08 17:58:00      0.314209    0.063998
2022-08-08 18:13:00      0.358697    0.000000",shear_stress,POC (mg/L),0.5,1970-01-20 05:06:07.666491722,1970-01-20 05:06:17.393785897,"{'t0': Timestamp('1970-01-20 05:06:07.080000'), 't1': Timestamp('1970-01-20 05:06:07.980000'), 'tau0': np.float64(0.2514139154574189), 'tau1': np.float64(0.6328813218049388), 'c0': np.float64(0.05568732807381874), 'c1': np.float64(0.404420881808824), 'extrapolated': False}","{'t0': Timestamp('1970-01-20 05:06:16.980000'), 't1': Timestamp('1970-01-20 05:06:17.880000'), 'tau0': np.float64(0.5468970470659731), 'tau1': np.float64(0.44489419328905166), 'c0': np.float64(0.012018690610054897), 'c1': np.float64(0.006709882178842078), 'extrapolated': False}",2022-08-08 14:43:00,st3_down,POC (mg/L)
st3_down,-0.8343125749827591,0.5,0.16560244885011774,0.9994871296532353,"                     shear_stress  DOC (mg/L)
Date_Time                                    
2022-08-08 13:15:00      0.000000    0.000000
2022-08-08 13:43:00      0.150770    0.098807
2022-08-08 13:58:00      0.251414    0.110379
2022-08-08 14:13:00      0.632881    0.195122
2022-08-08 14:28:00      0.874098    0.440627
2022-08-08 14:43:00      1.000000    0.783870","                     shear_stress  DOC (mg/L)
Date_Time                                    
2022-08-08 14:43:00      1.000000    0.783870
2022-08-08 15:23:00      0.924560    0.880541
2022-08-08 16:13:00      0.655310    0.998042
2022-08-08 16:58:00      0.444894    1.000000
2022-08-08 17:28:00      0.399003    0.957629
2022-08-08 18:13:00      0.358697    0.940182",shear_stress,DOC (mg/L),0.5,1970-01-20 05:06:07.666491722,1970-01-20 05:06:17.172896328,"{'t0': Timestamp('1970-01-20 05:06:07.080000'), 't1': Timestamp('1970-01-20 05:06:07.980000'), 'tau0': np.float64(0.2514139154574189), 'tau1': np.float64(0.6328813218049388), 'c0': np.float64(0.11037920598184088), 'c1': np.float64(0.19512195121951223), 'extrapolated': False}","{'t0': Timestamp('1970-01-20 05:06:15.180000'), 't1': Timestamp('1970-01-20 05:06:17.880000'), 'tau0': np.float64(0.655309842390454), 'tau1': np.float64(0.44489419328905166), 'c0': np.float64(0.9980416592487094), 'c1': np.float64(1.0), 'extrapolated': False}",2022-08-08 14:43:00,st3_down,DOC (mg/L)
st4_down,0.6647517708669582,0.5,0.839442741025641,0.2814216923874327,"                     shear_stress  SSC (mg/L)
Date_Time                                    
2023-07-29 14:00:00      0.000000    0.000000
2023-07-29 14:52:00      0.595633    1.000000
2023-07-29 15:07:00      0.803490    0.556622
2023-07-29 15:22:00      0.801727    0.230326
2023-07-29 15:37:00      1.000000    0.383877","                     shear_stress  SSC (mg/L)
Date_Time                                    
2023-07-29 15:37:00      1.000000    0.383877
2023-07-29 15:52:00      0.965158    0.172745
2023-07-29 16:07:00      0.569404    0.454255
2023-07-29 16:22:00      0.520088    0.223928",shear_stress,SSC (mg/L),0.5,1970-01-20 13:37:21.819061352,1970-01-20 13:37:27.495344737,"{'t0': Timestamp('1970-01-20 13:37:19.200000'), 't1': Timestamp('1970-01-20 13:37:22.320000'), 'tau0': np.float64(0.0), 'tau1': np.float64(0.5956332404461825), 'c0': np.float64(0.0), 'c1': np.float64(1.0), 'extrapolated': False}","{'t0': Timestamp('1970-01-20 13:37:26.820000'), 't1': Timestamp('1970-01-20 13:37:27.720000'), 'tau0': np.float64(0.5694040886774008), 'tau1': np.float64(0.5200881922669812), 'c0': np.float64(0.454254638513354), 'c1': np.float64(0.2239283429323622), 'extrapolated': False}",2023-07-29 15:37:00,st4_down,SSC (mg/L)
st4_down,-0.3658667667697173,0.5,0.20958345845950613,0.33050382392338173,"                     shear_stress  PP (mg/L)
Date_Time                                   
2023-07-29 14:00:00      0.000000   0.000000
2023-07-29 14:52:00      0.595633   0.249670
2023-07-29 15:07:00      0.803490   0.918098
2023-07-29 15:22:00      0.801727   0.542933
2023-07-29 15:37:00      1.000000   1.000000","                     shear_stress  PP (mg/L)
Date_Time                                   
2023-07-29 15:37:00      1.000000   1.000000
2023-07-29 15:52:00      0.965158   0.875826
2023-07-29 16:07:00      0.569404   0.482166
2023-07-29 16:22:00      0.520088   0.280053",shear_stress,PP (mg/L),0.5,1970-01-20 13:37:21.819061352,1970-01-20 13:37:27.495344737,"{'t0': Timestamp('1970-01-20 13:37:19.200000'), 't1': Timestamp('1970-01-20 13:37:22.320000'), 'tau0': np.float64(0.0), 'tau1': np.float64(0.5956332404461825), 'c0': np.float64(0.0), 'c1': np.float64(0.24966974900924702), 'extrapolated': False}","{'t0': Timestamp('1970-01-20 13:37:26.820000'), 't1': Timestamp('1970-01-20 13:37:27.720000'), 'tau0': np.float64(0.5694040886774008), 'tau1': np.float64(0.5200881922669812), 'c0': np.float64(0.48216644649933943), 'c1': np.float64(0.28005284015852044), 'extrapolated': False}",2023-07-29 15:37:00,st4_down,PP (mg/L)
st4_down,0.6111099561755389,0.5,0.839442741025641,0.3264509243455873,"                     shear_stress  POC (mg/L)
Date_Time                                    
2023-07-29 14:00:00      0.000000    0.000000
2023-07-29 14:52:00      0.595633    1.000000
2023-07-29 15:07:00      0.803490    0.317701
2023-07-29 15:22:00      0.801727    0.229302
2023-07-29 15:37:00      1.000000    0.247710","                     shear_stress  POC (mg/L)
Date_Time                                    
2023-07-29 15:37:00      1.000000    0.247710
2023-07-29 15:52:00      0.965158    0.195567
2023-07-29 16:07:00      0.569404    0.274552
2023-07-29 16:22:00      0.520088    0.343715",shear_stress,POC (mg/L),0.5,1970-01-20 13:37:21.819061352,1970-01-20 13:37:27.495344737,"{'t0': Timestamp('1970-01-20 13:37:19.200000'), 't1': Timestamp('1970-01-20 13:37:22.320000'), 'tau0': np.float64(0.0), 'tau1': np.float64(0.5956332404461825), 'c0': np.float64(0.0), 'c1': np.float64(1.0), 'extrapolated': False}","{'t0': Timestamp('1970-01-20 13:37:26.820000'), 't1': Timestamp('1970-01-20 13:37:27.720000'), 'tau0': np.float64(0.5694040886774008), 'tau1': np.float64(0.5200881922669812), 'c0': np.float64(0.2745523080283314), 'c1': np.float64(0.34371514017390914), 'extrapolated': False}",2023-07-29 15:37:00,st4_down,POC (mg/L)
st4_down,-0.9084155784651591,0.5,0.08594225045615918,0.9383937684583689,"                     shear_stress  DOC (mg/L)
Date_Time                                    
2023-07-29 14:00:00      0.000000    0.000000
2023-07-29 15:07:00      0.803490    0.138107
2023-07-29 15:22:00      0.801727    0.319267
2023-07-29 15:37:00      1.000000    0.478261","                     shear_stress  DOC (mg/L)
Date_Time                                    
2023-07-29 15:37:00      1.000000    0.478261
2023-07-29 15:52:00      0.965158    0.577153
2023-07-29 16:07:00      0.569404    0.753197
2023-07-29 16:22:00      0.520088    1.000000",shear_stress,DOC (mg/L),0.5,1970-01-20 13:37:21.701587928,1970-01-20 13:37:27.495344737,"{'t0': Timestamp('1970-01-20 13:37:19.200000'), 't1': Timestamp('1970-01-20 13:37:23.220000'), 'tau0': np.float64(0.0), 'tau1': np.float64(0.8034896464677482), 'c0': np.float64(0.0), 'c1': np.float64(0.1381074168797955), 'extrapolated': False}","{'t0': Timestamp('1970-01-20 13:37:26.820000'), 't1': Timestamp('1970-01-20 13:37:27.720000'), 'tau0': np.float64(0.5694040886774008), 'tau1': np.float64(0.5200881922669812), 'c0': np.float64(0.7531969309462914), 'c1': np.float64(1.0), 'extrapolated': False}",2023-07-29 15:37:00,st4_down,DOC (mg/L)
st4_up,0.23870810224118633,0.5,0.6981128347951712,0.5314676448510011,"                     shear_stress  SSC (mg/L)
Date_Time                                    
2023-07-29 14:00:00      0.000000    0.000000
2023-07-29 15:16:00      0.673071    0.939759
2023-07-29 15:31:00      0.716445    1.000000
2023-07-29 15:46:00      1.000000    0.397590","                     shear_stress  SSC (mg/L)
Date_Time                                    
2023-07-29 15:46:00      1.000000    0.397590
2023-07-29 16:01:00      0.568556    0.602410
2023-07-29 16:16:00      0.382268    0.409639
2023-07-29 16:31:00      0.502970    0.346227
2023-07-29 16:46:00      0.229674    0.072289
2023-07-29 17:16:00      0.208405    0.023001
2023-07-29 17:46:00      0.186530    0.137349
2023-07-29 18:31:00      0.101545    0.083133",shear_stress,SSC (mg/L),0.5,1970-01-20 13:37:22.587458280,1970-01-20 13:37:26.791210432,"{'t0': Timestamp('1970-01-20 13:37:19.200000'), 't1': Timestamp('1970-01-20 13:37:23.760000'), 'tau0': np.float64(0.0), 'tau1': np.float64(0.6730710200369079), 'c0': np.float64(0.0), 'c1': np.float64(0.9397590356938598), 'extrapolated': False}","{'t0': Timestamp('1970-01-20 13:37:26.460000'), 't1': Timestamp('1970-01-20 13:37:27.360000'), 'tau0': np.float64(0.5685560868789543), 'tau1': np.float64(0.3822682401067247), 'c0': np.float64(0.6024096382903179), 'c1': np.float64(0.40963855402874144), 'extrapolated': False}",2023-07-29 15:46:00,st4_up,SSC (mg/L)
st4_up,-0.8516969351899408,0.5,0.10790198382828581,0.7275775720918684,"                     shear_stress  PP (mg/L)
Date_Time                                   
2023-07-29 14:00:00      0.000000   0.000000
2023-07-29 15:16:00      0.673071   0.145251
2023-07-29 15:31:00      0.716445   0.977654
2023-07-29 15:46:00      1.000000   1.000000","                     shear_stress  PP (mg/L)
Date_Time                                   
2023-07-29 15:46:00      1.000000   1.000000
2023-07-29 16:01:00      0.568556   0.659218
2023-07-29 16:16:00      0.382268   0.844972
2023-07-29 16:31:00      0.502970   0.924581
2023-07-29 17:16:00      0.208405   0.255587
2023-07-29 17:46:00      0.186530   0.269553",shear_stress,PP (mg/L),0.5,1970-01-20 13:37:22.587458280,1970-01-20 13:37:26.791210432,"{'t0': Timestamp('1970-01-20 13:37:19.200000'), 't1': Timestamp('1970-01-20 13:37:23.760000'), 'tau0': np.float64(0.0), 'tau1': np.float64(0.6730710200369079), 'c0': np.float64(0.0), 'c1': np.float64(0.1452513966480447), 'extrapolated': False}","{'t0': Timestamp('1970-01-20 13:37:26.460000'), 't1': Timestamp('1970-01-20 13:37:27.360000'), 'tau0': np.float64(0.5685560868789543), 'tau1': np.float64(0.3822682401067247), 'c0': np.float64(0.659217877094972), 'c1': np.float64(0.8449720670391061), 'extrapolated': False}",2023-07-29 15:46:00,st4_up,PP (mg/L)
st4_up,0.43470959467392956,0.5,0.7428636578947369,0.41993369827332316,"                     shear_stress  POC (mg/L)
Date_Time                                    
2023-07-29 14:00:00      0.000000    0.000000
2023-07-29 15:16:00      0.673071    1.000000
2023-07-29 15:31:00      0.716445    0.800323
2023-07-29 15:46:00      1.000000    0.532977","                     shear_stress  POC (mg/L)
Date_Time                                    
2023-07-29 15:46:00      1.000000    0.532977
2023-07-29 16:01:00      0.568556    0.536524
2023-07-29 16:31:00      0.502970    0.422102
2023-07-29 17:16:00      0.208405    0.207010
2023-07-29 18:31:00      0.101545    0.303049",shear_stress,POC (mg/L),0.5,1970-01-20 13:37:22.587458280,1970-01-20 13:37:28.287219679,"{'t0': Timestamp('1970-01-20 13:37:19.200000'), 't1': Timestamp('1970-01-20 13:37:23.760000'), 'tau0': np.float64(0.0), 'tau1': np.float64(0.6730710200369079), 'c0': np.float64(0.0), 'c1': np.float64(1.0), 'extrapolated': False}","{'t0': Timestamp('1970-01-20 13:37:28.260000'), 't1': Timestamp('1970-01-20 13:37:30.960000'), 'tau0': np.float64(0.5029696109726953), 'tau1': np.float64(0.20840516509469112), 'c0': np.float64(0.42210212234259925), 'c1': np.float64(0.20700976261839196), 'extrapolated': False}",2023-07-29 15:46:00,st4_up,POC (mg/L)
st4_up,0.6425571291144326,0.5,0.7428636578947369,0.2655313185544487,"                     shear_stress  DOC (mg/L)
Date_Time                                    
2023-07-29 14:00:00      0.000000    0.000000
2023-07-29 15:16:00      0.673071    1.000000
2023-07-29 15:31:00      0.716445    0.212646
2023-07-29 15:46:00      1.000000    0.239498","                     shear_stress  DOC (mg/L)
Date_Time                                    
2023-07-29 15:46:00      1.000000    0.239498
2023-07-29 16:01:00      0.568556    0.268081
2023-07-29 16:16:00      0.382268    0.261152
2023-07-29 16:31:00      0.502970    0.289043
2023-07-29 16:46:00      0.229674    0.322131
2023-07-29 17:16:00      0.208405    0.376007
2023-07-29 17:46:00      0.186530    0.369944
2023-07-29 18:31:00      0.101545    0.424166",shear_stress,DOC (mg/L),0.5,1970-01-20 13:37:22.587458280,1970-01-20 13:37:26.791210432,"{'t0': Timestamp('1970-01-20 13:37:19.200000'), 't1': Timestamp('1970-01-20 13:37:23.760000'), 'tau0': np.float64(0.0), 'tau1': np.float64(0.6730710200369079), 'c0': np.float64(0.0), 'c1': np.float64(1.0), 'extrapolated': False}","{'t0': Timestamp('1970-01-20 13:37:26.460000'), 't1': Timestamp('1970-01-20 13:37:27.360000'), 'tau0': np.float64(0.5685560868789543), 'tau1': np.float64(0.3822682401067247), 'c0': np.float64(0.2680814205283672), 'c1': np.float64(0.26115201385881326), 'extrapolated': False}",2023-07-29 15:46:00,st4_up,DOC (mg/L)
st5_down,0.8366689213195191,0.5,0.7312415977777778,0.11943447894108275,"                     shear_stress  SSC (mg/L)
Date_Time                                    
2023-08-13 18:30:00      0.000000    0.000000
2023-08-13 18:45:00      0.683769    1.000000
2023-08-13 18:58:00      0.914792    0.443621
2023-08-13 19:02:00      0.906002    0.418153
2023-08-13 19:10:00      0.728674    0.227143
2023-08-13 21:02:00      1.000000    0.119434","                     shear_stress  SSC (mg/L)
Date_Time                                    
2023-08-13 21:02:00           1.0    0.119434",shear_stress,SSC (mg/L),0.5,1970-01-20 13:59:12.058117438,2023-08-13 21:02:00.000000000,"{'t0': Timestamp('1970-01-20 13:59:11.400000'), 't1': Timestamp('1970-01-20 13:59:12.300000'), 'tau0': np.float64(0.0), 'tau1': np.float64(0.6837685403993263), 'c0': np.float64(0.0), 'c1': np.float64(1.0), 'extrapolated': False}",,2023-08-13 21:02:00,st5_down,SSC (mg/L)
st5_down,0.21511781012901554,0.5,0.5159483587626262,0.4049586776859504,"                     shear_stress  PP (mg/L)
Date_Time                                   
2023-08-13 18:30:00      0.000000   0.000000
2023-08-13 18:45:00      0.683769   0.705579
2023-08-13 18:58:00      0.914792   0.992769
2023-08-13 19:02:00      0.906002   1.000000
2023-08-13 19:10:00      0.728674   0.935950
2023-08-13 21:02:00      1.000000   0.404959","                     shear_stress  PP (mg/L)
Date_Time                                   
2023-08-13 21:02:00           1.0   0.404959",shear_stress,PP (mg/L),0.5,1970-01-20 13:59:12.058117438,2023-08-13 21:02:00.000000000,"{'t0': Timestamp('1970-01-20 13:59:11.400000'), 't1': Timestamp('1970-01-20 13:59:12.300000'), 'tau0': np.float64(0.0), 'tau1': np.float64(0.6837685403993263), 'c0': np.float64(0.0), 'c1': np.float64(0.7055785123966942), 'extrapolated': False}",,2023-08-13 21:02:00,st5_down,PP (mg/L)
st5_down,0.4964233252075163,0.5,0.7312415977777778,0.36823621227887615,"                     shear_stress  POC (mg/L)
Date_Time                                    
2023-08-13 18:30:00      0.000000    0.000000
2023-08-13 18:45:00      0.683769    1.000000
2023-08-13 18:58:00      0.914792    0.578174
2023-08-13 19:02:00      0.906002    0.754292
2023-08-13 19:10:00      0.728674    0.613163
2023-08-13 21:02:00      1.000000    0.368236","                     shear_stress  POC (mg/L)
Date_Time                                    
2023-08-13 21:02:00           1.0    0.368236",shear_stress,POC (mg/L),0.5,1970-01-20 13:59:12.058117438,2023-08-13 21:02:00.000000000,"{'t0': Timestamp('1970-01-20 13:59:11.400000'), 't1': Timestamp('1970-01-20 13:59:12.300000'), 'tau0': np.float64(0.0), 'tau1': np.float64(0.6837685403993263), 'c0': np.float64(0.0), 'c1': np.float64(1.0), 'extrapolated': False}",,2023-08-13 21:02:00,st5_down,POC (mg/L)
st5_down,1.0,0.5,0.8371837065375749,0.0,"                     shear_stress  DOC (mg/L)
Date_Time                                    
2023-08-13 18:30:00      0.000000    0.394191
2023-08-13 18:45:00      0.683769    1.000000
2023-08-13 18:58:00      0.914792    0.681683
2023-08-13 19:02:00      0.906002    0.685833
2023-08-13 19:10:00      0.728674    0.742739
2023-08-13 21:02:00      1.000000    0.000000","                     shear_stress  DOC (mg/L)
Date_Time                                    
2023-08-13 21:02:00           1.0         0.0",shear_stress,DOC (mg/L),0.5,1970-01-20 13:59:12.058117438,2023-08-13 21:02:00.000000000,"{'t0': Timestamp('1970-01-20 13:59:11.400000'), 't1': Timestamp('1970-01-20 13:59:12.300000'), 'tau0': np.float64(0.0), 'tau1': np.float64(0.6837685403993263), 'c0': np.float64(0.39419087136929465), 'c1': np.float64(1.0), 'extrapolated': False}",,2023-08-13 21:02:00,st5_down,DOC (mg/L)
st5_up,0.5543190632132341,0.5,0.5567928961078857,0.24815197953357893,"                     shear_stress  SSC (mg/L)
Date_Time                                    
2023-08-13 17:30:00      0.000000    0.025299
2023-08-13 19:00:00      0.916944    1.000000
2023-08-13 19:15:00      0.632749    0.544113
2023-08-13 19:30:00      0.426029    0.406041
2023-08-13 19:45:00      0.501873    0.365247
2023-08-13 20:00:00      0.662826    0.315388
2023-08-13 20:15:00      0.790691    0.315388
2023-08-13 20:30:00      0.843632    0.305028
2023-08-13 20:45:00      1.000000    0.177596","                     shear_stress  SSC (mg/L)
Date_Time                                    
2023-08-13 20:45:00      1.000000    0.177596
2023-08-13 21:00:00      0.980144    0.259183
2023-08-13 21:15:00      0.824536    0.000000
2023-08-13 21:30:00      0.630798    0.177596
2023-08-13 21:45:00      0.678763    0.242866",shear_stress,SSC (mg/L),0.5,1970-01-20 13:59:10.744562703,1970-01-20 13:59:23.172890038,"{'t0': Timestamp('1970-01-20 13:59:07.800000'), 't1': Timestamp('1970-01-20 13:59:13.200000'), 'tau0': np.float64(0.0), 'tau1': np.float64(0.9169443045511984), 'c0': np.float64(0.025298522612847082), 'c1': np.float64(1.0), 'extrapolated': False}","{'t0': Timestamp('1970-01-20 13:59:20.400000'), 't1': Timestamp('1970-01-20 13:59:23.100000'), 'tau0': np.float64(0.9801440270730395), 'tau1': np.float64(0.6787630122032957), 'c0': np.float64(0.25918336380963225), 'c1': np.float64(0.24286581675698096), 'extrapolated': True}",2023-08-13 20:45:00,st5_up,SSC (mg/L)
st5_up,-0.877272861152939,0.5,0.04709920517099217,0.38377172004055154,"                     shear_stress  PP (mg/L)
Date_Time                                   
2023-08-13 17:30:00      0.000000   0.000000
2023-08-13 19:00:00      0.916944   0.086375
2023-08-13 19:15:00      0.632749   1.000000
2023-08-13 19:30:00      0.426029   0.705596
2023-08-13 19:45:00      0.501873   0.704380
2023-08-13 20:00:00      0.662826   0.709246
2023-08-13 20:15:00      0.790691   0.570560
2023-08-13 20:30:00      0.843632   0.215328
2023-08-13 20:45:00      1.000000   0.386861","                     shear_stress  PP (mg/L)
Date_Time                                   
2023-08-13 20:45:00      1.000000   0.386861
2023-08-13 21:00:00      0.980144   0.585158
2023-08-13 21:15:00      0.824536   0.228710
2023-08-13 21:30:00      0.630798   0.782238
2023-08-13 21:45:00      0.678763   0.413625",shear_stress,PP (mg/L),0.5,1970-01-20 13:59:10.744562703,1970-01-20 13:59:23.172890038,"{'t0': Timestamp('1970-01-20 13:59:07.800000'), 't1': Timestamp('1970-01-20 13:59:13.200000'), 'tau0': np.float64(0.0), 'tau1': np.float64(0.9169443045511984), 'c0': np.float64(0.0), 'c1': np.float64(0.08637469586374696), 'extrapolated': False}","{'t0': Timestamp('1970-01-20 13:59:20.400000'), 't1': Timestamp('1970-01-20 13:59:23.100000'), 'tau0': np.float64(0.9801440270730395), 'tau1': np.float64(0.6787630122032957), 'c0': np.float64(0.5851581508515815), 'c1': np.float64(0.4136253041362531), 'extrapolated': True}",2023-08-13 20:45:00,st5_up,PP (mg/L)
st5_up,0.29324836279684685,0.5,0.5452893894444444,0.38538416873936887,"                     shear_stress  POC (mg/L)
Date_Time                                    
2023-08-13 17:30:00      0.000000    0.000000
2023-08-13 19:00:00      0.916944    1.000000
2023-08-13 19:15:00      0.632749    0.913303
2023-08-13 19:30:00      0.426029    0.858614
2023-08-13 19:45:00      0.501873    0.722350
2023-08-13 20:15:00      0.790691    0.927935
2023-08-13 20:45:00      1.000000    0.921168","                     shear_stress  POC (mg/L)
Date_Time                                    
2023-08-13 20:45:00      1.000000    0.921168
2023-08-13 21:45:00      0.678763    0.576941",shear_stress,POC (mg/L),0.5,1970-01-20 13:59:10.744562703,1970-01-20 13:59:25.103339802,"{'t0': Timestamp('1970-01-20 13:59:07.800000'), 't1': Timestamp('1970-01-20 13:59:13.200000'), 'tau0': np.float64(0.0), 'tau1': np.float64(0.9169443045511984), 'c0': np.float64(0.0), 'c1': np.float64(1.0), 'extrapolated': False}","{'t0': Timestamp('1970-01-20 13:59:19.500000'), 't1': Timestamp('1970-01-20 13:59:23.100000'), 'tau0': np.float64(1.0), 'tau1': np.float64(0.6787630122032957), 'c0': np.float64(0.9211679603981078), 'c1': np.float64(0.5769408176353209), 'extrapolated': True}",2023-08-13 20:45:00,st5_up,POC (mg/L)
st5_up,1.0004694412552946,0.5,0.6046874187823162,-0.0002838652209340622,"                     shear_stress  DOC (mg/L)
Date_Time                                    
2023-08-13 17:30:00      0.000000    0.130628
2023-08-13 19:00:00      0.916944    1.000000
2023-08-13 19:15:00      0.632749    0.120922
2023-08-13 19:30:00      0.426029    0.095578
2023-08-13 19:45:00      0.501873    0.087085
2023-08-13 20:00:00      0.662826    0.114586
2023-08-13 20:15:00      0.790691    0.087490
2023-08-13 20:30:00      0.843632    0.108385
2023-08-13 20:45:00      1.000000    0.058641","                     shear_stress  DOC (mg/L)
Date_Time                                    
2023-08-13 20:45:00      1.000000    0.058641
2023-08-13 21:00:00      0.980144    0.008897
2023-08-13 21:15:00      0.824536    0.003101
2023-08-13 21:30:00      0.630798    0.003505
2023-08-13 21:45:00      0.678763    0.000000",shear_stress,DOC (mg/L),0.5,1970-01-20 13:59:10.744562703,1970-01-20 13:59:23.172890038,"{'t0': Timestamp('1970-01-20 13:59:07.800000'), 't1': Timestamp('1970-01-20 13:59:13.200000'), 'tau0': np.float64(0.0), 'tau1': np.float64(0.9169443045511984), 'c0': np.float64(0.13062820167160957), 'c1': np.float64(1.0), 'extrapolated': False}","{'t0': Timestamp('1970-01-20 13:59:20.400000'), 't1': Timestamp('1970-01-20 13:59:23.100000'), 'tau0': np.float64(0.9801440270730395), 'tau1': np.float64(0.6787630122032957), 'c0': np.float64(0.008897276894041498), 'c1': np.float64(0.0), 'extrapolated': True}",2023-08-13 20:45:00,st5_up,DOC (mg/L)
st6_up,0.49497785634638836,0.5,0.5,0.2525110718268058,"                     shear_stress  SSC (mg/L)
Date_Time                                    
2023-08-28 12:00:00           0.0         0.0
2023-08-28 12:20:00           1.0         1.0","                     shear_stress  SSC (mg/L)
Date_Time                                    
2023-08-28 12:20:00      1.000000    1.000000
2023-08-28 12:35:00      0.746697    0.517860
2023-08-28 12:50:00      0.676513    0.421141
2023-08-28 13:05:00      0.688847    0.322173
2023-08-28 13:20:00      0.771232    0.331959
2023-08-28 14:05:00      0.735991    0.294607
2023-08-28 14:35:00      0.697661    0.255338
2023-08-28 15:20:00      0.283579    0.249416",shear_stress,SSC (mg/L),0.5,1970-01-20 14:20:24.600000000,1970-01-20 14:20:34.588839048,"{'t0': Timestamp('1970-01-20 14:20:24'), 't1': Timestamp('1970-01-20 14:20:25.200000'), 'tau0': np.float64(0.0), 'tau1': np.float64(1.0), 'c0': np.float64(0.0), 'c1': np.float64(1.0), 'extrapolated': False}","{'t0': Timestamp('1970-01-20 14:20:33.300000'), 't1': Timestamp('1970-01-20 14:20:36'), 'tau0': np.float64(0.6976614304213495), 'tau1': np.float64(0.2835788010160434), 'c0': np.float64(0.25533771598857813), 'c1': np.float64(0.24941615483737903), 'extrapolated': False}",2023-08-28 12:20:00,st6_up,SSC (mg/L)
st6_up,-0.7909442527797442,0.5,0.1655386350817823,0.7918396756984396,"                     shear_stress  PP (mg/L)
Date_Time                                   
2023-08-28 12:00:00           0.0   0.000000
2023-08-28 12:20:00           1.0   0.331077","                     shear_stress  PP (mg/L)
Date_Time                                   
2023-08-28 12:20:00      1.000000   0.331077
2023-08-28 12:35:00      0.746697   0.684715
2023-08-28 12:50:00      0.676513   0.133672
2023-08-28 13:05:00      0.688847   0.551043
2023-08-28 13:20:00      0.771232   1.000000
2023-08-28 14:35:00      0.697661   0.389171",shear_stress,PP (mg/L),0.5,1970-01-20 14:20:24.600000000,1970-01-20 14:20:28.382711772,"{'t0': Timestamp('1970-01-20 14:20:24'), 't1': Timestamp('1970-01-20 14:20:25.200000'), 'tau0': np.float64(0.0), 'tau1': np.float64(1.0), 'c0': np.float64(0.0), 'c1': np.float64(0.3310772701635646), 'extrapolated': False}","{'t0': Timestamp('1970-01-20 14:20:27.900000'), 't1': Timestamp('1970-01-20 14:20:28.800000'), 'tau0': np.float64(0.6888471324423094), 'tau1': np.float64(0.7712323423404185), 'c0': np.float64(0.551043429216018), 'c1': np.float64(1.0), 'extrapolated': False}",2023-08-28 12:20:00,st6_up,PP (mg/L)
st6_up,0.20911471059883402,0.5,0.5,0.395442644700583,"                     shear_stress  POC (mg/L)
Date_Time                                    
2023-08-28 12:00:00           0.0         0.0
2023-08-28 12:20:00           1.0         1.0","                     shear_stress  POC (mg/L)
Date_Time                                    
2023-08-28 12:20:00      1.000000    1.000000
2023-08-28 12:35:00      0.746697    0.491335
2023-08-28 12:50:00      0.676513    0.443800
2023-08-28 13:05:00      0.688847    0.362401
2023-08-28 13:20:00      0.771232    0.424006
2023-08-28 14:05:00      0.735991    0.350238",shear_stress,POC (mg/L),0.5,1970-01-20 14:20:24.600000000,1970-01-20 14:20:28.382711772,"{'t0': Timestamp('1970-01-20 14:20:24'), 't1': Timestamp('1970-01-20 14:20:25.200000'), 'tau0': np.float64(0.0), 'tau1': np.float64(1.0), 'c0': np.float64(0.0), 'c1': np.float64(1.0), 'extrapolated': False}","{'t0': Timestamp('1970-01-20 14:20:27.900000'), 't1': Timestamp('1970-01-20 14:20:28.800000'), 'tau0': np.float64(0.6888471324423094), 'tau1': np.float64(0.7712323423404185), 'c0': np.float64(0.36240063593004773), 'c1': np.float64(0.424006359300477), 'extrapolated': False}",2023-08-28 12:20:00,st6_up,POC (mg/L)
st6_up,-0.6224740850011388,0.5,0.3140050697084918,0.831744410736516,"                     shear_stress  DOC (mg/L)
Date_Time                                    
2023-08-28 12:00:00           0.0     0.00000
2023-08-28 12:20:00           1.0     0.62801","                     shear_stress  DOC (mg/L)
Date_Time                                    
2023-08-28 12:20:00      1.000000    0.628010
2023-08-28 12:35:00      0.746697    0.691698
2023-08-28 12:50:00      0.676513    0.701521
2023-08-28 13:05:00      0.688847    0.658112
2023-08-28 13:20:00      0.771232    0.666667
2023-08-28 14:05:00      0.735991    0.660330
2023-08-28 14:35:00      0.697661    0.678074
2023-08-28 15:20:00      0.283579    1.000000",shear_stress,DOC (mg/L),0.5,1970-01-20 14:20:24.600000000,1970-01-20 14:20:34.588839048,"{'t0': Timestamp('1970-01-20 14:20:24'), 't1': Timestamp('1970-01-20 14:20:25.200000'), 'tau0': np.float64(0.0), 'tau1': np.float64(1.0), 'c0': np.float64(0.0), 'c1': np.float64(0.6280101394169836), 'extrapolated': False}","{'t0': Timestamp('1970-01-20 14:20:33.300000'), 't1': Timestamp('1970-01-20 14:20:36'), 'tau0': np.float64(0.6976614304213495), 'tau1': np.float64(0.2835788010160434), 'c0': np.float64(0.6780735107731305), 'c1': np.float64(1.0), 'extrapolated': False}",2023-08-28 12:20:00,st6_up,DOC (mg/L)
st7_down,-1.0305451801637668,0.5,-0.023162120512820513,0.7582905187868486,"                     shear_stress  SSC (mg/L)
Date_Time                                    
2023-09-14 17:00:00      0.511319         0.0
2023-09-14 17:52:00      1.000000         1.0","                     shear_stress  SSC (mg/L)
Date_Time                                    
2023-09-14 17:52:00      1.000000    1.000000
2023-09-14 18:07:00      0.835762    0.811027
2023-09-14 18:22:00      0.148681    0.703111
2023-09-14 18:37:00      0.000000    0.563539
2023-09-14 18:52:00      0.064333    0.487984
2023-09-14 19:09:00      0.150918    0.549113",shear_stress,SSC (mg/L),0.5,1970-01-20 14:45:10.727734184,1970-01-20 14:45:15.259811034,"{'t0': Timestamp('1970-01-20 14:45:10.800000'), 't1': Timestamp('1970-01-20 14:45:13.920000'), 'tau0': np.float64(0.5113188907405065), 'tau1': np.float64(1.0), 'c0': np.float64(0.0), 'c1': np.float64(1.0), 'extrapolated': True}","{'t0': Timestamp('1970-01-20 14:45:14.820000'), 't1': Timestamp('1970-01-20 14:45:15.720000'), 'tau0': np.float64(0.8357616434988431), 'tau1': np.float64(0.1486813857112077), 'c0': np.float64(0.8110268591734621), 'c1': np.float64(0.7031107254732963), 'extrapolated': False}",2023-09-14 17:52:00,st7_down,SSC (mg/L)
st7_down,-1.0275595596925875,0.5,-0.023162120512820513,0.8404386997173343,"                     shear_stress  POC (mg/L)
Date_Time                                    
2023-09-14 17:00:00      0.511319         0.0
2023-09-14 17:52:00      1.000000         1.0","                     shear_stress  POC (mg/L)
Date_Time                                    
2023-09-14 17:52:00      1.000000    1.000000
2023-09-14 18:07:00      0.835762    0.861749
2023-09-14 18:22:00      0.148681    0.818141
2023-09-14 18:37:00      0.000000    0.765964
2023-09-14 19:09:00      0.150918    0.700075",shear_stress,POC (mg/L),0.5,1970-01-20 14:45:10.727734184,1970-01-20 14:45:15.259811034,"{'t0': Timestamp('1970-01-20 14:45:10.800000'), 't1': Timestamp('1970-01-20 14:45:13.920000'), 'tau0': np.float64(0.5113188907405065), 'tau1': np.float64(1.0), 'c0': np.float64(0.0), 'c1': np.float64(1.0), 'extrapolated': True}","{'t0': Timestamp('1970-01-20 14:45:14.820000'), 't1': Timestamp('1970-01-20 14:45:15.720000'), 'tau0': np.float64(0.8357616434988431), 'tau1': np.float64(0.1486813857112077), 'c0': np.float64(0.8617490503770785), 'c1': np.float64(0.8181409684712257), 'extrapolated': False}",2023-09-14 17:52:00,st7_down,POC (mg/L)
st7_down,-1.0273129897882298,0.5,-0.023162120512820513,0.8480258182061767,"                     shear_stress  DOC (mg/L)
Date_Time                                    
2023-09-14 17:00:00      0.511319         0.0
2023-09-14 17:52:00      1.000000         1.0","                     shear_stress  DOC (mg/L)
Date_Time                                    
2023-09-14 17:52:00      1.000000    1.000000
2023-09-14 18:07:00      0.835762    0.874518
2023-09-14 18:22:00      0.148681    0.820306
2023-09-14 18:37:00      0.000000    0.709078
2023-09-14 18:52:00      0.064333    0.506484",shear_stress,DOC (mg/L),0.5,1970-01-20 14:45:10.727734184,1970-01-20 14:45:15.259811034,"{'t0': Timestamp('1970-01-20 14:45:10.800000'), 't1': Timestamp('1970-01-20 14:45:13.920000'), 'tau0': np.float64(0.5113188907405065), 'tau1': np.float64(1.0), 'c0': np.float64(0.0), 'c1': np.float64(1.0), 'extrapolated': True}","{'t0': Timestamp('1970-01-20 14:45:14.820000'), 't1': Timestamp('1970-01-20 14:45:15.720000'), 'tau0': np.float64(0.8357616434988431), 'tau1': np.float64(0.1486813857112077), 'c0': np.float64(0.8745180511742026), 'c1': np.float64(0.8203061105269307), 'extrapolated': False}",2023-09-14 17:52:00,st7_down,DOC (mg/L)
st7_up,-0.5770846244365774,0.5,0.4011978033333333,0.9486479483013442,"                     shear_stress  SSC (mg/L)
Date_Time                                    
2023-09-14 17:00:00      0.437840    0.000000
2023-09-14 17:45:00      0.592776    1.000000
2023-09-14 18:00:00      1.000000    0.977004","                     shear_stress  SSC (mg/L)
Date_Time                                    
2023-09-14 18:00:00      1.000000    0.977004
2023-09-14 18:15:00      0.286157    0.936521
2023-09-14 18:45:00      0.093179    0.589923
2023-09-14 19:15:00      0.201984    0.494196
2023-09-14 20:00:00      0.000000    0.533807",shear_stress,SSC (mg/L),0.5,1970-01-20 14:45:11.883234069,1970-01-20 14:45:15.030390862,"{'t0': Timestamp('1970-01-20 14:45:10.800000'), 't1': Timestamp('1970-01-20 14:45:13.500000'), 'tau0': np.float64(0.437840103587934), 'tau1': np.float64(0.5927758880435251), 'c0': np.float64(0.0), 'c1': np.float64(1.0), 'extrapolated': False}","{'t0': Timestamp('1970-01-20 14:45:14.400000'), 't1': Timestamp('1970-01-20 14:45:15.300000'), 'tau0': np.float64(1.0), 'tau1': np.float64(0.2861571655752123), 'c0': np.float64(0.9770036905170681), 'c1': np.float64(0.9365206037013973), 'extrapolated': False}",2023-09-14 18:00:00,st7_up,SSC (mg/L)
st7_up,-0.5059102131378783,0.5,0.4011978033333333,0.8119937185532022,"                     shear_stress  POC (mg/L)
Date_Time                                    
2023-09-14 17:00:00      0.437840    0.000000
2023-09-14 17:45:00      0.592776    1.000000
2023-09-14 18:00:00      1.000000    0.813242","                     shear_stress  POC (mg/L)
Date_Time                                    
2023-09-14 18:00:00      1.000000    0.813242
2023-09-14 18:15:00      0.286157    0.811460
2023-09-14 18:45:00      0.093179    0.570041
2023-09-14 20:00:00      0.000000    0.922366",shear_stress,POC (mg/L),0.5,1970-01-20 14:45:11.883234069,1970-01-20 14:45:15.030390862,"{'t0': Timestamp('1970-01-20 14:45:10.800000'), 't1': Timestamp('1970-01-20 14:45:13.500000'), 'tau0': np.float64(0.437840103587934), 'tau1': np.float64(0.5927758880435251), 'c0': np.float64(0.0), 'c1': np.float64(1.0), 'extrapolated': False}","{'t0': Timestamp('1970-01-20 14:45:14.400000'), 't1': Timestamp('1970-01-20 14:45:15.300000'), 'tau0': np.float64(1.0), 'tau1': np.float64(0.2861571655752123), 'c0': np.float64(0.8132421853586845), 'c1': np.float64(0.811459767191376), 'extrapolated': False}",2023-09-14 18:00:00,st7_up,POC (mg/L)
st7_up,0.3844030351795866,0.5,0.4783438876023358,0.2944670453483949,"                     shear_stress  DOC (mg/L)
Date_Time                                    
2023-09-14 17:00:00      0.437840    0.128834
2023-09-14 17:45:00      0.592776    1.000000
2023-09-14 18:00:00      1.000000    0.361976","                     shear_stress  DOC (mg/L)
Date_Time                                    
2023-09-14 18:00:00      1.000000    0.361976
2023-09-14 18:15:00      0.286157    0.265594
2023-09-14 18:45:00      0.093179    0.085353
2023-09-14 20:00:00      0.000000    0.000000",shear_stress,DOC (mg/L),0.5,1970-01-20 14:45:11.883234069,1970-01-20 14:45:15.030390862,"{'t0': Timestamp('1970-01-20 14:45:10.800000'), 't1': Timestamp('1970-01-20 14:45:13.500000'), 'tau0': np.float64(0.437840103587934), 'tau1': np.float64(0.5927758880435251), 'c0': np.float64(0.12883400344629523), 'c1': np.float64(1.0), 'extrapolated': False}","{'t0': Timestamp('1970-01-20 14:45:14.400000'), 't1': Timestamp('1970-01-20 14:45:15.300000'), 'tau0': np.float64(1.0), 'tau1': np.float64(0.2861571655752123), 'c0': np.float64(0.3619758759333716), 'c1': np.float64(0.2655944859276278), 'extrapolated': False}",2023-09-14 18:00:00,st7_up,DOC (mg/L)
